{"features":[{"geometry":{"coordinates":[76.9919940397572,10.3403230854333],"type":"Point"},"id":"roadkill-2011-2","properties":{"count":1,"date":"2011-06-15","habitat":"eucalyptus","recorded_name":"Lepidoptera","route":"Balaji Temple","source_row":2,"taxon_group":"insecta"},"type":"Feature"},{"geometry":{"coordinates":[76.9919841703248,10.3402056363342],"type":"Point"},"id":"roadkill-2011-3","properties":{"count":1,"date":"2011-06-15","habitat":"eucalyptus","recorded_name":"Anura","route":"Balaji Temple","source_row":3,"taxon_group":"amphibia"},"type":"Feature"},{"geometry":{"coordinates":[76.9937805008359,10.3398781540964],"type":"Point"},"id":"roadkill-2011-4","properties":{"count":1,"date":"2011-06-15","habitat":"tea","recorded_name":"Annelida","route":"Balaji Temple","source_row":4,"taxon_group":"annelida"},"type":"Feature"},{"geometry":{"coordinates":[76.9952141924242,10.338504358014],"type":"Point"},"id":"roadkill-2011-5","properties":{"count":1,"date":"2011-06-15","habitat":"tea","recorded_name":"Anura","route":"Balaji Temple","source_row":5,"taxon_group":"amphibia"},"type":"Feature"},{"geometry":{"coordinates":[76.9964397143877,10.3475269444196],"type":"Point"},"id":"roadkill-2011-6","properties":{"count":1,"date":"2011-06-15","habitat":"tea","recorded_name":"Anura","route":"Balaji Temple","source_row":6,"taxon_group":"amphibia"},"type":"Feature"},{"geometry":{"coordinates":[76.9952323888806,10.3341563784947],"type":"Point"},"id":"roadkill-2011-7","properties":{"count":1,"date":"2011-06-15","habitat":"tea","recorded_name":"Anura","route":"Balaji Temple","source_row":7,"taxon_group":"amphibia"},"type":"Feature"},{"geometry":{"coordinates":[76.9939588575482,10.3363155939422],"type":"Point"},"id":"roadkill-2011-8","properties":{"count":1,"date":"2011-06-15","habitat":"tea","recorded_name":"Squamata","route":"Balaji Temple","source_row":8,"taxon_group":"reptilia"},"type":"Feature"},{"geometry":{"coordinates":[76.9948578310354,10.3673326302655],"type":"Point"},"id":"roadkill-2011-9","properties":{"count":1,"date":"2011-06-15","habitat":"forest_tea","recorded_name":"Annelida","route":"Balaji Temple","source_row":9,"taxon_group":"annelida"},"type":"Feature"},{"geometry":{"coordinates":[76.9947051574072,10.3648477943316],"type":"Point"},"id":"roadkill-2011-10","properties":{"count":1,"date":"2011-06-15","habitat":"forest_tea","recorded_name":"Annelida","route":"Balaji Temple","source_row":10,"taxon_group":"annelida"},"type":"Feature"},{"geometry":{"coordinates":[76.997456994022,10.3596874049828],"type":"Point"},"id":"roadkill-2011-11","properties":{"count":1,"date":"2011-06-15","habitat":"forest_tea","recorded_name":"Annelida","route":"Balaji Temple","source_row":11,"taxon_group":"annelida"},"type":"Feature"},{"geometry":{"coordinates":[76.9984547444449,10.3572225461533],"type":"Point"},"id":"roadkill-2011-12","properties":{"count":1,"date":"2011-06-15","habitat":"forest_tea","recorded_name":"Annelida","route":"Balaji Temple","source_row":12,"taxon_group":"annelida"},"type":"Feature"},{"geometry":{"coordinates":[76.9989429220927,10.3550229890351],"type":"Point"},"id":"roadkill-2011-13","properties":{"count":1,"date":"2011-06-15","habitat":"forest_tea","recorded_name":"Annelida","route":"Balaji Temple","source_row":13,"taxon_group":"annelida"},"type":"Feature"},{"geometry":{"coordinates":[76.9947681469497,10.3647027761267],"type":"Point"},"id":"roadkill-2011-14","properties":{"count":1,"date":"2011-06-15","habitat":"forest_tea","recorded_name":"Anura","route":"Balaji Temple","source_row":14,"taxon_group":"amphibia"},"type":"Feature"},{"geometry":{"coordinates":[76.9981418712114,10.3582730364402],"type":"Point"},"id":"roadkill-2011-15","properties":{"count":1,"date":"2011-06-15","habitat":"forest_tea","recorded_name":"Anura","route":"Balaji Temple","source_row":15,"taxon_group":"amphibia"},"type":"Feature"},{"geometry":{"coordinates":[76.9981418712114,10.3582730364402],"type":"Point"},"id":"roadkill-2011-16","properties":{"count":1,"date":"2011-06-15","habitat":"forest_tea","recorded_name":"Anura","route":"Balaji Temple","source_row":16,"taxon_group":"amphibia"},"type":"Feature"},{"geometry":{"coordinates":[76.9974695013044,10.3602206401779],"type":"Point"},"id":"roadkill-2011-17","properties":{"count":1,"date":"2011-06-15","habitat":"forest_tea","recorded_name":"Anura","route":"Balaji Temple","source_row":17,"taxon_group":"amphibia"},"type":"Feature"},{"geometry":{"coordinates":[76.9978091922276,10.3590795913548],"type":"Point"},"id":"roadkill-2011-18","properties":{"count":1,"date":"2011-06-15","habitat":"forest_tea","recorded_name":"Hystrix indica","route":"Balaji Temple","source_row":18,"taxon_group":"mammalia"},"type":"Feature"},{"geometry":{"coordinates":[76.9950759926477,10.3657403752753],"type":"Point"},"id":"roadkill-2011-19","properties":{"count":1,"date":"2011-06-15","habitat":"forest_tea","recorded_name":"Gastropoda","route":"Balaji Temple","source_row":19,"taxon_group":"mollusca"},"type":"Feature"},{"geometry":{"coordinates":[76.996458143372,10.3475539478035],"type":"Point"},"id":"roadkill-2011-20","properties":{"count":1,"date":"2011-06-22","habitat":"tea","recorded_name":"Squamata","route":"Balaji Temple","source_row":20,"taxon_group":"reptilia"},"type":"Feature"},{"geometry":{"coordinates":[76.995186461772,10.3341114665705],"type":"Point"},"id":"roadkill-2011-21","properties":{"count":1,"date":"2011-06-22","habitat":"tea","recorded_name":"Anura","route":"Balaji Temple","source_row":21,"taxon_group":"amphibia"},"type":"Feature"},{"geometry":{"coordinates":[76.9948103278223,10.3655973964377],"type":"Point"},"id":"roadkill-2011-22","properties":{"count":1,"date":"2011-06-22","habitat":"forest_tea","recorded_name":"Diplopoda","route":"Balaji Temple","source_row":22,"taxon_group":"diplopoda"},"type":"Feature"},{"geometry":{"coordinates":[76.9981056413181,10.3583184574575],"type":"Point"},"id":"roadkill-2011-23","properties":{"count":1,"date":"2011-06-22","habitat":"forest_tea","recorded_name":"Diplopoda","route":"Balaji Temple","source_row":23,"taxon_group":"diplopoda"},"type":"Feature"},{"geometry":{"coordinates":[76.9989732299308,10.355483799745],"type":"Point"},"id":"roadkill-2011-24","properties":{"count":1,"date":"2011-06-22","habitat":"forest_tea","recorded_name":"Diplopoda","route":"Balaji Temple","source_row":24,"taxon_group":"diplopoda"},"type":"Feature"},{"geometry":{"coordinates":[76.9954219057167,10.3641382883901],"type":"Point"},"id":"roadkill-2011-25","properties":{"count":1,"date":"2011-06-22","habitat":"forest_tea","recorded_name":"Uropeltidae","route":"Balaji Temple","source_row":25,"taxon_group":"reptilia"},"type":"Feature"},{"geometry":{"coordinates":[76.9973754619011,10.3597873424848],"type":"Point"},"id":"roadkill-2011-26","properties":{"count":1,"date":"2011-06-22","habitat":"forest_tea","recorded_name":"Squamata","route":"Balaji Temple","source_row":26,"taxon_group":"reptilia"},"type":"Feature"},{"geometry":{"coordinates":[76.9925118462799,10.342814713168],"type":"Point"},"id":"roadkill-2011-27","properties":{"count":1,"date":"2011-06-23","habitat":"eucalyptus","recorded_name":"Anura","route":"Balaji Temple","source_row":27,"taxon_group":"amphibia"},"type":"Feature"},{"geometry":{"coordinates":[76.9921716352027,10.3424281299086],"type":"Point"},"id":"roadkill-2011-28","properties":{"count":1,"date":"2011-06-23","habitat":"eucalyptus","recorded_name":"Anura","route":"Balaji Temple","source_row":28,"taxon_group":"amphibia"},"type":"Feature"},{"geometry":{"coordinates":[76.9920889829749,10.3394547315874],"type":"Point"},"id":"roadkill-2011-29","properties":{"count":1,"date":"2011-06-23","habitat":"eucalyptus","recorded_name":"Gymnophiona","route":"Balaji Temple","source_row":29,"taxon_group":"amphibia"},"type":"Feature"},{"geometry":{"coordinates":[76.9919944956782,10.3403953965272],"type":"Point"},"id":"roadkill-2011-30","properties":{"count":1,"date":"2011-06-23","habitat":"eucalyptus","recorded_name":"Anura","route":"Balaji Temple","source_row":30,"taxon_group":"amphibia"},"type":"Feature"},{"geometry":{"coordinates":[76.9987151489714,10.3522132133214],"type":"Point"},"id":"roadkill-2011-31","properties":{"count":1,"date":"2011-06-23","habitat":"eucalyptus_tea","recorded_name":"Anura","route":"Balaji Temple","source_row":31,"taxon_group":"amphibia"},"type":"Feature"},{"geometry":{"coordinates":[76.9982846325523,10.3505436340791],"type":"Point"},"id":"roadkill-2011-32","properties":{"count":1,"date":"2011-06-23","habitat":"tea","recorded_name":"Anura","route":"Balaji Temple","source_row":32,"taxon_group":"amphibia"},"type":"Feature"},{"geometry":{"coordinates":[76.9979980340255,10.3499759430986],"type":"Point"},"id":"roadkill-2011-33","properties":{"count":1,"date":"2011-06-23","habitat":"tea","recorded_name":"Anura","route":"Balaji Temple","source_row":33,"taxon_group":"amphibia"},"type":"Feature"},{"geometry":{"coordinates":[76.9944669193275,10.3444929506578],"type":"Point"},"id":"roadkill-2011-34","properties":{"count":1,"date":"2011-06-23","habitat":"tea","recorded_name":"Anura","route":"Balaji Temple","source_row":34,"taxon_group":"amphibia"},"type":"Feature"},{"geometry":{"coordinates":[76.997961544989,10.3514224420331],"type":"Point"},"id":"roadkill-2011-35","properties":{"count":1,"date":"2011-06-23","habitat":"tea","recorded_name":"Gastropoda","route":"Balaji Temple","source_row":35,"taxon_group":"mollusca"},"type":"Feature"},{"geometry":{"coordinates":[76.9950303098792,10.3382975941555],"type":"Point"},"id":"roadkill-2011-36","properties":{"count":1,"date":"2011-06-23","habitat":"tea","recorded_name":"Anura","route":"Balaji Temple","source_row":36,"taxon_group":"amphibia"},"type":"Feature"},{"geometry":{"coordinates":[76.9973346390515,10.331684695964],"type":"Point"},"id":"roadkill-2011-37","properties":{"count":1,"date":"2011-06-23","habitat":"tea","recorded_name":"Gastropoda","route":"Balaji Temple","source_row":37,"taxon_group":"mollusca"},"type":"Feature"},{"geometry":{"coordinates":[76.9989948322384,10.354570706796],"type":"Point"},"id":"roadkill-2011-38","properties":{"count":1,"date":"2011-06-23","habitat":"forest","recorded_name":"Anura","route":"Balaji Temple","source_row":38,"taxon_group":"amphibia"},"type":"Feature"},{"geometry":{"coordinates":[76.9990038466408,10.3545525724105],"type":"Point"},"id":"roadkill-2011-39","properties":{"count":1,"date":"2011-06-23","habitat":"forest","recorded_name":"Anura","route":"Balaji Temple","source_row":39,"taxon_group":"amphibia"},"type":"Feature"},{"geometry":{"coordinates":[76.9946963141698,10.3648930452612],"type":"Point"},"id":"roadkill-2011-40","properties":{"count":1,"date":"2011-06-23","habitat":"forest_tea","recorded_name":"Annelida","route":"Balaji Temple","source_row":40,"taxon_group":"annelida"},"type":"Feature"},{"geometry":{"coordinates":[76.9962808258483,10.3628132328136],"type":"Point"},"id":"roadkill-2011-41","properties":{"count":1,"date":"2011-06-23","habitat":"forest_tea","recorded_name":"Annelida","route":"Balaji Temple","source_row":41,"taxon_group":"annelida"},"type":"Feature"},{"geometry":{"coordinates":[76.9975339777254,10.3603106317725],"type":"Point"},"id":"roadkill-2011-42","properties":{"count":1,"date":"2011-06-23","habitat":"forest_tea","recorded_name":"Annelida","route":"Balaji Temple","source_row":42,"taxon_group":"annelida"},"type":"Feature"},{"geometry":{"coordinates":[76.9945113167078,10.3673980550487],"type":"Point"},"id":"roadkill-2011-43","properties":{"count":1,"date":"2011-06-23","habitat":"forest_tea","recorded_name":"Anura","route":"Balaji Temple","source_row":43,"taxon_group":"amphibia"},"type":"Feature"},{"geometry":{"coordinates":[76.9952010256833,10.3667429515979],"type":"Point"},"id":"roadkill-2011-44","properties":{"count":1,"date":"2011-06-23","habitat":"forest_tea","recorded_name":"Anura","route":"Balaji Temple","source_row":44,"taxon_group":"amphibia"},"type":"Feature"},{"geometry":{"coordinates":[76.9948679967232,10.3646117644958],"type":"Point"},"id":"roadkill-2011-45","properties":{"count":1,"date":"2011-06-23","habitat":"forest_tea","recorded_name":"Anura","route":"Balaji Temple","source_row":45,"taxon_group":"amphibia"},"type":"Feature"},{"geometry":{"coordinates":[76.9959643371734,10.3632942753703],"type":"Point"},"id":"roadkill-2011-46","properties":{"count":1,"date":"2011-06-23","habitat":"forest_tea","recorded_name":"Anura","route":"Balaji Temple","source_row":46,"taxon_group":"amphibia"},"type":"Feature"},{"geometry":{"coordinates":[76.9989592900524,10.3547245938991],"type":"Point"},"id":"roadkill-2011-47","properties":{"count":1,"date":"2011-06-23","habitat":"forest_tea","recorded_name":"Anura","route":"Balaji Temple","source_row":47,"taxon_group":"amphibia"},"type":"Feature"},{"geometry":{"coordinates":[76.9963167129968,10.3627135787663],"type":"Point"},"id":"roadkill-2011-48","properties":{"count":1,"date":"2011-06-23","habitat":"forest_tea","recorded_name":"Diplopoda","route":"Balaji Temple","source_row":48,"taxon_group":"diplopoda"},"type":"Feature"},{"geometry":{"coordinates":[76.9948679967232,10.3646117644958],"type":"Point"},"id":"roadkill-2011-49","properties":{"count":1,"date":"2011-06-23","habitat":"forest_tea","recorded_name":"Anura","route":"Balaji Temple","source_row":49,"taxon_group":"amphibia"},"type":"Feature"},{"geometry":{"coordinates":[76.9956919486197,10.36353098544],"type":"Point"},"id":"roadkill-2011-50","properties":{"count":1,"date":"2011-06-23","habitat":"forest_tea","recorded_name":"Anura","route":"Balaji Temple","source_row":50,"taxon_group":"amphibia"},"type":"Feature"},{"geometry":{"coordinates":[76.9960189407496,10.3632668188111],"type":"Point"},"id":"roadkill-2011-51","properties":{"count":1,"date":"2011-06-23","habitat":"forest_tea","recorded_name":"Anura","route":"Balaji Temple","source_row":51,"taxon_group":"amphibia"},"type":"Feature"},{"geometry":{"coordinates":[76.9978091922276,10.3590795913548],"type":"Point"},"id":"roadkill-2011-52","properties":{"count":1,"date":"2011-06-23","habitat":"forest_tea","recorded_name":"Anura","route":"Balaji Temple","source_row":52,"taxon_group":"amphibia"},"type":"Feature"},{"geometry":{"coordinates":[76.9954856959538,10.3641198140852],"type":"Point"},"id":"roadkill-2011-53","properties":{"count":1,"date":"2011-06-23","habitat":"forest_tea","recorded_name":"Animalia","route":"Balaji Temple","source_row":53,"taxon_group":"ui"},"type":"Feature"},{"geometry":{"coordinates":[76.9921345117253,10.3394363716712],"type":"Point"},"id":"roadkill-2011-54","properties":{"count":1,"date":"2011-08-11","habitat":"eucalyptus","recorded_name":"Diplopoda","route":"Balaji Temple","source_row":54,"taxon_group":"diplopoda"},"type":"Feature"},{"geometry":{"coordinates":[76.9921626775915,10.3424553030088],"type":"Point"},"id":"roadkill-2011-55","properties":{"count":1,"date":"2011-08-11","habitat":"eucalyptus","recorded_name":"Lepidoptera","route":"Balaji Temple","source_row":55,"taxon_group":"insecta"},"type":"Feature"},{"geometry":{"coordinates":[76.9981656992419,10.3519454485558],"type":"Point"},"id":"roadkill-2011-56","properties":{"count":1,"date":"2011-08-11","habitat":"eucalyptus_tea","recorded_name":"Gastropoda","route":"Balaji Temple","source_row":56,"taxon_group":"mollusca"},"type":"Feature"},{"geometry":{"coordinates":[76.9931760208015,10.3395655202752],"type":"Point"},"id":"roadkill-2011-57","properties":{"count":1,"date":"2011-08-11","habitat":"tea","recorded_name":"Annelida","route":"Balaji Temple","source_row":57,"taxon_group":"annelida"},"type":"Feature"},{"geometry":{"coordinates":[76.9933596181021,10.3397270908685],"type":"Point"},"id":"roadkill-2011-58","properties":{"count":1,"date":"2011-08-11","habitat":"tea","recorded_name":"Gastropoda","route":"Balaji Temple","source_row":58,"taxon_group":"mollusca"},"type":"Feature"},{"geometry":{"coordinates":[76.9951041367941,10.3384236862963],"type":"Point"},"id":"roadkill-2011-59","properties":{"count":1,"date":"2011-08-11","habitat":"tea","recorded_name":"Gastropoda","route":"Balaji Temple","source_row":59,"taxon_group":"mollusca"},"type":"Feature"},{"geometry":{"coordinates":[76.9980066478967,10.3498945368131],"type":"Point"},"id":"roadkill-2011-60","properties":{"count":1,"date":"2011-08-11","habitat":"tea","recorded_name":"Decapoda","route":"Balaji Temple","source_row":60,"taxon_group":"crustacea"},"type":"Feature"},{"geometry":{"coordinates":[76.9980072772751,10.3499939641424],"type":"Point"},"id":"roadkill-2011-61","properties":{"count":1,"date":"2011-08-11","habitat":"tea","recorded_name":"Anura","route":"Balaji Temple","source_row":61,"taxon_group":"amphibia"},"type":"Feature"},{"geometry":{"coordinates":[76.9976179750114,10.3490653417233],"type":"Point"},"id":"roadkill-2011-62","properties":{"count":1,"date":"2011-08-11","habitat":"tea","recorded_name":"Diplopoda","route":"Balaji Temple","source_row":62,"taxon_group":"diplopoda"},"type":"Feature"},{"geometry":{"coordinates":[76.9954042883948,10.3324649796486],"type":"Point"},"id":"roadkill-2011-63","properties":{"count":1,"date":"2011-08-11","habitat":"tea","recorded_name":"Gymnophiona","route":"Balaji Temple","source_row":63,"taxon_group":"amphibia"},"type":"Feature"},{"geometry":{"coordinates":[76.9963107888017,10.3329022909488],"type":"Point"},"id":"roadkill-2011-64","properties":{"count":1,"date":"2011-08-11","habitat":"tea","recorded_name":"Lepidoptera","route":"Balaji Temple","source_row":64,"taxon_group":"insecta"},"type":"Feature"},{"geometry":{"coordinates":[76.9949086214073,10.332034163407],"type":"Point"},"id":"roadkill-2011-65","properties":{"count":1,"date":"2011-08-11","habitat":"tea","recorded_name":"Gastropoda","route":"Balaji Temple","source_row":65,"taxon_group":"mollusca"},"type":"Feature"},{"geometry":{"coordinates":[76.9969701923263,10.3317954235066],"type":"Point"},"id":"roadkill-2011-66","properties":{"count":1,"date":"2011-08-11","habitat":"tea","recorded_name":"Gastropoda","route":"Balaji Temple","source_row":66,"taxon_group":"mollusca"},"type":"Feature"},{"geometry":{"coordinates":[76.999065630193,10.354217738394],"type":"Point"},"id":"roadkill-2011-67","properties":{"count":1,"date":"2011-08-11","habitat":"forest","recorded_name":"Hymenoptera","route":"Balaji Temple","source_row":67,"taxon_group":"insecta"},"type":"Feature"},{"geometry":{"coordinates":[76.9952103266939,10.3667700114968],"type":"Point"},"id":"roadkill-2011-68","properties":{"count":1,"date":"2011-08-11","habitat":"forest_tea","recorded_name":"Gymnophiona","route":"Balaji Temple","source_row":68,"taxon_group":"amphibia"},"type":"Feature"},{"geometry":{"coordinates":[76.9985997206165,10.3570499008742],"type":"Point"},"id":"roadkill-2011-69","properties":{"count":1,"date":"2011-08-11","habitat":"forest_tea","recorded_name":"Lepidoptera","route":"Balaji Temple","source_row":69,"taxon_group":"insecta"},"type":"Feature"},{"geometry":{"coordinates":[76.994894062256,10.3672872093573],"type":"Point"},"id":"roadkill-2011-70","properties":{"count":1,"date":"2011-08-11","habitat":"forest_tea","recorded_name":"Annelida","route":"Balaji Temple","source_row":70,"taxon_group":"annelida"},"type":"Feature"},{"geometry":{"coordinates":[76.9975710095609,10.3603917545928],"type":"Point"},"id":"roadkill-2011-71","properties":{"count":1,"date":"2011-08-11","habitat":"forest_tea","recorded_name":"Annelida","route":"Balaji Temple","source_row":71,"taxon_group":"annelida"},"type":"Feature"},{"geometry":{"coordinates":[76.9946797146101,10.3651552854239],"type":"Point"},"id":"roadkill-2011-72","properties":{"count":1,"date":"2011-08-11","habitat":"forest_tea","recorded_name":"Anura","route":"Balaji Temple","source_row":72,"taxon_group":"amphibia"},"type":"Feature"},{"geometry":{"coordinates":[76.9973304461599,10.3598870532296],"type":"Point"},"id":"roadkill-2011-73","properties":{"count":1,"date":"2011-08-11","habitat":"forest_tea","recorded_name":"Anura","route":"Balaji Temple","source_row":73,"taxon_group":"amphibia"},"type":"Feature"},{"geometry":{"coordinates":[76.9977100320485,10.359279069578],"type":"Point"},"id":"roadkill-2011-74","properties":{"count":1,"date":"2011-08-11","habitat":"forest_tea","recorded_name":"Anura","route":"Balaji Temple","source_row":74,"taxon_group":"amphibia"},"type":"Feature"},{"geometry":{"coordinates":[76.9989851654616,10.3559266461701],"type":"Point"},"id":"roadkill-2011-75","properties":{"count":1,"date":"2011-08-11","habitat":"forest_tea","recorded_name":"Orthoptera","route":"Balaji Temple","source_row":75,"taxon_group":"insecta"},"type":"Feature"},{"geometry":{"coordinates":[76.995107672329,10.3664181194462],"type":"Point"},"id":"roadkill-2011-76","properties":{"count":1,"date":"2011-08-11","habitat":"forest_tea","recorded_name":"Gastropoda","route":"Balaji Temple","source_row":76,"taxon_group":"mollusca"},"type":"Feature"},{"geometry":{"coordinates":[76.9936532144661,10.3399602946661],"type":"Point"},"id":"roadkill-2011-77","properties":{"count":1,"date":"2011-08-23","habitat":"tea","recorded_name":"Diplopoda","route":"Balaji Temple","source_row":77,"taxon_group":"diplopoda"},"type":"Feature"},{"geometry":{"coordinates":[76.9979600883969,10.3497501984949],"type":"Point"},"id":"roadkill-2011-78","properties":{"count":1,"date":"2011-08-23","habitat":"tea","recorded_name":"Gymnophiona","route":"Balaji Temple","source_row":78,"taxon_group":"amphibia"},"type":"Feature"},{"geometry":{"coordinates":[76.9950554460299,10.3466135229583],"type":"Point"},"id":"roadkill-2011-79","properties":{"count":1,"date":"2011-08-23","habitat":"tea","recorded_name":"Anura","route":"Balaji Temple","source_row":79,"taxon_group":"amphibia"},"type":"Feature"},{"geometry":{"coordinates":[76.9963659984845,10.347418930867],"type":"Point"},"id":"roadkill-2011-80","properties":{"count":1,"date":"2011-08-23","habitat":"tea","recorded_name":"Anura","route":"Balaji Temple","source_row":80,"taxon_group":"amphibia"},"type":"Feature"},{"geometry":{"coordinates":[76.9983860226217,10.3506966711416],"type":"Point"},"id":"roadkill-2011-81","properties":{"count":1,"date":"2011-08-23","habitat":"tea","recorded_name":"Anura","route":"Balaji Temple","source_row":81,"taxon_group":"amphibia"},"type":"Feature"},{"geometry":{"coordinates":[76.9980068767609,10.3499306922056],"type":"Point"},"id":"roadkill-2011-82","properties":{"count":1,"date":"2011-08-23","habitat":"tea","recorded_name":"Anura","route":"Balaji Temple","source_row":82,"taxon_group":"amphibia"},"type":"Feature"},{"geometry":{"coordinates":[76.9986090003376,10.3311073307296],"type":"Point"},"id":"roadkill-2011-83","properties":{"count":1,"date":"2011-08-23","habitat":"tea","recorded_name":"Gymnophiona","route":"Balaji Temple","source_row":83,"taxon_group":"amphibia"},"type":"Feature"},{"geometry":{"coordinates":[76.9959739557602,10.3344952790774],"type":"Point"},"id":"roadkill-2011-84","properties":{"count":1,"date":"2011-08-23","habitat":"tea","recorded_name":"Anura","route":"Balaji Temple","source_row":84,"taxon_group":"amphibia"},"type":"Feature"},{"geometry":{"coordinates":[76.9966240589543,10.3319150765194],"type":"Point"},"id":"roadkill-2011-85","properties":{"count":1,"date":"2011-08-23","habitat":"tea","recorded_name":"Gastropoda","route":"Balaji Temple","source_row":85,"taxon_group":"mollusca"},"type":"Feature"},{"geometry":{"coordinates":[76.995386145829,10.3324831703611],"type":"Point"},"id":"roadkill-2011-86","properties":{"count":1,"date":"2011-08-23","habitat":"tea","recorded_name":"Anura","route":"Balaji Temple","source_row":86,"taxon_group":"amphibia"},"type":"Feature"},{"geometry":{"coordinates":[76.9948770115623,10.3645936301386],"type":"Point"},"id":"roadkill-2011-87","properties":{"count":1,"date":"2011-08-23","habitat":"forest_tea","recorded_name":"Uropeltidae","route":"Balaji Temple","source_row":87,"taxon_group":"reptilia"},"type":"Feature"},{"geometry":{"coordinates":[76.9950986002462,10.3664272149602],"type":"Point"},"id":"roadkill-2011-88","properties":{"count":1,"date":"2011-08-23","habitat":"forest_tea","recorded_name":"Gastropoda","route":"Balaji Temple","source_row":88,"taxon_group":"mollusca"},"type":"Feature"},{"geometry":{"coordinates":[76.994894062256,10.3672872093573],"type":"Point"},"id":"roadkill-2011-89","properties":{"count":1,"date":"2011-08-23","habitat":"forest_tea","recorded_name":"Gastropoda","route":"Balaji Temple","source_row":89,"taxon_group":"mollusca"},"type":"Feature"},{"geometry":{"coordinates":[76.994707846136,10.365272620654],"type":"Point"},"id":"roadkill-2011-90","properties":{"count":1,"date":"2011-08-23","habitat":"forest_tea","recorded_name":"Anura","route":"Balaji Temple","source_row":90,"taxon_group":"amphibia"},"type":"Feature"},{"geometry":{"coordinates":[76.9950579324433,10.3672138786372],"type":"Point"},"id":"roadkill-2011-91","properties":{"count":1,"date":"2011-08-23","habitat":"forest_tea","recorded_name":"Anura","route":"Balaji Temple","source_row":91,"taxon_group":"amphibia"},"type":"Feature"},{"geometry":{"coordinates":[76.9990572119733,10.3528890288755],"type":"Point"},"id":"roadkill-2011-92","properties":{"count":1,"date":"2011-08-23","habitat":"tea","recorded_name":"Anura","route":"Balaji Temple","source_row":92,"taxon_group":"amphibia"},"type":"Feature"},{"geometry":{"coordinates":[76.991916726745,10.3410918986863],"type":"Point"},"id":"roadkill-2011-93","properties":{"count":1,"date":"2011-08-31","habitat":"eucalyptus","recorded_name":"Anura","route":"Balaji Temple","source_row":93,"taxon_group":"amphibia"},"type":"Feature"},{"geometry":{"coordinates":[76.9920570185017,10.3416243464423],"type":"Point"},"id":"roadkill-2011-94","properties":{"count":1,"date":"2011-08-31","habitat":"eucalyptus","recorded_name":"Anura","route":"Balaji Temple","source_row":94,"taxon_group":"amphibia"},"type":"Feature"},{"geometry":{"coordinates":[76.9927054295469,10.3431118105754],"type":"Point"},"id":"roadkill-2011-95","properties":{"count":1,"date":"2011-08-31","habitat":"eucalyptus","recorded_name":"Anura","route":"Balaji Temple","source_row":95,"taxon_group":"amphibia"},"type":"Feature"},{"geometry":{"coordinates":[76.9945040048939,10.3445831132709],"type":"Point"},"id":"roadkill-2011-96","properties":{"count":1,"date":"2011-08-31","habitat":"tea","recorded_name":"Anura","route":"Balaji Temple","source_row":96,"taxon_group":"amphibia"},"type":"Feature"},{"geometry":{"coordinates":[76.9981288129562,10.3504451700018],"type":"Point"},"id":"roadkill-2011-97","properties":{"count":1,"date":"2011-08-31","habitat":"tea","recorded_name":"Anura","route":"Balaji Temple","source_row":97,"taxon_group":"amphibia"},"type":"Feature"},{"geometry":{"coordinates":[76.9947213868978,10.3457568661181],"type":"Point"},"id":"roadkill-2011-98","properties":{"count":1,"date":"2011-08-31","habitat":"tea","recorded_name":"Anura","route":"Balaji Temple","source_row":98,"taxon_group":"amphibia"},"type":"Feature"},{"geometry":{"coordinates":[76.9954106205038,10.3334682944411],"type":"Point"},"id":"roadkill-2011-99","properties":{"count":1,"date":"2011-08-31","habitat":"tea","recorded_name":"Gymnophiona","route":"Balaji Temple","source_row":99,"taxon_group":"amphibia"},"type":"Feature"},{"geometry":{"coordinates":[76.9981458574028,10.3314898473608],"type":"Point"},"id":"roadkill-2011-100","properties":{"count":1,"date":"2011-08-31","habitat":"tea","recorded_name":"Uropeltidae","route":"Balaji Temple","source_row":100,"taxon_group":"reptilia"},"type":"Feature"},{"geometry":{"coordinates":[76.9977355985975,10.3315737418774],"type":"Point"},"id":"roadkill-2011-101","properties":{"count":1,"date":"2011-08-31","habitat":"tea","recorded_name":"Gastropoda","route":"Balaji Temple","source_row":101,"taxon_group":"mollusca"},"type":"Feature"},{"geometry":{"coordinates":[76.9967211720938,10.3617077160314],"type":"Point"},"id":"roadkill-2011-102","properties":{"count":1,"date":"2011-08-31","habitat":"forest_tea","recorded_name":"Gymnophiona","route":"Balaji Temple","source_row":102,"taxon_group":"amphibia"},"type":"Feature"},{"geometry":{"coordinates":[76.9975720975626,10.3605634926409],"type":"Point"},"id":"roadkill-2011-103","properties":{"count":1,"date":"2011-08-31","habitat":"forest_tea","recorded_name":"Anura","route":"Balaji Temple","source_row":103,"taxon_group":"amphibia"},"type":"Feature"},{"geometry":{"coordinates":[76.9979340788708,10.3586178165632],"type":"Point"},"id":"roadkill-2011-104","properties":{"count":1,"date":"2011-08-31","habitat":"forest_tea","recorded_name":"Muridae","route":"Balaji Temple","source_row":104,"taxon_group":"mammalia"},"type":"Feature"},{"geometry":{"coordinates":[76.9981237848994,10.3583002663705],"type":"Point"},"id":"roadkill-2011-105","properties":{"count":1,"date":"2011-08-31","habitat":"forest_tea","recorded_name":"Diplopoda","route":"Balaji Temple","source_row":105,"taxon_group":"diplopoda"},"type":"Feature"},{"geometry":{"coordinates":[76.9966572679493,10.3617081127815],"type":"Point"},"id":"roadkill-2011-106","properties":{"count":1,"date":"2011-08-31","habitat":"forest_tea","recorded_name":"Anura","route":"Balaji Temple","source_row":106,"taxon_group":"amphibia"},"type":"Feature"},{"geometry":{"coordinates":[76.9989764374238,10.3559899747581],"type":"Point"},"id":"roadkill-2011-107","properties":{"count":1,"date":"2011-09-08","habitat":"forest_tea","recorded_name":"Gymnophiona","route":"Balaji Temple","source_row":107,"taxon_group":"amphibia"},"type":"Feature"},{"geometry":{"coordinates":[76.9978449068722,10.358952820753],"type":"Point"},"id":"roadkill-2011-108","properties":{"count":1,"date":"2011-09-08","habitat":"forest_tea","recorded_name":"Anura","route":"Balaji Temple","source_row":108,"taxon_group":"amphibia"},"type":"Feature"},{"geometry":{"coordinates":[76.9951411565956,10.3659388334986],"type":"Point"},"id":"roadkill-2011-109","properties":{"count":1,"date":"2011-09-08","habitat":"forest_tea","recorded_name":"Gastropoda","route":"Balaji Temple","source_row":109,"taxon_group":"mollusca"},"type":"Feature"},{"geometry":{"coordinates":[76.9987151489714,10.3522132133214],"type":"Point"},"id":"roadkill-2011-110","properties":{"count":1,"date":"2011-09-08","habitat":"eucalyptus_tea","recorded_name":"Squamata","route":"Balaji Temple","source_row":110,"taxon_group":"reptilia"},"type":"Feature"},{"geometry":{"coordinates":[76.9989548473125,10.352582331934],"type":"Point"},"id":"roadkill-2011-111","properties":{"count":1,"date":"2011-09-08","habitat":"tea","recorded_name":"Anura","route":"Balaji Temple","source_row":111,"taxon_group":"amphibia"},"type":"Feature"},{"geometry":{"coordinates":[76.9985648442811,10.3313426238067],"type":"Point"},"id":"roadkill-2011-112","properties":{"count":1,"date":"2011-09-16","habitat":"tea","recorded_name":"Gymnophiona","route":"Balaji Temple","source_row":112,"taxon_group":"amphibia"},"type":"Feature"},{"geometry":{"coordinates":[76.9973587657551,10.3484974797473],"type":"Point"},"id":"roadkill-2011-113","properties":{"count":1,"date":"2011-09-16","habitat":"tea","recorded_name":"Annelida","route":"Balaji Temple","source_row":113,"taxon_group":"annelida"},"type":"Feature"},{"geometry":{"coordinates":[76.9921180605369,10.342618285164],"type":"Point"},"id":"roadkill-2011-114","properties":{"count":1,"date":"2011-09-16","habitat":"eucalyptus","recorded_name":"Anura","route":"Balaji Temple","source_row":114,"taxon_group":"amphibia"},"type":"Feature"},{"geometry":{"coordinates":[76.9933491696294,10.3438580842127],"type":"Point"},"id":"roadkill-2011-115","properties":{"count":1,"date":"2011-09-16","habitat":"tea","recorded_name":"Anura","route":"Balaji Temple","source_row":115,"taxon_group":"amphibia"},"type":"Feature"},{"geometry":{"coordinates":[76.9948668459232,10.3673144958968],"type":"Point"},"id":"roadkill-2011-116","properties":{"count":1,"date":"2011-09-16","habitat":"forest_tea","recorded_name":"Nasikabatrachus sahyadrensis","route":"Balaji Temple","source_row":116,"taxon_group":"amphibia"},"type":"Feature"},{"geometry":{"coordinates":[76.9989503329146,10.3547517671248],"type":"Point"},"id":"roadkill-2011-117","properties":{"count":1,"date":"2011-09-16","habitat":"forest_tea","recorded_name":"Diplopoda","route":"Balaji Temple","source_row":117,"taxon_group":"diplopoda"},"type":"Feature"},{"geometry":{"coordinates":[76.9990299162387,10.3543445089743],"type":"Point"},"id":"roadkill-2011-118","properties":{"count":1,"date":"2011-09-16","habitat":"forest","recorded_name":"Anura","route":"Balaji Temple","source_row":118,"taxon_group":"amphibia"},"type":"Feature"},{"geometry":{"coordinates":[76.9948457999361,10.3379914025496],"type":"Point"},"id":"roadkill-2011-119","properties":{"count":1,"date":"2011-09-24","habitat":"tea","recorded_name":"Gymnophiona","route":"Balaji Temple","source_row":119,"taxon_group":"amphibia"},"type":"Feature"},{"geometry":{"coordinates":[76.9925077560421,10.3392713579367],"type":"Point"},"id":"roadkill-2011-120","properties":{"count":1,"date":"2011-09-24","habitat":"eucalyptus","recorded_name":"Lepidoptera","route":"Balaji Temple","source_row":120,"taxon_group":"insecta"},"type":"Feature"},{"geometry":{"coordinates":[76.9946991735801,10.3379019177558],"type":"Point"},"id":"roadkill-2011-121","properties":{"count":1,"date":"2011-09-24","habitat":"tea","recorded_name":"Annelida","route":"Balaji Temple","source_row":121,"taxon_group":"annelida"},"type":"Feature"},{"geometry":{"coordinates":[76.9946001299201,10.3395657483421],"type":"Point"},"id":"roadkill-2011-122","properties":{"count":1,"date":"2011-09-24","habitat":"tea","recorded_name":"Annelida","route":"Balaji Temple","source_row":122,"taxon_group":"annelida"},"type":"Feature"},{"geometry":{"coordinates":[76.9975343212937,10.360364864842],"type":"Point"},"id":"roadkill-2011-123","properties":{"count":1,"date":"2011-09-24","habitat":"forest_tea","recorded_name":"Anura","route":"Balaji Temple","source_row":123,"taxon_group":"amphibia"},"type":"Feature"},{"geometry":{"coordinates":[76.992900226125,10.3392598919439],"type":"Point"},"id":"roadkill-2011-124","properties":{"count":1,"date":"2011-09-24","habitat":"tea","recorded_name":"Orthoptera","route":"Balaji Temple","source_row":124,"taxon_group":"insecta"},"type":"Feature"},{"geometry":{"coordinates":[76.9931748122752,10.3437145353751],"type":"Point"},"id":"roadkill-2011-125","properties":{"count":1,"date":"2011-09-24","habitat":"tea","recorded_name":"Diplopoda","route":"Balaji Temple","source_row":125,"taxon_group":"diplopoda"},"type":"Feature"},{"geometry":{"coordinates":[76.9938711588702,10.3397781616583],"type":"Point"},"id":"roadkill-2011-126","properties":{"count":1,"date":"2011-09-24","habitat":"tea","recorded_name":"Diplopoda","route":"Balaji Temple","source_row":126,"taxon_group":"diplopoda"},"type":"Feature"},{"geometry":{"coordinates":[76.9981587549146,10.358055990813],"type":"Point"},"id":"roadkill-2011-127","properties":{"count":1,"date":"2011-09-24","habitat":"forest_tea","recorded_name":"Diplopoda","route":"Balaji Temple","source_row":127,"taxon_group":"diplopoda"},"type":"Feature"},{"geometry":{"coordinates":[76.9952306457025,10.3670952969116],"type":"Point"},"id":"roadkill-2011-128","properties":{"count":1,"date":"2011-09-24","habitat":"forest_tea","recorded_name":"Uropeltidae","route":"Balaji Temple","source_row":128,"taxon_group":"reptilia"},"type":"Feature"},{"geometry":{"coordinates":[76.9980605114176,10.3584000905445],"type":"Point"},"id":"roadkill-2011-129","properties":{"count":1,"date":"2011-09-24","habitat":"forest_tea","recorded_name":"Scincidae","route":"Balaji Temple","source_row":129,"taxon_group":"reptilia"},"type":"Feature"},{"geometry":{"coordinates":[76.9982117442402,10.3520084371353],"type":"Point"},"id":"roadkill-2011-130","properties":{"count":1,"date":"2011-09-24","habitat":"eucalyptus_tea","recorded_name":"Anura","route":"Balaji Temple","source_row":130,"taxon_group":"amphibia"},"type":"Feature"},{"geometry":{"coordinates":[76.997906920719,10.3586541420289],"type":"Point"},"id":"roadkill-2011-131","properties":{"count":1,"date":"2011-10-02","habitat":"forest_tea","recorded_name":"Calotes","route":"Balaji Temple","source_row":131,"taxon_group":"reptilia"},"type":"Feature"},{"geometry":{"coordinates":[76.9964694478405,10.362323944748],"type":"Point"},"id":"roadkill-2011-132","properties":{"count":1,"date":"2011-10-02","habitat":"forest_tea","recorded_name":"Calotes","route":"Balaji Temple","source_row":132,"taxon_group":"reptilia"},"type":"Feature"},{"geometry":{"coordinates":[76.9952126197604,10.3642480576715],"type":"Point"},"id":"roadkill-2011-133","properties":{"count":1,"date":"2011-10-02","habitat":"forest_tea","recorded_name":"Calotes","route":"Balaji Temple","source_row":133,"taxon_group":"reptilia"},"type":"Feature"},{"geometry":{"coordinates":[76.9952378863445,10.3667969580658],"type":"Point"},"id":"roadkill-2011-134","properties":{"count":1,"date":"2011-10-02","habitat":"forest_tea","recorded_name":"Squamata","route":"Balaji Temple","source_row":134,"taxon_group":"reptilia"},"type":"Feature"},{"geometry":{"coordinates":[76.9931931836875,10.3437325001675],"type":"Point"},"id":"roadkill-2011-135","properties":{"count":1,"date":"2011-10-02","habitat":"tea","recorded_name":"Anura","route":"Balaji Temple","source_row":135,"taxon_group":"amphibia"},"type":"Feature"},{"geometry":{"coordinates":[76.9982119159416,10.3520355536728],"type":"Point"},"id":"roadkill-2011-136","properties":{"count":1,"date":"2011-10-02","habitat":"eucalyptus_tea","recorded_name":"Anura","route":"Balaji Temple","source_row":136,"taxon_group":"amphibia"},"type":"Feature"},{"geometry":{"coordinates":[76.9954304750393,10.3351675457278],"type":"Point"},"id":"roadkill-2011-137","properties":{"count":1,"date":"2011-10-02","habitat":"tea","recorded_name":"Orthoptera","route":"Balaji Temple","source_row":137,"taxon_group":"insecta"},"type":"Feature"},{"geometry":{"coordinates":[76.9961180456369,10.3630583018705],"type":"Point"},"id":"roadkill-2011-138","properties":{"count":1,"date":"2011-10-02","habitat":"forest_tea","recorded_name":"Orthoptera","route":"Balaji Temple","source_row":138,"taxon_group":"insecta"},"type":"Feature"},{"geometry":{"coordinates":[76.9947360349005,10.3653989947344],"type":"Point"},"id":"roadkill-2011-139","properties":{"count":1,"date":"2011-10-02","habitat":"forest_tea","recorded_name":"Calotes grandisquamis","route":"Balaji Temple","source_row":139,"taxon_group":"reptilia"},"type":"Feature"},{"geometry":{"coordinates":[76.9949284128144,10.3380632050303],"type":"Point"},"id":"roadkill-2011-140","properties":{"count":2,"date":"2011-10-02","habitat":"tea","recorded_name":"Diplopoda","route":"Balaji Temple","source_row":140,"taxon_group":"diplopoda"},"type":"Feature"},{"geometry":{"coordinates":[76.9981199404157,10.3519276541981],"type":"Point"},"id":"roadkill-2011-141","properties":{"count":1,"date":"2011-10-02","habitat":"eucalyptus_tea","recorded_name":"Diplopoda","route":"Balaji Temple","source_row":141,"taxon_group":"diplopoda"},"type":"Feature"},{"geometry":{"coordinates":[76.9977371330053,10.3592337052716],"type":"Point"},"id":"roadkill-2011-142","properties":{"count":1,"date":"2011-10-02","habitat":"forest_tea","recorded_name":"Squamata","route":"Balaji Temple","source_row":142,"taxon_group":"reptilia"},"type":"Feature"},{"geometry":{"coordinates":[76.9950488082488,10.3643304270451],"type":"Point"},"id":"roadkill-2011-143","properties":{"count":1,"date":"2011-10-02","habitat":"forest_tea","recorded_name":"Uropeltidae","route":"Balaji Temple","source_row":143,"taxon_group":"reptilia"},"type":"Feature"},{"geometry":{"coordinates":[76.9919822227506,10.3413445924734],"type":"Point"},"id":"roadkill-2011-144","properties":{"count":1,"date":"2011-10-02","habitat":"eucalyptus","recorded_name":"Scincidae","route":"Balaji Temple","source_row":144,"taxon_group":"reptilia"},"type":"Feature"},{"geometry":{"coordinates":[76.9928988991432,10.3433908300332],"type":"Point"},"id":"roadkill-2011-145","properties":{"count":1,"date":"2011-10-02","habitat":"eucalyptus","recorded_name":"Scincidae","route":"Balaji Temple","source_row":145,"taxon_group":"reptilia"},"type":"Feature"},{"geometry":{"coordinates":[76.9937531722276,10.3398873624071],"type":"Point"},"id":"roadkill-2011-146","properties":{"count":5,"date":"2011-10-02","habitat":"tea","recorded_name":"Gastropoda","route":"Balaji Temple","source_row":146,"taxon_group":"mollusca"},"type":"Feature"},{"geometry":{"coordinates":[76.9949468980407,10.3380992475147],"type":"Point"},"id":"roadkill-2011-147","properties":{"count":4,"date":"2011-10-02","habitat":"tea","recorded_name":"Gastropoda","route":"Balaji Temple","source_row":147,"taxon_group":"mollusca"},"type":"Feature"},{"geometry":{"coordinates":[76.9954579173091,10.3351764150988],"type":"Point"},"id":"roadkill-2011-148","properties":{"count":1,"date":"2011-10-02","habitat":"tea","recorded_name":"Squamata","route":"Balaji Temple","source_row":148,"taxon_group":"reptilia"},"type":"Feature"},{"geometry":{"coordinates":[76.9929355848653,10.3434177207819],"type":"Point"},"id":"roadkill-2011-149","properties":{"count":1,"date":"2011-10-02","habitat":"eucalyptus","recorded_name":"Anura","route":"Balaji Temple","source_row":149,"taxon_group":"amphibia"},"type":"Feature"},{"geometry":{"coordinates":[76.9946566865553,10.3456307177013],"type":"Point"},"id":"roadkill-2011-150","properties":{"count":1,"date":"2011-10-02","habitat":"tea","recorded_name":"Anura","route":"Balaji Temple","source_row":150,"taxon_group":"amphibia"},"type":"Feature"},{"geometry":{"coordinates":[76.9981567992967,10.351981660608],"type":"Point"},"id":"roadkill-2011-151","properties":{"count":1,"date":"2011-10-02","habitat":"eucalyptus_tea","recorded_name":"Anura","route":"Balaji Temple","source_row":151,"taxon_group":"amphibia"},"type":"Feature"},{"geometry":{"coordinates":[76.9974387930755,10.3596965572069],"type":"Point"},"id":"roadkill-2011-152","properties":{"count":1,"date":"2011-10-13","habitat":"forest_tea","recorded_name":"Squamata","route":"Balaji Temple","source_row":152,"taxon_group":"reptilia"},"type":"Feature"},{"geometry":{"coordinates":[76.9987700939883,10.3522399897365],"type":"Point"},"id":"roadkill-2011-153","properties":{"count":1,"date":"2011-10-13","habitat":"eucalyptus_tea","recorded_name":"Annelida","route":"Balaji Temple","source_row":153,"taxon_group":"annelida"},"type":"Feature"},{"geometry":{"coordinates":[76.9958021691793,10.3318659286609],"type":"Point"},"id":"roadkill-2011-154","properties":{"count":3,"date":"2011-10-13","habitat":"tea","recorded_name":"Annelida","route":"Balaji Temple","source_row":154,"taxon_group":"annelida"},"type":"Feature"},{"geometry":{"coordinates":[76.994533274818,10.3448812264162],"type":"Point"},"id":"roadkill-2011-155","properties":{"count":1,"date":"2011-10-13","habitat":"tea","recorded_name":"Annelida","route":"Balaji Temple","source_row":155,"taxon_group":"annelida"},"type":"Feature"},{"geometry":{"coordinates":[76.9968218791313,10.3617522867817],"type":"Point"},"id":"roadkill-2011-156","properties":{"count":1,"date":"2011-10-13","habitat":"forest_tea","recorded_name":"Annelida","route":"Balaji Temple","source_row":156,"taxon_group":"annelida"},"type":"Feature"},{"geometry":{"coordinates":[76.9985647300271,10.3313245460959],"type":"Point"},"id":"roadkill-2011-157","properties":{"count":1,"date":"2011-10-13","habitat":"tea","recorded_name":"Anura","route":"Balaji Temple","source_row":157,"taxon_group":"amphibia"},"type":"Feature"},{"geometry":{"coordinates":[76.9961813089281,10.3470856248487],"type":"Point"},"id":"roadkill-2011-158","properties":{"count":1,"date":"2011-10-13","habitat":"tea","recorded_name":"Anura","route":"Balaji Temple","source_row":158,"taxon_group":"amphibia"},"type":"Feature"},{"geometry":{"coordinates":[76.9966152757728,10.3478603067834],"type":"Point"},"id":"roadkill-2011-159","properties":{"count":1,"date":"2011-10-13","habitat":"tea","recorded_name":"Anura","route":"Balaji Temple","source_row":159,"taxon_group":"amphibia"},"type":"Feature"},{"geometry":{"coordinates":[76.9968081803758,10.3480489340659],"type":"Point"},"id":"roadkill-2011-160","properties":{"count":3,"date":"2011-10-13","habitat":"tea","recorded_name":"Anura","route":"Balaji Temple","source_row":160,"taxon_group":"amphibia"},"type":"Feature"},{"geometry":{"coordinates":[76.9970920870263,10.3481918007578],"type":"Point"},"id":"roadkill-2011-161","properties":{"count":1,"date":"2011-10-13","habitat":"tea","recorded_name":"Anura","route":"Balaji Temple","source_row":161,"taxon_group":"amphibia"},"type":"Feature"},{"geometry":{"coordinates":[76.9980161200092,10.3499487132494],"type":"Point"},"id":"roadkill-2011-162","properties":{"count":1,"date":"2011-10-13","habitat":"tea","recorded_name":"Anura","route":"Balaji Temple","source_row":162,"taxon_group":"amphibia"},"type":"Feature"},{"geometry":{"coordinates":[76.9991809272456,10.3536837096783],"type":"Point"},"id":"roadkill-2011-163","properties":{"count":1,"date":"2011-10-13","habitat":"forest","recorded_name":"Anura","route":"Balaji Temple","source_row":163,"taxon_group":"amphibia"},"type":"Feature"},{"geometry":{"coordinates":[76.9990128037713,10.3545253991849],"type":"Point"},"id":"roadkill-2011-164","properties":{"count":1,"date":"2011-10-13","habitat":"forest","recorded_name":"Anura","route":"Balaji Temple","source_row":164,"taxon_group":"amphibia"},"type":"Feature"},{"geometry":{"coordinates":[76.9986628791686,10.3569319989877],"type":"Point"},"id":"roadkill-2011-165","properties":{"count":1,"date":"2011-10-13","habitat":"forest_tea","recorded_name":"Anura","route":"Balaji Temple","source_row":165,"taxon_group":"amphibia"},"type":"Feature"},{"geometry":{"coordinates":[76.9961775138644,10.3320353507646],"type":"Point"},"id":"roadkill-2011-166","properties":{"count":1,"date":"2011-10-13","habitat":"tea","recorded_name":"Anura","route":"Balaji Temple","source_row":166,"taxon_group":"amphibia"},"type":"Feature"},{"geometry":{"coordinates":[76.9978002921944,10.3591158034274],"type":"Point"},"id":"roadkill-2011-167","properties":{"count":1,"date":"2011-10-13","habitat":"forest_tea","recorded_name":"Anura","route":"Balaji Temple","source_row":167,"taxon_group":"amphibia"},"type":"Feature"},{"geometry":{"coordinates":[76.9974476931558,10.3596603451347],"type":"Point"},"id":"roadkill-2011-168","properties":{"count":1,"date":"2011-10-13","habitat":"forest_tea","recorded_name":"Anura","route":"Balaji Temple","source_row":168,"taxon_group":"amphibia"},"type":"Feature"},{"geometry":{"coordinates":[76.9975250776513,10.3603468438473],"type":"Point"},"id":"roadkill-2011-169","properties":{"count":1,"date":"2011-10-13","habitat":"forest_tea","recorded_name":"Anura","route":"Balaji Temple","source_row":169,"taxon_group":"amphibia"},"type":"Feature"},{"geometry":{"coordinates":[76.9950943353106,10.3671955742778],"type":"Point"},"id":"roadkill-2011-170","properties":{"count":1,"date":"2011-10-13","habitat":"forest_tea","recorded_name":"Anura","route":"Balaji Temple","source_row":170,"taxon_group":"amphibia"},"type":"Feature"},{"geometry":{"coordinates":[76.9961134445189,10.3320086296781],"type":"Point"},"id":"roadkill-2011-171","properties":{"count":1,"date":"2011-10-13","habitat":"tea","recorded_name":"Anura","route":"Balaji Temple","source_row":171,"taxon_group":"amphibia"},"type":"Feature"},{"geometry":{"coordinates":[76.9959303077875,10.331919370964],"type":"Point"},"id":"roadkill-2011-172","properties":{"count":1,"date":"2011-10-13","habitat":"tea","recorded_name":"Anura","route":"Balaji Temple","source_row":172,"taxon_group":"amphibia"},"type":"Feature"},{"geometry":{"coordinates":[76.9959296264682,10.3347034555989],"type":"Point"},"id":"roadkill-2011-173","properties":{"count":1,"date":"2011-10-13","habitat":"tea","recorded_name":"Anura","route":"Balaji Temple","source_row":173,"taxon_group":"amphibia"},"type":"Feature"},{"geometry":{"coordinates":[76.9918866054434,10.3406582014034],"type":"Point"},"id":"roadkill-2011-174","properties":{"count":1,"date":"2011-10-13","habitat":"eucalyptus","recorded_name":"Anura","route":"Balaji Temple","source_row":174,"taxon_group":"amphibia"},"type":"Feature"},{"geometry":{"coordinates":[76.9941634470167,10.3441422997327],"type":"Point"},"id":"roadkill-2011-175","properties":{"count":1,"date":"2011-10-13","habitat":"tea","recorded_name":"Anura","route":"Balaji Temple","source_row":175,"taxon_group":"amphibia"},"type":"Feature"},{"geometry":{"coordinates":[76.9946358027996,10.3452150427812],"type":"Point"},"id":"roadkill-2011-176","properties":{"count":1,"date":"2011-10-13","habitat":"tea","recorded_name":"Anura","route":"Balaji Temple","source_row":176,"taxon_group":"amphibia"},"type":"Feature"},{"geometry":{"coordinates":[76.9946285010977,10.3455043431327],"type":"Point"},"id":"roadkill-2011-177","properties":{"count":1,"date":"2011-10-13","habitat":"tea","recorded_name":"Anura","route":"Balaji Temple","source_row":177,"taxon_group":"amphibia"},"type":"Feature"},{"geometry":{"coordinates":[76.9955658025216,10.3334673340787],"type":"Point"},"id":"roadkill-2011-178","properties":{"count":1,"date":"2011-10-13","habitat":"tea","recorded_name":"Lampyridae","route":"Balaji Temple","source_row":178,"taxon_group":"insecta"},"type":"Feature"},{"geometry":{"coordinates":[76.9945637869573,10.3395930909578],"type":"Point"},"id":"roadkill-2011-179","properties":{"count":1,"date":"2011-10-13","habitat":"tea","recorded_name":"Diplopoda","route":"Balaji Temple","source_row":179,"taxon_group":"diplopoda"},"type":"Feature"},{"geometry":{"coordinates":[76.9980425396229,10.3584453981591],"type":"Point"},"id":"roadkill-2011-180","properties":{"count":1,"date":"2011-10-13","habitat":"forest_tea","recorded_name":"Diplopoda","route":"Balaji Temple","source_row":180,"taxon_group":"diplopoda"},"type":"Feature"},{"geometry":{"coordinates":[76.9982745691316,10.3576033115733],"type":"Point"},"id":"roadkill-2011-181","properties":{"count":1,"date":"2011-10-13","habitat":"forest_tea","recorded_name":"Hystrix indica","route":"Balaji Temple","source_row":181,"taxon_group":"mammalia"},"type":"Feature"},{"geometry":{"coordinates":[76.9947173758745,10.3653358360163],"type":"Point"},"id":"roadkill-2011-182","properties":{"count":1,"date":"2011-10-13","habitat":"forest_tea","recorded_name":"Rhacophorus","route":"Balaji Temple","source_row":182,"taxon_group":"amphibia"},"type":"Feature"},{"geometry":{"coordinates":[76.9965966740456,10.3319152460652],"type":"Point"},"id":"roadkill-2011-183","properties":{"count":1,"date":"2011-10-13","habitat":"tea","recorded_name":"Anura","route":"Balaji Temple","source_row":183,"taxon_group":"amphibia"},"type":"Feature"},{"geometry":{"coordinates":[76.9952270287622,10.3318604482797],"type":"Point"},"id":"roadkill-2011-184","properties":{"count":1,"date":"2011-10-13","habitat":"tea","recorded_name":"Anura","route":"Balaji Temple","source_row":184,"taxon_group":"amphibia"},"type":"Feature"},{"geometry":{"coordinates":[76.9963290454677,10.3329021779241],"type":"Point"},"id":"roadkill-2011-185","properties":{"count":1,"date":"2011-10-13","habitat":"tea","recorded_name":"Anura","route":"Balaji Temple","source_row":185,"taxon_group":"amphibia"},"type":"Feature"},{"geometry":{"coordinates":[76.9918696590224,10.3408662086661],"type":"Point"},"id":"roadkill-2011-186","properties":{"count":1,"date":"2011-10-13","habitat":"eucalyptus","recorded_name":"Anura","route":"Balaji Temple","source_row":186,"taxon_group":"amphibia"},"type":"Feature"},{"geometry":{"coordinates":[76.9950464315192,10.3466316572416],"type":"Point"},"id":"roadkill-2011-187","properties":{"count":1,"date":"2011-10-13","habitat":"tea","recorded_name":"Anura","route":"Balaji Temple","source_row":187,"taxon_group":"amphibia"},"type":"Feature"},{"geometry":{"coordinates":[76.9955312277028,10.3641014530869],"type":"Point"},"id":"roadkill-2011-188","properties":{"count":1,"date":"2011-10-13","habitat":"forest_tea","recorded_name":"Anura","route":"Balaji Temple","source_row":188,"taxon_group":"amphibia"},"type":"Feature"},{"geometry":{"coordinates":[76.9990926733655,10.3541633352381],"type":"Point"},"id":"roadkill-2011-189","properties":{"count":1,"date":"2011-10-13","habitat":"forest","recorded_name":"Lycodon","route":"Balaji Temple","source_row":189,"taxon_group":"reptilia"},"type":"Feature"},{"geometry":{"coordinates":[76.994974740015,10.3381713889808],"type":"Point"},"id":"roadkill-2011-190","properties":{"count":1,"date":"2011-10-22","habitat":"tea","recorded_name":"Gymnophiona","route":"Balaji Temple","source_row":190,"taxon_group":"amphibia"},"type":"Feature"},{"geometry":{"coordinates":[76.9952964060044,10.3385128882708],"type":"Point"},"id":"roadkill-2011-191","properties":{"count":1,"date":"2011-10-22","habitat":"tea","recorded_name":"Squamata","route":"Balaji Temple","source_row":191,"taxon_group":"reptilia"},"type":"Feature"},{"geometry":{"coordinates":[76.9991809272456,10.3536837096783],"type":"Point"},"id":"roadkill-2011-192","properties":{"count":1,"date":"2011-10-22","habitat":"forest","recorded_name":"Anura","route":"Balaji Temple","source_row":192,"taxon_group":"amphibia"},"type":"Feature"},{"geometry":{"coordinates":[76.9962570460694,10.3330653296283],"type":"Point"},"id":"roadkill-2011-193","properties":{"count":1,"date":"2011-10-22","habitat":"tea","recorded_name":"Diplopoda","route":"Balaji Temple","source_row":193,"taxon_group":"diplopoda"},"type":"Feature"},{"geometry":{"coordinates":[76.9937531722276,10.3398873624071],"type":"Point"},"id":"roadkill-2011-194","properties":{"count":1,"date":"2011-10-22","habitat":"tea","recorded_name":"Diplopoda","route":"Balaji Temple","source_row":194,"taxon_group":"diplopoda"},"type":"Feature"},{"geometry":{"coordinates":[76.9948744044719,10.3656241164774],"type":"Point"},"id":"roadkill-2011-195","properties":{"count":1,"date":"2011-10-22","habitat":"forest_tea","recorded_name":"Craspedocephalus","route":"Balaji Temple","source_row":195,"taxon_group":"reptilia"},"type":"Feature"},{"geometry":{"coordinates":[76.9948850473703,10.3673053437263],"type":"Point"},"id":"roadkill-2011-196","properties":{"count":1,"date":"2011-10-22","habitat":"forest_tea","recorded_name":"Uropeltidae","route":"Balaji Temple","source_row":196,"taxon_group":"reptilia"},"type":"Feature"},{"geometry":{"coordinates":[76.9950285441794,10.3322322845449],"type":"Point"},"id":"roadkill-2011-197","properties":{"count":1,"date":"2011-10-22","habitat":"tea","recorded_name":"Gastropoda","route":"Balaji Temple","source_row":197,"taxon_group":"mollusca"},"type":"Feature"},{"geometry":{"coordinates":[76.9932034634504,10.3395743897763],"type":"Point"},"id":"roadkill-2011-198","properties":{"count":1,"date":"2011-10-22","habitat":"tea","recorded_name":"Gastropoda","route":"Balaji Temple","source_row":198,"taxon_group":"mollusca"},"type":"Feature"},{"geometry":{"coordinates":[76.9923258121995,10.339371914403],"type":"Point"},"id":"roadkill-2011-199","properties":{"count":1,"date":"2011-10-22","habitat":"eucalyptus","recorded_name":"Anura","route":"Balaji Temple","source_row":199,"taxon_group":"amphibia"},"type":"Feature"},{"geometry":{"coordinates":[76.9928912080303,10.2884955343386],"type":"Point"},"id":"roadkill-2011-200","properties":{"count":1,"date":"2011-08-15","habitat":"tea","recorded_name":"Craspedocephalus","route":"Chinnakallar","source_row":200,"taxon_group":"reptilia"},"type":"Feature"},{"geometry":{"coordinates":[76.9970542849221,10.2886506692744],"type":"Point"},"id":"roadkill-2011-201","properties":{"count":1,"date":"2011-08-15","habitat":"forest_tea","recorded_name":"Uropeltidae","route":"Chinnakallar","source_row":201,"taxon_group":"reptilia"},"type":"Feature"},{"geometry":{"coordinates":[77.0092325555572,10.2904645146766],"type":"Point"},"id":"roadkill-2011-202","properties":{"count":1,"date":"2011-08-25","habitat":"forest_tea","recorded_name":"Anura","route":"Chinnakallar","source_row":202,"taxon_group":"amphibia"},"type":"Feature"},{"geometry":{"coordinates":[77.0006288405596,10.2881133668868],"type":"Point"},"id":"roadkill-2011-203","properties":{"count":1,"date":"2011-08-25","habitat":"forest_tea","recorded_name":"Anura","route":"Chinnakallar","source_row":203,"taxon_group":"amphibia"},"type":"Feature"},{"geometry":{"coordinates":[76.990264982357,10.2903466601021],"type":"Point"},"id":"roadkill-2011-204","properties":{"count":1,"date":"2011-08-25","habitat":"tea","recorded_name":"Anura","route":"Chinnakallar","source_row":204,"taxon_group":"amphibia"},"type":"Feature"},{"geometry":{"coordinates":[77.0008036206477,10.2883292282091],"type":"Point"},"id":"roadkill-2011-205","properties":{"count":1,"date":"2011-08-25","habitat":"forest_tea","recorded_name":"Gastropoda","route":"Chinnakallar","source_row":205,"taxon_group":"mollusca"},"type":"Feature"},{"geometry":{"coordinates":[76.9946257484553,10.2885481286302],"type":"Point"},"id":"roadkill-2011-206","properties":{"count":1,"date":"2011-08-25","habitat":"tea","recorded_name":"Gastropoda","route":"Chinnakallar","source_row":206,"taxon_group":"mollusca"},"type":"Feature"},{"geometry":{"coordinates":[76.992909405453,10.2884863830761],"type":"Point"},"id":"roadkill-2011-207","properties":{"count":1,"date":"2011-08-25","habitat":"tea","recorded_name":"Gastropoda","route":"Chinnakallar","source_row":207,"taxon_group":"mollusca"},"type":"Feature"},{"geometry":{"coordinates":[77.013761383777,10.2921628525323],"type":"Point"},"id":"roadkill-2011-208","properties":{"count":1,"date":"2011-08-25","habitat":"tea","recorded_name":"Anura","route":"Chinnakallar","source_row":208,"taxon_group":"amphibia"},"type":"Feature"},{"geometry":{"coordinates":[76.9843173275394,10.2894430828075],"type":"Point"},"id":"roadkill-2011-209","properties":{"count":1,"date":"2011-08-25","habitat":"tea","recorded_name":"Anura","route":"Chinnakallar","source_row":209,"taxon_group":"amphibia"},"type":"Feature"},{"geometry":{"coordinates":[76.9836165705473,10.2853887275063],"type":"Point"},"id":"roadkill-2011-210","properties":{"count":1,"date":"2011-09-02","habitat":"tea","recorded_name":"Annelida","route":"Chinnakallar","source_row":210,"taxon_group":"annelida"},"type":"Feature"},{"geometry":{"coordinates":[77.0136425599642,10.2921364743188],"type":"Point"},"id":"roadkill-2011-211","properties":{"count":1,"date":"2011-09-02","habitat":"tea","recorded_name":"Anura","route":"Chinnakallar","source_row":211,"taxon_group":"amphibia"},"type":"Feature"},{"geometry":{"coordinates":[77.0124802138776,10.2916375105339],"type":"Point"},"id":"roadkill-2011-212","properties":{"count":1,"date":"2011-09-02","habitat":"tea","recorded_name":"Anura","route":"Chinnakallar","source_row":212,"taxon_group":"amphibia"},"type":"Feature"},{"geometry":{"coordinates":[77.0042469010881,10.28868757962],"type":"Point"},"id":"roadkill-2011-213","properties":{"count":1,"date":"2011-09-02","habitat":"forest","recorded_name":"Anura","route":"Chinnakallar","source_row":213,"taxon_group":"amphibia"},"type":"Feature"},{"geometry":{"coordinates":[76.9864947899029,10.2902613449678],"type":"Point"},"id":"roadkill-2011-214","properties":{"count":1,"date":"2011-09-02","habitat":"tea","recorded_name":"Anura","route":"Chinnakallar","source_row":214,"taxon_group":"amphibia"},"type":"Feature"},{"geometry":{"coordinates":[77.0133957279849,10.2920747357278],"type":"Point"},"id":"roadkill-2011-215","properties":{"count":1,"date":"2011-09-02","habitat":"tea","recorded_name":"Gastropoda","route":"Chinnakallar","source_row":215,"taxon_group":"mollusca"},"type":"Feature"},{"geometry":{"coordinates":[76.9929184190776,10.2884682490787],"type":"Point"},"id":"roadkill-2011-216","properties":{"count":1,"date":"2011-09-02","habitat":"tea","recorded_name":"Gastropoda","route":"Chinnakallar","source_row":216,"taxon_group":"mollusca"},"type":"Feature"},{"geometry":{"coordinates":[76.9906631197082,10.2897928166905],"type":"Point"},"id":"roadkill-2011-217","properties":{"count":1,"date":"2011-09-02","habitat":"tea","recorded_name":"Gastropoda","route":"Chinnakallar","source_row":217,"taxon_group":"mollusca"},"type":"Feature"},{"geometry":{"coordinates":[77.0174424261337,10.2968945120184],"type":"Point"},"id":"roadkill-2011-218","properties":{"count":1,"date":"2011-09-02","habitat":"forest_tea","recorded_name":"Anura","route":"Chinnakallar","source_row":218,"taxon_group":"amphibia"},"type":"Feature"},{"geometry":{"coordinates":[77.0014965907499,10.2882164748816],"type":"Point"},"id":"roadkill-2011-219","properties":{"count":1,"date":"2011-09-02","habitat":"forest_tea","recorded_name":"Anura","route":"Chinnakallar","source_row":219,"taxon_group":"amphibia"},"type":"Feature"},{"geometry":{"coordinates":[76.993128228272,10.2884488791369],"type":"Point"},"id":"roadkill-2011-220","properties":{"count":1,"date":"2011-09-02","habitat":"tea","recorded_name":"Anura","route":"Chinnakallar","source_row":220,"taxon_group":"amphibia"},"type":"Feature"},{"geometry":{"coordinates":[76.9928638835325,10.2885047417753],"type":"Point"},"id":"roadkill-2011-221","properties":{"count":1,"date":"2011-09-02","habitat":"tea","recorded_name":"Anura","route":"Chinnakallar","source_row":221,"taxon_group":"amphibia"},"type":"Feature"},{"geometry":{"coordinates":[77.0135784411994,10.2921007165989],"type":"Point"},"id":"roadkill-2011-222","properties":{"count":1,"date":"2011-09-10","habitat":"tea","recorded_name":"Anura","route":"Chinnakallar","source_row":222,"taxon_group":"amphibia"},"type":"Feature"},{"geometry":{"coordinates":[76.9807101670668,10.2833003518069],"type":"Point"},"id":"roadkill-2011-223","properties":{"count":1,"date":"2011-09-10","habitat":"tea","recorded_name":"Anura","route":"Chinnakallar","source_row":223,"taxon_group":"amphibia"},"type":"Feature"},{"geometry":{"coordinates":[76.9843292557889,10.2884306076725],"type":"Point"},"id":"roadkill-2011-224","properties":{"count":1,"date":"2011-09-10","habitat":"tea","recorded_name":"Uropeltidae","route":"Chinnakallar","source_row":224,"taxon_group":"reptilia"},"type":"Feature"},{"geometry":{"coordinates":[76.9796537447195,10.2836774218532],"type":"Point"},"id":"roadkill-2011-225","properties":{"count":1,"date":"2011-09-10","habitat":"tea","recorded_name":"Gastropoda","route":"Chinnakallar","source_row":225,"taxon_group":"mollusca"},"type":"Feature"},{"geometry":{"coordinates":[77.0148169621069,10.293096354514],"type":"Point"},"id":"roadkill-2011-226","properties":{"count":1,"date":"2011-09-10","habitat":"tea","recorded_name":"Squamata","route":"Chinnakallar","source_row":226,"taxon_group":"reptilia"},"type":"Feature"},{"geometry":{"coordinates":[76.9826195121508,10.2835779300851],"type":"Point"},"id":"roadkill-2011-227","properties":{"count":1,"date":"2011-09-10","habitat":"tea","recorded_name":"Anura","route":"Chinnakallar","source_row":227,"taxon_group":"amphibia"},"type":"Feature"},{"geometry":{"coordinates":[76.9872286398316,10.2908443949024],"type":"Point"},"id":"roadkill-2011-228","properties":{"count":1,"date":"2011-09-18","habitat":"tea","recorded_name":"Gymnophiona","route":"Chinnakallar","source_row":228,"taxon_group":"amphibia"},"type":"Feature"},{"geometry":{"coordinates":[77.0076430783568,10.2902574354693],"type":"Point"},"id":"roadkill-2011-229","properties":{"count":1,"date":"2011-09-18","habitat":"forest_tea","recorded_name":"Anura","route":"Chinnakallar","source_row":229,"taxon_group":"amphibia"},"type":"Feature"},{"geometry":{"coordinates":[76.9825281858531,10.2835694497002],"type":"Point"},"id":"roadkill-2011-230","properties":{"count":1,"date":"2011-09-18","habitat":"tea","recorded_name":"Anura","route":"Chinnakallar","source_row":230,"taxon_group":"amphibia"},"type":"Feature"},{"geometry":{"coordinates":[77.0005737937436,10.2880685108899],"type":"Point"},"id":"roadkill-2011-231","properties":{"count":1,"date":"2011-09-18","habitat":"forest_tea","recorded_name":"Craspedocephalus","route":"Chinnakallar","source_row":231,"taxon_group":"reptilia"},"type":"Feature"},{"geometry":{"coordinates":[77.0078639564703,10.2905453194254],"type":"Point"},"id":"roadkill-2011-232","properties":{"count":1,"date":"2011-09-18","habitat":"forest_tea","recorded_name":"Uropeltidae","route":"Chinnakallar","source_row":232,"taxon_group":"reptilia"},"type":"Feature"},{"geometry":{"coordinates":[77.0210440569615,10.2977397881299],"type":"Point"},"id":"roadkill-2011-233","properties":{"count":16,"date":"2011-09-26","habitat":"forest_tea","recorded_name":"Annelida","route":"Chinnakallar","source_row":233,"taxon_group":"annelida"},"type":"Feature"},{"geometry":{"coordinates":[77.0220880693793,10.2982846495523],"type":"Point"},"id":"roadkill-2011-234","properties":{"count":5,"date":"2011-09-26","habitat":"forest_tea","recorded_name":"Annelida","route":"Chinnakallar","source_row":234,"taxon_group":"annelida"},"type":"Feature"},{"geometry":{"coordinates":[76.9991446635788,10.2886829656335],"type":"Point"},"id":"roadkill-2011-235","properties":{"count":1,"date":"2011-09-26","habitat":"forest_tea","recorded_name":"Anura","route":"Chinnakallar","source_row":235,"taxon_group":"amphibia"},"type":"Feature"},{"geometry":{"coordinates":[76.9854531629123,10.2900869488472],"type":"Point"},"id":"roadkill-2011-236","properties":{"count":1,"date":"2011-09-26","habitat":"tea","recorded_name":"Muridae","route":"Chinnakallar","source_row":236,"taxon_group":"mammalia"},"type":"Feature"},{"geometry":{"coordinates":[76.9988266962579,10.2889199486481],"type":"Point"},"id":"roadkill-2011-237","properties":{"count":1,"date":"2011-09-26","habitat":"forest_tea","recorded_name":"Uropeltidae","route":"Chinnakallar","source_row":237,"taxon_group":"reptilia"},"type":"Feature"},{"geometry":{"coordinates":[77.0119304337803,10.2898602136897],"type":"Point"},"id":"roadkill-2011-238","properties":{"count":1,"date":"2011-10-05","habitat":"tea","recorded_name":"Coleoptera","route":"Chinnakallar","source_row":238,"taxon_group":"insecta"},"type":"Feature"},{"geometry":{"coordinates":[77.0218590255424,10.2981504946094],"type":"Point"},"id":"roadkill-2011-239","properties":{"count":3,"date":"2011-10-05","habitat":"forest_tea","recorded_name":"Annelida","route":"Chinnakallar","source_row":239,"taxon_group":"annelida"},"type":"Feature"},{"geometry":{"coordinates":[77.0216206819071,10.297989280267],"type":"Point"},"id":"roadkill-2011-240","properties":{"count":1,"date":"2011-10-05","habitat":"forest_tea","recorded_name":"Annelida","route":"Chinnakallar","source_row":240,"taxon_group":"annelida"},"type":"Feature"},{"geometry":{"coordinates":[77.0214190775771,10.2978639925681],"type":"Point"},"id":"roadkill-2011-241","properties":{"count":1,"date":"2011-10-05","habitat":"forest_tea","recorded_name":"Annelida","route":"Chinnakallar","source_row":241,"taxon_group":"annelida"},"type":"Feature"},{"geometry":{"coordinates":[77.0193112147627,10.2979585086491],"type":"Point"},"id":"roadkill-2011-242","properties":{"count":1,"date":"2011-10-05","habitat":"forest_tea","recorded_name":"Annelida","route":"Chinnakallar","source_row":242,"taxon_group":"annelida"},"type":"Feature"},{"geometry":{"coordinates":[77.019001120112,10.2979966005849],"type":"Point"},"id":"roadkill-2011-243","properties":{"count":1,"date":"2011-10-05","habitat":"forest_tea","recorded_name":"Annelida","route":"Chinnakallar","source_row":243,"taxon_group":"annelida"},"type":"Feature"},{"geometry":{"coordinates":[76.9850283408812,10.2892940955121],"type":"Point"},"id":"roadkill-2011-244","properties":{"count":1,"date":"2011-10-05","habitat":"tea","recorded_name":"Annelida","route":"Chinnakallar","source_row":244,"taxon_group":"annelida"},"type":"Feature"},{"geometry":{"coordinates":[77.0172821988482,10.2946628461491],"type":"Point"},"id":"roadkill-2011-245","properties":{"count":1,"date":"2011-10-05","habitat":"forest_tea","recorded_name":"Anura","route":"Chinnakallar","source_row":245,"taxon_group":"amphibia"},"type":"Feature"},{"geometry":{"coordinates":[77.0003269087704,10.2879977223634],"type":"Point"},"id":"roadkill-2011-246","properties":{"count":1,"date":"2011-10-05","habitat":"forest_tea","recorded_name":"Lampyridae","route":"Chinnakallar","source_row":246,"taxon_group":"insecta"},"type":"Feature"},{"geometry":{"coordinates":[76.9864298253477,10.2900899970334],"type":"Point"},"id":"roadkill-2011-247","properties":{"count":1,"date":"2011-10-05","habitat":"tea","recorded_name":"Lampyridae","route":"Chinnakallar","source_row":247,"taxon_group":"insecta"},"type":"Feature"},{"geometry":{"coordinates":[77.0037538140406,10.2886544746651],"type":"Point"},"id":"roadkill-2011-248","properties":{"count":1,"date":"2011-10-05","habitat":"forest","recorded_name":"Mantodea","route":"Chinnakallar","source_row":248,"taxon_group":"insecta"},"type":"Feature"},{"geometry":{"coordinates":[76.9920214160226,10.2895223234431],"type":"Point"},"id":"roadkill-2011-249","properties":{"count":1,"date":"2011-10-05","habitat":"tea","recorded_name":"Squamata","route":"Chinnakallar","source_row":249,"taxon_group":"reptilia"},"type":"Feature"},{"geometry":{"coordinates":[76.9979676725585,10.2887535051979],"type":"Point"},"id":"roadkill-2011-250","properties":{"count":1,"date":"2011-10-05","habitat":"forest_tea","recorded_name":"Uropeltidae","route":"Chinnakallar","source_row":250,"taxon_group":"reptilia"},"type":"Feature"},{"geometry":{"coordinates":[76.9836705425525,10.2852618466296],"type":"Point"},"id":"roadkill-2011-251","properties":{"count":1,"date":"2011-10-05","habitat":"tea","recorded_name":"Uropeltidae","route":"Chinnakallar","source_row":251,"taxon_group":"reptilia"},"type":"Feature"},{"geometry":{"coordinates":[76.9819611283191,10.2833830939071],"type":"Point"},"id":"roadkill-2011-252","properties":{"count":1,"date":"2011-10-05","habitat":"tea","recorded_name":"Araneae","route":"Chinnakallar","source_row":252,"taxon_group":"arachnida"},"type":"Feature"},{"geometry":{"coordinates":[77.0175153286046,10.2968759791651],"type":"Point"},"id":"roadkill-2011-253","properties":{"count":1,"date":"2011-10-15","habitat":"forest_tea","recorded_name":"Anura","route":"Chinnakallar","source_row":253,"taxon_group":"amphibia"},"type":"Feature"},{"geometry":{"coordinates":[77.0185508394019,10.2975203370465],"type":"Point"},"id":"roadkill-2011-254","properties":{"count":1,"date":"2011-10-15","habitat":"forest_tea","recorded_name":"Lampyridae","route":"Chinnakallar","source_row":254,"taxon_group":"insecta"},"type":"Feature"},{"geometry":{"coordinates":[77.0020722765412,10.2883213864435],"type":"Point"},"id":"roadkill-2011-255","properties":{"count":1,"date":"2011-10-15","habitat":"forest_tea","recorded_name":"Lampyridae","route":"Chinnakallar","source_row":255,"taxon_group":"insecta"},"type":"Feature"},{"geometry":{"coordinates":[76.9921582659257,10.2895124421493],"type":"Point"},"id":"roadkill-2011-256","properties":{"count":1,"date":"2011-10-15","habitat":"tea","recorded_name":"Diplopoda","route":"Chinnakallar","source_row":256,"taxon_group":"diplopoda"},"type":"Feature"},{"geometry":{"coordinates":[77.0053792214032,10.2887709604692],"type":"Point"},"id":"roadkill-2011-257","properties":{"count":1,"date":"2011-10-15","habitat":"forest","recorded_name":"Muridae","route":"Chinnakallar","source_row":257,"taxon_group":"mammalia"},"type":"Feature"},{"geometry":{"coordinates":[77.0138809530494,10.2923067349951],"type":"Point"},"id":"roadkill-2011-258","properties":{"count":1,"date":"2011-10-15","habitat":"tea","recorded_name":"Uropeltidae","route":"Chinnakallar","source_row":258,"taxon_group":"reptilia"},"type":"Feature"},{"geometry":{"coordinates":[76.9957704941161,10.2891557433517],"type":"Point"},"id":"roadkill-2011-259","properties":{"count":1,"date":"2011-10-15","habitat":"forest_tea","recorded_name":"Uropeltidae","route":"Chinnakallar","source_row":259,"taxon_group":"reptilia"},"type":"Feature"},{"geometry":{"coordinates":[77.0017341210783,10.2882511634097],"type":"Point"},"id":"roadkill-2011-260","properties":{"count":1,"date":"2011-10-15","habitat":"forest_tea","recorded_name":"Gastropoda","route":"Chinnakallar","source_row":260,"taxon_group":"mollusca"},"type":"Feature"},{"geometry":{"coordinates":[76.9972369965501,10.2886766600063],"type":"Point"},"id":"roadkill-2011-261","properties":{"count":1,"date":"2011-10-15","habitat":"forest_tea","recorded_name":"Gastropoda","route":"Chinnakallar","source_row":261,"taxon_group":"mollusca"},"type":"Feature"},{"geometry":{"coordinates":[77.0011501057951,10.2882728517194],"type":"Point"},"id":"roadkill-2011-262","properties":{"count":1,"date":"2011-10-24","habitat":"forest_tea","recorded_name":"Gymnophiona","route":"Chinnakallar","source_row":262,"taxon_group":"amphibia"},"type":"Feature"},{"geometry":{"coordinates":[77.013093732473,10.2919500659431],"type":"Point"},"id":"roadkill-2011-263","properties":{"count":1,"date":"2011-10-24","habitat":"tea","recorded_name":"Decapoda","route":"Chinnakallar","source_row":263,"taxon_group":"crustacea"},"type":"Feature"},{"geometry":{"coordinates":[76.9846268596478,10.2893146353457],"type":"Point"},"id":"roadkill-2011-264","properties":{"count":1,"date":"2011-10-24","habitat":"tea","recorded_name":"Muridae","route":"Chinnakallar","source_row":264,"taxon_group":"mammalia"},"type":"Feature"},{"geometry":{"coordinates":[76.9931556094842,10.2884487105894],"type":"Point"},"id":"roadkill-2011-265","properties":{"count":1,"date":"2011-10-24","habitat":"tea","recorded_name":"Diplopoda","route":"Chinnakallar","source_row":265,"taxon_group":"diplopoda"},"type":"Feature"},{"geometry":{"coordinates":[77.0189732783543,10.2979244613904],"type":"Point"},"id":"roadkill-2011-266","properties":{"count":1,"date":"2011-10-24","habitat":"forest_tea","recorded_name":"Diplopoda","route":"Chinnakallar","source_row":266,"taxon_group":"diplopoda"},"type":"Feature"},{"geometry":{"coordinates":[76.9903099381396,10.2902379124531],"type":"Point"},"id":"roadkill-2011-267","properties":{"count":1,"date":"2011-10-24","habitat":"tea","recorded_name":"Uropeltidae","route":"Chinnakallar","source_row":267,"taxon_group":"reptilia"},"type":"Feature"},{"geometry":{"coordinates":[77.0153938047188,10.2933820154913],"type":"Point"},"id":"roadkill-2011-268","properties":{"count":1,"date":"2011-10-24","habitat":"tea","recorded_name":"Anura","route":"Chinnakallar","source_row":268,"taxon_group":"amphibia"},"type":"Feature"},{"geometry":{"coordinates":[76.9837871054783,10.2849266783048],"type":"Point"},"id":"roadkill-2011-269","properties":{"count":1,"date":"2011-10-24","habitat":"tea","recorded_name":"Anura","route":"Chinnakallar","source_row":269,"taxon_group":"amphibia"},"type":"Feature"},{"geometry":{"coordinates":[76.9842727987534,10.2881597745227],"type":"Point"},"id":"roadkill-2011-270","properties":{"count":1,"date":"2011-11-01","habitat":"tea","recorded_name":"Gymnophiona","route":"Chinnakallar","source_row":270,"taxon_group":"amphibia"},"type":"Feature"},{"geometry":{"coordinates":[76.9838306696732,10.2860563249953],"type":"Point"},"id":"roadkill-2011-271","properties":{"count":4,"date":"2011-11-01","habitat":"tea","recorded_name":"Diplopoda","route":"Chinnakallar","source_row":271,"taxon_group":"diplopoda"},"type":"Feature"},{"geometry":{"coordinates":[77.0129285856989,10.2918155056855],"type":"Point"},"id":"roadkill-2011-272","properties":{"count":1,"date":"2011-11-01","habitat":"tea","recorded_name":"Hystrix indica","route":"Chinnakallar","source_row":272,"taxon_group":"mammalia"},"type":"Feature"},{"geometry":{"coordinates":[77.0174097576577,10.2960631159197],"type":"Point"},"id":"roadkill-2011-273","properties":{"count":1,"date":"2011-11-01","habitat":"forest","recorded_name":"Uropeltidae","route":"Chinnakallar","source_row":273,"taxon_group":"reptilia"},"type":"Feature"},{"geometry":{"coordinates":[77.0002358663109,10.2880344416569],"type":"Point"},"id":"roadkill-2011-274","properties":{"count":1,"date":"2011-11-01","habitat":"forest_tea","recorded_name":"Anura","route":"Chinnakallar","source_row":274,"taxon_group":"amphibia"},"type":"Feature"},{"geometry":{"coordinates":[76.9335187896094,10.3576374202279],"type":"Point"},"id":"roadkill-2011-275","properties":{"count":1,"date":"2011-08-12","habitat":"coffee","recorded_name":"Gymnophiona","route":"Old Valparai","source_row":275,"taxon_group":"amphibia"},"type":"Feature"},{"geometry":{"coordinates":[76.9357215330729,10.3550659913554],"type":"Point"},"id":"roadkill-2011-276","properties":{"count":1,"date":"2011-08-12","habitat":"coffee","recorded_name":"Annelida","route":"Old Valparai","source_row":276,"taxon_group":"annelida"},"type":"Feature"},{"geometry":{"coordinates":[76.9325832159302,10.3569289182576],"type":"Point"},"id":"roadkill-2011-277","properties":{"count":1,"date":"2011-08-12","habitat":"coffee","recorded_name":"Annelida","route":"Old Valparai","source_row":277,"taxon_group":"annelida"},"type":"Feature"},{"geometry":{"coordinates":[76.9400174437163,10.3529068009331],"type":"Point"},"id":"roadkill-2011-278","properties":{"count":1,"date":"2011-08-12","habitat":"forest","recorded_name":"Anura","route":"Old Valparai","source_row":278,"taxon_group":"amphibia"},"type":"Feature"},{"geometry":{"coordinates":[76.937011097438,10.3524638917815],"type":"Point"},"id":"roadkill-2011-279","properties":{"count":1,"date":"2011-08-12","habitat":"coffee","recorded_name":"Anura","route":"Old Valparai","source_row":279,"taxon_group":"amphibia"},"type":"Feature"},{"geometry":{"coordinates":[76.9355674234127,10.3537561879715],"type":"Point"},"id":"roadkill-2011-280","properties":{"count":1,"date":"2011-08-12","habitat":"coffee","recorded_name":"Anura","route":"Old Valparai","source_row":280,"taxon_group":"amphibia"},"type":"Feature"},{"geometry":{"coordinates":[76.9398621358132,10.3528896579806],"type":"Point"},"id":"roadkill-2011-281","properties":{"count":1,"date":"2011-08-12","habitat":"forest","recorded_name":"Anura","route":"Old Valparai","source_row":281,"taxon_group":"amphibia"},"type":"Feature"},{"geometry":{"coordinates":[76.9389290110391,10.3525788977401],"type":"Point"},"id":"roadkill-2011-282","properties":{"count":1,"date":"2011-08-12","habitat":"forest","recorded_name":"Anura","route":"Old Valparai","source_row":282,"taxon_group":"amphibia"},"type":"Feature"},{"geometry":{"coordinates":[76.9387459268707,10.3524986449919],"type":"Point"},"id":"roadkill-2011-283","properties":{"count":1,"date":"2011-08-12","habitat":"forest","recorded_name":"Anura","route":"Old Valparai","source_row":283,"taxon_group":"amphibia"},"type":"Feature"},{"geometry":{"coordinates":[76.9382512835492,10.3522304386798],"type":"Point"},"id":"roadkill-2011-284","properties":{"count":1,"date":"2011-08-12","habitat":"forest","recorded_name":"Anura","route":"Old Valparai","source_row":284,"taxon_group":"amphibia"},"type":"Feature"},{"geometry":{"coordinates":[76.9379397801632,10.3520515240408],"type":"Point"},"id":"roadkill-2011-285","properties":{"count":1,"date":"2011-08-12","habitat":"forest","recorded_name":"Anura","route":"Old Valparai","source_row":285,"taxon_group":"amphibia"},"type":"Feature"},{"geometry":{"coordinates":[76.9356643147943,10.3502030737989],"type":"Point"},"id":"roadkill-2011-286","properties":{"count":1,"date":"2011-08-12","habitat":"forest","recorded_name":"Anura","route":"Old Valparai","source_row":286,"taxon_group":"amphibia"},"type":"Feature"},{"geometry":{"coordinates":[76.935558201543,10.3507641620941],"type":"Point"},"id":"roadkill-2011-287","properties":{"count":1,"date":"2011-08-12","habitat":"coffee_forest","recorded_name":"Anura","route":"Old Valparai","source_row":287,"taxon_group":"amphibia"},"type":"Feature"},{"geometry":{"coordinates":[76.9364588511016,10.3517350137335],"type":"Point"},"id":"roadkill-2011-288","properties":{"count":1,"date":"2011-08-12","habitat":"coffee_forest","recorded_name":"Anura","route":"Old Valparai","source_row":288,"taxon_group":"amphibia"},"type":"Feature"},{"geometry":{"coordinates":[76.9350696443019,10.3499987394908],"type":"Point"},"id":"roadkill-2011-289","properties":{"count":1,"date":"2011-08-12","habitat":"coffee_forest","recorded_name":"Diplopoda","route":"Old Valparai","source_row":289,"taxon_group":"diplopoda"},"type":"Feature"},{"geometry":{"coordinates":[76.9375088205094,10.3517467748977],"type":"Point"},"id":"roadkill-2011-290","properties":{"count":1,"date":"2011-08-12","habitat":"forest","recorded_name":"Diplopoda","route":"Old Valparai","source_row":290,"taxon_group":"diplopoda"},"type":"Feature"},{"geometry":{"coordinates":[76.9360085256184,10.3512495883615],"type":"Point"},"id":"roadkill-2011-291","properties":{"count":1,"date":"2011-08-12","habitat":"coffee_forest","recorded_name":"Diplopoda","route":"Old Valparai","source_row":291,"taxon_group":"diplopoda"},"type":"Feature"},{"geometry":{"coordinates":[76.9357117382374,10.35495757605],"type":"Point"},"id":"roadkill-2011-292","properties":{"count":1,"date":"2011-08-12","habitat":"coffee","recorded_name":"Diplopoda","route":"Old Valparai","source_row":292,"taxon_group":"diplopoda"},"type":"Feature"},{"geometry":{"coordinates":[76.9360778440946,10.3506435237281],"type":"Point"},"id":"roadkill-2011-293","properties":{"count":1,"date":"2011-08-12","habitat":"forest","recorded_name":"Mantodea","route":"Old Valparai","source_row":293,"taxon_group":"insecta"},"type":"Feature"},{"geometry":{"coordinates":[76.935078828881,10.350007723813],"type":"Point"},"id":"roadkill-2011-294","properties":{"count":1,"date":"2011-08-12","habitat":"coffee_forest","recorded_name":"Mantodea","route":"Old Valparai","source_row":294,"taxon_group":"insecta"},"type":"Feature"},{"geometry":{"coordinates":[76.9357499747818,10.355237571121],"type":"Point"},"id":"roadkill-2011-295","properties":{"count":1,"date":"2011-08-12","habitat":"coffee","recorded_name":"Uropeltidae","route":"Old Valparai","source_row":295,"taxon_group":"reptilia"},"type":"Feature"},{"geometry":{"coordinates":[76.9373345333426,10.3516122311739],"type":"Point"},"id":"roadkill-2011-296","properties":{"count":1,"date":"2011-08-12","habitat":"forest","recorded_name":"Gastropoda","route":"Old Valparai","source_row":296,"taxon_group":"mollusca"},"type":"Feature"},{"geometry":{"coordinates":[76.9357693426865,10.3554182449782],"type":"Point"},"id":"roadkill-2011-297","properties":{"count":1,"date":"2011-08-12","habitat":"coffee","recorded_name":"Gastropoda","route":"Old Valparai","source_row":297,"taxon_group":"mollusca"},"type":"Feature"},{"geometry":{"coordinates":[76.9345847660382,10.3572784708843],"type":"Point"},"id":"roadkill-2011-298","properties":{"count":1,"date":"2011-08-12","habitat":"coffee","recorded_name":"Gastropoda","route":"Old Valparai","source_row":298,"taxon_group":"mollusca"},"type":"Feature"},{"geometry":{"coordinates":[76.9367744348254,10.3510913096057],"type":"Point"},"id":"roadkill-2011-299","properties":{"count":1,"date":"2011-08-12","habitat":"forest","recorded_name":"Anura","route":"Old Valparai","source_row":299,"taxon_group":"amphibia"},"type":"Feature"},{"geometry":{"coordinates":[76.9341029043856,10.357606790776],"type":"Point"},"id":"roadkill-2011-300","properties":{"count":1,"date":"2011-08-12","habitat":"coffee","recorded_name":"Anura","route":"Old Valparai","source_row":300,"taxon_group":"amphibia"},"type":"Feature"},{"geometry":{"coordinates":[76.936361680396,10.3507774094399],"type":"Point"},"id":"roadkill-2011-301","properties":{"count":1,"date":"2011-08-12","habitat":"forest","recorded_name":"Anura","route":"Old Valparai","source_row":301,"taxon_group":"amphibia"},"type":"Feature"},{"geometry":{"coordinates":[76.9358941517117,10.3504638379618],"type":"Point"},"id":"roadkill-2011-302","properties":{"count":1,"date":"2011-08-12","habitat":"forest","recorded_name":"Anura","route":"Old Valparai","source_row":302,"taxon_group":"amphibia"},"type":"Feature"},{"geometry":{"coordinates":[76.9357655117313,10.3503290186519],"type":"Point"},"id":"roadkill-2011-303","properties":{"count":1,"date":"2011-08-12","habitat":"forest","recorded_name":"Anura","route":"Old Valparai","source_row":303,"taxon_group":"amphibia"},"type":"Feature"},{"geometry":{"coordinates":[76.9359992855268,10.3512315648923],"type":"Point"},"id":"roadkill-2011-304","properties":{"count":1,"date":"2011-08-12","habitat":"coffee_forest","recorded_name":"Anura","route":"Old Valparai","source_row":304,"taxon_group":"amphibia"},"type":"Feature"},{"geometry":{"coordinates":[76.9360912428834,10.3513394860835],"type":"Point"},"id":"roadkill-2011-305","properties":{"count":1,"date":"2011-08-12","habitat":"coffee_forest","recorded_name":"Anura","route":"Old Valparai","source_row":305,"taxon_group":"amphibia"},"type":"Feature"},{"geometry":{"coordinates":[76.9366704557566,10.3534874066347],"type":"Point"},"id":"roadkill-2011-306","properties":{"count":1,"date":"2011-08-12","habitat":"coffee","recorded_name":"Anura","route":"Old Valparai","source_row":306,"taxon_group":"amphibia"},"type":"Feature"},{"geometry":{"coordinates":[76.9356207573154,10.3535208397111],"type":"Point"},"id":"roadkill-2011-307","properties":{"count":1,"date":"2011-08-12","habitat":"coffee","recorded_name":"Anura","route":"Old Valparai","source_row":307,"taxon_group":"amphibia"},"type":"Feature"},{"geometry":{"coordinates":[76.9356345445749,10.3542800764295],"type":"Point"},"id":"roadkill-2011-308","properties":{"count":1,"date":"2011-08-12","habitat":"coffee","recorded_name":"Anura","route":"Old Valparai","source_row":308,"taxon_group":"amphibia"},"type":"Feature"},{"geometry":{"coordinates":[76.930550075609,10.3558925365845],"type":"Point"},"id":"roadkill-2011-309","properties":{"count":1,"date":"2011-08-12","habitat":"coffee","recorded_name":"Craspedocephalus","route":"Old Valparai","source_row":309,"taxon_group":"reptilia"},"type":"Feature"},{"geometry":{"coordinates":[76.9343567056478,10.3439013413658],"type":"Point"},"id":"roadkill-2011-310","properties":{"count":1,"date":"2011-08-20","habitat":"eucalyptus_tea","recorded_name":"Gymnophiona","route":"Old Valparai","source_row":310,"taxon_group":"amphibia"},"type":"Feature"},{"geometry":{"coordinates":[76.9393590841496,10.3527390178453],"type":"Point"},"id":"roadkill-2011-311","properties":{"count":1,"date":"2011-08-20","habitat":"forest","recorded_name":"Gymnophiona","route":"Old Valparai","source_row":311,"taxon_group":"amphibia"},"type":"Feature"},{"geometry":{"coordinates":[76.9352419044935,10.3319186484216],"type":"Point"},"id":"roadkill-2011-312","properties":{"count":1,"date":"2011-08-20","habitat":"tea","recorded_name":"Gymnophiona","route":"Old Valparai","source_row":312,"taxon_group":"amphibia"},"type":"Feature"},{"geometry":{"coordinates":[76.9350914749264,10.3341884737419],"type":"Point"},"id":"roadkill-2011-313","properties":{"count":1,"date":"2011-08-20","habitat":"tea","recorded_name":"Gymnophiona","route":"Old Valparai","source_row":313,"taxon_group":"amphibia"},"type":"Feature"},{"geometry":{"coordinates":[76.9347407176691,10.3305747647982],"type":"Point"},"id":"roadkill-2011-314","properties":{"count":1,"date":"2011-08-20","habitat":"tea","recorded_name":"Annelida","route":"Old Valparai","source_row":314,"taxon_group":"annelida"},"type":"Feature"},{"geometry":{"coordinates":[76.9356464419881,10.3323862762009],"type":"Point"},"id":"roadkill-2011-315","properties":{"count":1,"date":"2011-08-20","habitat":"tea","recorded_name":"Anura","route":"Old Valparai","source_row":315,"taxon_group":"amphibia"},"type":"Feature"},{"geometry":{"coordinates":[76.9348798823251,10.3443592153698],"type":"Point"},"id":"roadkill-2011-316","properties":{"count":1,"date":"2011-08-20","habitat":"eucalyptus_tea","recorded_name":"Anura","route":"Old Valparai","source_row":316,"taxon_group":"amphibia"},"type":"Feature"},{"geometry":{"coordinates":[76.9326381583458,10.3569557068467],"type":"Point"},"id":"roadkill-2011-317","properties":{"count":1,"date":"2011-08-20","habitat":"coffee","recorded_name":"Anura","route":"Old Valparai","source_row":317,"taxon_group":"amphibia"},"type":"Feature"},{"geometry":{"coordinates":[76.9346575020028,10.3378611284549],"type":"Point"},"id":"roadkill-2011-318","properties":{"count":1,"date":"2011-08-20","habitat":"forest","recorded_name":"Diplopoda","route":"Old Valparai","source_row":318,"taxon_group":"diplopoda"},"type":"Feature"},{"geometry":{"coordinates":[76.9348614028092,10.3443231682551],"type":"Point"},"id":"roadkill-2011-319","properties":{"count":1,"date":"2011-08-20","habitat":"eucalyptus_tea","recorded_name":"Uropeltidae","route":"Old Valparai","source_row":319,"taxon_group":"reptilia"},"type":"Feature"},{"geometry":{"coordinates":[76.9366137623618,10.3472233629696],"type":"Point"},"id":"roadkill-2011-320","properties":{"count":1,"date":"2011-08-20","habitat":"eucalyptus_tea","recorded_name":"Uropeltidae","route":"Old Valparai","source_row":320,"taxon_group":"reptilia"},"type":"Feature"},{"geometry":{"coordinates":[76.9298089938004,10.3556348349561],"type":"Point"},"id":"roadkill-2011-321","properties":{"count":1,"date":"2011-08-20","habitat":"coffee","recorded_name":"Uropeltidae","route":"Old Valparai","source_row":321,"taxon_group":"reptilia"},"type":"Feature"},{"geometry":{"coordinates":[76.9351421964276,10.3454514223534],"type":"Point"},"id":"roadkill-2011-322","properties":{"count":1,"date":"2011-08-20","habitat":"eucalyptus_tea","recorded_name":"Gastropoda","route":"Old Valparai","source_row":322,"taxon_group":"mollusca"},"type":"Feature"},{"geometry":{"coordinates":[76.9392780723661,10.3499553391982],"type":"Point"},"id":"roadkill-2011-323","properties":{"count":1,"date":"2011-08-20","habitat":"eucalyptus_tea","recorded_name":"Gastropoda","route":"Old Valparai","source_row":323,"taxon_group":"mollusca"},"type":"Feature"},{"geometry":{"coordinates":[76.9341683137174,10.3429533216811],"type":"Point"},"id":"roadkill-2011-324","properties":{"count":1,"date":"2011-08-20","habitat":"eucalyptus_tea","recorded_name":"Anura","route":"Old Valparai","source_row":324,"taxon_group":"amphibia"},"type":"Feature"},{"geometry":{"coordinates":[76.9380130913757,10.3520962802166],"type":"Point"},"id":"roadkill-2011-325","properties":{"count":1,"date":"2011-08-20","habitat":"forest","recorded_name":"Anura","route":"Old Valparai","source_row":325,"taxon_group":"amphibia"},"type":"Feature"},{"geometry":{"coordinates":[76.9350328505773,10.3499537630068],"type":"Point"},"id":"roadkill-2011-326","properties":{"count":1,"date":"2011-08-20","habitat":"coffee_forest","recorded_name":"Anura","route":"Old Valparai","source_row":326,"taxon_group":"amphibia"},"type":"Feature"},{"geometry":{"coordinates":[76.9323088915849,10.3568582495604],"type":"Point"},"id":"roadkill-2011-327","properties":{"count":1,"date":"2011-08-20","habitat":"coffee","recorded_name":"Anura","route":"Old Valparai","source_row":327,"taxon_group":"amphibia"},"type":"Feature"},{"geometry":{"coordinates":[76.9345679292271,10.3381418915946],"type":"Point"},"id":"roadkill-2011-328","properties":{"count":1,"date":"2011-08-30","habitat":"forest","recorded_name":"Paradoxurus jerdoni","route":"Old Valparai","source_row":328,"taxon_group":"mammalia"},"type":"Feature"},{"geometry":{"coordinates":[76.9348392543011,10.3496475826211],"type":"Point"},"id":"roadkill-2011-329","properties":{"count":1,"date":"2011-08-30","habitat":"coffee_forest","recorded_name":"Anura","route":"Old Valparai","source_row":329,"taxon_group":"amphibia"},"type":"Feature"},{"geometry":{"coordinates":[76.9357490319176,10.3550839049822],"type":"Point"},"id":"roadkill-2011-330","properties":{"count":1,"date":"2011-08-30","habitat":"coffee","recorded_name":"Anura","route":"Old Valparai","source_row":330,"taxon_group":"amphibia"},"type":"Feature"},{"geometry":{"coordinates":[76.9357595478015,10.3553098296815],"type":"Point"},"id":"roadkill-2011-331","properties":{"count":1,"date":"2011-08-30","habitat":"coffee","recorded_name":"Anura","route":"Old Valparai","source_row":331,"taxon_group":"amphibia"},"type":"Feature"},{"geometry":{"coordinates":[76.9340813903026,10.3391933975357],"type":"Point"},"id":"roadkill-2011-332","properties":{"count":1,"date":"2011-08-30","habitat":"tea","recorded_name":"Funambulus tristriatus","route":"Old Valparai","source_row":332,"taxon_group":"mammalia"},"type":"Feature"},{"geometry":{"coordinates":[76.9357688775895,10.3330002292764],"type":"Point"},"id":"roadkill-2011-333","properties":{"count":1,"date":"2011-08-30","habitat":"tea","recorded_name":"Uropeltidae","route":"Old Valparai","source_row":333,"taxon_group":"reptilia"},"type":"Feature"},{"geometry":{"coordinates":[76.9348859959823,10.3349219090285],"type":"Point"},"id":"roadkill-2011-334","properties":{"count":1,"date":"2011-08-30","habitat":"tea","recorded_name":"Uropeltidae","route":"Old Valparai","source_row":334,"taxon_group":"reptilia"},"type":"Feature"},{"geometry":{"coordinates":[76.9393054042495,10.3499461350652],"type":"Point"},"id":"roadkill-2011-335","properties":{"count":1,"date":"2011-08-30","habitat":"eucalyptus_tea","recorded_name":"Uropeltidae","route":"Old Valparai","source_row":335,"taxon_group":"reptilia"},"type":"Feature"},{"geometry":{"coordinates":[76.9359952933855,10.3505807435229],"type":"Point"},"id":"roadkill-2011-336","properties":{"count":1,"date":"2011-08-30","habitat":"forest","recorded_name":"Uropeltidae","route":"Old Valparai","source_row":336,"taxon_group":"reptilia"},"type":"Feature"},{"geometry":{"coordinates":[76.9348858308787,10.3363863142459],"type":"Point"},"id":"roadkill-2011-337","properties":{"count":1,"date":"2011-08-30","habitat":"tea","recorded_name":"Anura","route":"Old Valparai","source_row":337,"taxon_group":"amphibia"},"type":"Feature"},{"geometry":{"coordinates":[76.9376280551004,10.3518364523286],"type":"Point"},"id":"roadkill-2011-338","properties":{"count":1,"date":"2011-08-30","habitat":"forest","recorded_name":"Anura","route":"Old Valparai","source_row":338,"taxon_group":"amphibia"},"type":"Feature"},{"geometry":{"coordinates":[76.9398895956353,10.3514160541585],"type":"Point"},"id":"roadkill-2011-339","properties":{"count":1,"date":"2011-09-06","habitat":"coffee_forest","recorded_name":"Annelida","route":"Old Valparai","source_row":339,"taxon_group":"annelida"},"type":"Feature"},{"geometry":{"coordinates":[76.9351589722701,10.3317925926093],"type":"Point"},"id":"roadkill-2011-340","properties":{"count":1,"date":"2011-09-06","habitat":"tea","recorded_name":"Anura","route":"Old Valparai","source_row":340,"taxon_group":"amphibia"},"type":"Feature"},{"geometry":{"coordinates":[76.9335284006418,10.3413210068117],"type":"Point"},"id":"roadkill-2011-341","properties":{"count":1,"date":"2011-09-06","habitat":"tea","recorded_name":"Anura","route":"Old Valparai","source_row":341,"taxon_group":"amphibia"},"type":"Feature"},{"geometry":{"coordinates":[76.9365023839371,10.3469257286177],"type":"Point"},"id":"roadkill-2011-342","properties":{"count":1,"date":"2011-09-06","habitat":"eucalyptus_tea","recorded_name":"Anura","route":"Old Valparai","source_row":342,"taxon_group":"amphibia"},"type":"Feature"},{"geometry":{"coordinates":[76.9396426455519,10.3528277042255],"type":"Point"},"id":"roadkill-2011-343","properties":{"count":1,"date":"2011-09-06","habitat":"forest","recorded_name":"Anura","route":"Old Valparai","source_row":343,"taxon_group":"amphibia"},"type":"Feature"},{"geometry":{"coordinates":[76.9357199038017,10.3533123344918],"type":"Point"},"id":"roadkill-2011-344","properties":{"count":1,"date":"2011-09-06","habitat":"coffee","recorded_name":"Anura","route":"Old Valparai","source_row":344,"taxon_group":"amphibia"},"type":"Feature"},{"geometry":{"coordinates":[76.9356439511339,10.3543252174506],"type":"Point"},"id":"roadkill-2011-345","properties":{"count":1,"date":"2011-09-06","habitat":"coffee","recorded_name":"Anura","route":"Old Valparai","source_row":345,"taxon_group":"amphibia"},"type":"Feature"},{"geometry":{"coordinates":[76.9357308287646,10.3550930539958],"type":"Point"},"id":"roadkill-2011-346","properties":{"count":1,"date":"2011-09-06","habitat":"coffee","recorded_name":"Anura","route":"Old Valparai","source_row":346,"taxon_group":"amphibia"},"type":"Feature"},{"geometry":{"coordinates":[76.9355900839925,10.3559616943783],"type":"Point"},"id":"roadkill-2011-347","properties":{"count":1,"date":"2011-09-06","habitat":"coffee","recorded_name":"Anura","route":"Old Valparai","source_row":347,"taxon_group":"amphibia"},"type":"Feature"},{"geometry":{"coordinates":[76.9360636334894,10.3513034940561],"type":"Point"},"id":"roadkill-2011-348","properties":{"count":1,"date":"2011-09-06","habitat":"coffee_forest","recorded_name":"Muridae","route":"Old Valparai","source_row":348,"taxon_group":"mammalia"},"type":"Feature"},{"geometry":{"coordinates":[76.9357212003061,10.3550117562462],"type":"Point"},"id":"roadkill-2011-349","properties":{"count":1,"date":"2011-09-06","habitat":"coffee","recorded_name":"Gastropoda","route":"Old Valparai","source_row":349,"taxon_group":"mollusca"},"type":"Feature"},{"geometry":{"coordinates":[76.9351591626047,10.3497089366859],"type":"Point"},"id":"roadkill-2011-350","properties":{"count":1,"date":"2011-09-06","habitat":"forest","recorded_name":"Anura","route":"Old Valparai","source_row":350,"taxon_group":"amphibia"},"type":"Feature"},{"geometry":{"coordinates":[76.9345890554574,10.349043437752],"type":"Point"},"id":"roadkill-2011-351","properties":{"count":1,"date":"2011-09-06","habitat":"coffee_forest","recorded_name":"Anura","route":"Old Valparai","source_row":351,"taxon_group":"amphibia"},"type":"Feature"},{"geometry":{"coordinates":[76.9371875491739,10.3529509635655],"type":"Point"},"id":"roadkill-2011-352","properties":{"count":1,"date":"2011-09-06","habitat":"coffee","recorded_name":"Anura","route":"Old Valparai","source_row":352,"taxon_group":"amphibia"},"type":"Feature"},{"geometry":{"coordinates":[76.931732190745,10.3566086053613],"type":"Point"},"id":"roadkill-2011-353","properties":{"count":1,"date":"2011-09-14","habitat":"coffee","recorded_name":"Chilopoda","route":"Old Valparai","source_row":353,"taxon_group":"chilopoda"},"type":"Feature"},{"geometry":{"coordinates":[76.9313750936031,10.3564389977658],"type":"Point"},"id":"roadkill-2011-354","properties":{"count":1,"date":"2011-09-14","habitat":"coffee","recorded_name":"Squamata","route":"Old Valparai","source_row":354,"taxon_group":"reptilia"},"type":"Feature"},{"geometry":{"coordinates":[76.9362357008921,10.3466109488778],"type":"Point"},"id":"roadkill-2011-355","properties":{"count":1,"date":"2011-09-14","habitat":"eucalyptus_tea","recorded_name":"Annelida","route":"Old Valparai","source_row":355,"taxon_group":"annelida"},"type":"Feature"},{"geometry":{"coordinates":[76.9348769779068,10.3349400422142],"type":"Point"},"id":"roadkill-2011-356","properties":{"count":1,"date":"2011-09-14","habitat":"tea","recorded_name":"Anura","route":"Old Valparai","source_row":356,"taxon_group":"amphibia"},"type":"Feature"},{"geometry":{"coordinates":[76.9316314908752,10.3565640122121],"type":"Point"},"id":"roadkill-2011-357","properties":{"count":1,"date":"2011-09-14","habitat":"coffee","recorded_name":"Anura","route":"Old Valparai","source_row":357,"taxon_group":"amphibia"},"type":"Feature"},{"geometry":{"coordinates":[76.9312377656635,10.3563765452455],"type":"Point"},"id":"roadkill-2011-358","properties":{"count":1,"date":"2011-09-14","habitat":"coffee","recorded_name":"Anura","route":"Old Valparai","source_row":358,"taxon_group":"amphibia"},"type":"Feature"},{"geometry":{"coordinates":[76.934876868112,10.3364134866374],"type":"Point"},"id":"roadkill-2011-359","properties":{"count":1,"date":"2011-09-14","habitat":"tea","recorded_name":"Anura","route":"Old Valparai","source_row":359,"taxon_group":"amphibia"},"type":"Feature"},{"geometry":{"coordinates":[76.9342887616126,10.3432418635527],"type":"Point"},"id":"roadkill-2011-360","properties":{"count":2,"date":"2011-09-14","habitat":"eucalyptus_tea","recorded_name":"Anura","route":"Old Valparai","source_row":360,"taxon_group":"amphibia"},"type":"Feature"},{"geometry":{"coordinates":[76.9360960470009,10.3506343747409],"type":"Point"},"id":"roadkill-2011-361","properties":{"count":1,"date":"2011-09-14","habitat":"forest","recorded_name":"Anura","route":"Old Valparai","source_row":361,"taxon_group":"amphibia"},"type":"Feature"},{"geometry":{"coordinates":[76.9348094290394,10.3492500227149],"type":"Point"},"id":"roadkill-2011-362","properties":{"count":1,"date":"2011-09-14","habitat":"forest","recorded_name":"Anura","route":"Old Valparai","source_row":362,"taxon_group":"amphibia"},"type":"Feature"},{"geometry":{"coordinates":[76.9367627221679,10.3521580428315],"type":"Point"},"id":"roadkill-2011-363","properties":{"count":1,"date":"2011-09-14","habitat":"coffee_forest","recorded_name":"Anura","route":"Old Valparai","source_row":363,"taxon_group":"amphibia"},"type":"Feature"},{"geometry":{"coordinates":[76.9357119600794,10.3549937327898],"type":"Point"},"id":"roadkill-2011-364","properties":{"count":1,"date":"2011-09-14","habitat":"coffee","recorded_name":"Anura","route":"Old Valparai","source_row":364,"taxon_group":"amphibia"},"type":"Feature"},{"geometry":{"coordinates":[76.9357597696567,10.3553459864195],"type":"Point"},"id":"roadkill-2011-365","properties":{"count":1,"date":"2011-09-14","habitat":"coffee","recorded_name":"Anura","route":"Old Valparai","source_row":365,"taxon_group":"amphibia"},"type":"Feature"},{"geometry":{"coordinates":[76.931979403518,10.3567246350836],"type":"Point"},"id":"roadkill-2011-366","properties":{"count":2,"date":"2011-09-14","habitat":"coffee","recorded_name":"Anura","route":"Old Valparai","source_row":366,"taxon_group":"amphibia"},"type":"Feature"},{"geometry":{"coordinates":[76.9364959780479,10.3518342250703],"type":"Point"},"id":"roadkill-2011-367","properties":{"count":1,"date":"2011-09-14","habitat":"coffee_forest","recorded_name":"Muridae","route":"Old Valparai","source_row":367,"taxon_group":"mammalia"},"type":"Feature"},{"geometry":{"coordinates":[76.9361144162509,10.3506523433085],"type":"Point"},"id":"roadkill-2011-368","properties":{"count":1,"date":"2011-09-14","habitat":"forest","recorded_name":"Uropeltidae","route":"Old Valparai","source_row":368,"taxon_group":"reptilia"},"type":"Feature"},{"geometry":{"coordinates":[76.9307061598619,10.3560362328119],"type":"Point"},"id":"roadkill-2011-369","properties":{"count":1,"date":"2011-09-14","habitat":"coffee","recorded_name":"Uropeltidae","route":"Old Valparai","source_row":369,"taxon_group":"reptilia"},"type":"Feature"},{"geometry":{"coordinates":[76.936328432744,10.3468454188671],"type":"Point"},"id":"roadkill-2011-370","properties":{"count":2,"date":"2011-09-14","habitat":"eucalyptus_tea","recorded_name":"Gastropoda","route":"Old Valparai","source_row":370,"taxon_group":"mollusca"},"type":"Feature"},{"geometry":{"coordinates":[76.9342605443777,10.3431064399953],"type":"Point"},"id":"roadkill-2011-371","properties":{"count":1,"date":"2011-09-14","habitat":"eucalyptus_tea","recorded_name":"Anura","route":"Old Valparai","source_row":371,"taxon_group":"amphibia"},"type":"Feature"},{"geometry":{"coordinates":[76.9350580215316,10.3495920307491],"type":"Point"},"id":"roadkill-2011-372","properties":{"count":1,"date":"2011-09-14","habitat":"forest","recorded_name":"Anura","route":"Old Valparai","source_row":372,"taxon_group":"amphibia"},"type":"Feature"},{"geometry":{"coordinates":[76.9351895980623,10.3502059275562],"type":"Point"},"id":"roadkill-2011-373","properties":{"count":1,"date":"2011-09-14","habitat":"coffee_forest","recorded_name":"Anura","route":"Old Valparai","source_row":373,"taxon_group":"amphibia"},"type":"Feature"},{"geometry":{"coordinates":[76.9368270150271,10.3522209325924],"type":"Point"},"id":"roadkill-2011-374","properties":{"count":1,"date":"2011-09-14","habitat":"coffee_forest","recorded_name":"Anura","route":"Old Valparai","source_row":374,"taxon_group":"amphibia"},"type":"Feature"},{"geometry":{"coordinates":[76.9331976541462,10.3573772036238],"type":"Point"},"id":"roadkill-2011-375","properties":{"count":1,"date":"2011-09-14","habitat":"coffee","recorded_name":"Anura","route":"Old Valparai","source_row":375,"taxon_group":"amphibia"},"type":"Feature"},{"geometry":{"coordinates":[76.9401912879524,10.3529690295596],"type":"Point"},"id":"roadkill-2011-376","properties":{"count":1,"date":"2011-09-22","habitat":"forest","recorded_name":"Coleoptera","route":"Old Valparai","source_row":376,"taxon_group":"insecta"},"type":"Feature"},{"geometry":{"coordinates":[76.9356746456736,10.3533758833136],"type":"Point"},"id":"roadkill-2011-377","properties":{"count":1,"date":"2011-09-22","habitat":"coffee","recorded_name":"Lepidoptera","route":"Old Valparai","source_row":377,"taxon_group":"insecta"},"type":"Feature"},{"geometry":{"coordinates":[76.9354274678474,10.3458203288328],"type":"Point"},"id":"roadkill-2011-378","properties":{"count":1,"date":"2011-09-22","habitat":"eucalyptus_tea","recorded_name":"Lepidoptera","route":"Old Valparai","source_row":378,"taxon_group":"insecta"},"type":"Feature"},{"geometry":{"coordinates":[76.9342512493475,10.3430793772066],"type":"Point"},"id":"roadkill-2011-379","properties":{"count":1,"date":"2011-09-22","habitat":"eucalyptus_tea","recorded_name":"Chilopoda","route":"Old Valparai","source_row":379,"taxon_group":"chilopoda"},"type":"Feature"},{"geometry":{"coordinates":[76.9350051860253,10.3499087316502],"type":"Point"},"id":"roadkill-2011-380","properties":{"count":1,"date":"2011-09-22","habitat":"coffee_forest","recorded_name":"Squamata","route":"Old Valparai","source_row":380,"taxon_group":"reptilia"},"type":"Feature"},{"geometry":{"coordinates":[76.9340663868284,10.3576070102987],"type":"Point"},"id":"roadkill-2011-381","properties":{"count":1,"date":"2011-09-22","habitat":"coffee","recorded_name":"Decapoda","route":"Old Valparai","source_row":381,"taxon_group":"crustacea"},"type":"Feature"},{"geometry":{"coordinates":[76.9351852381546,10.3450263060345],"type":"Point"},"id":"roadkill-2011-382","properties":{"count":1,"date":"2011-09-22","habitat":"eucalyptus_tea","recorded_name":"Vestalis gracilis","route":"Old Valparai","source_row":382,"taxon_group":"insecta"},"type":"Feature"},{"geometry":{"coordinates":[76.9371781979708,10.3529148617968],"type":"Point"},"id":"roadkill-2011-383","properties":{"count":1,"date":"2011-09-22","habitat":"coffee","recorded_name":"Annelida","route":"Old Valparai","source_row":383,"taxon_group":"annelida"},"type":"Feature"},{"geometry":{"coordinates":[76.9337146860039,10.3404340144373],"type":"Point"},"id":"roadkill-2011-384","properties":{"count":1,"date":"2011-09-22","habitat":"tea","recorded_name":"Anura","route":"Old Valparai","source_row":384,"taxon_group":"amphibia"},"type":"Feature"},{"geometry":{"coordinates":[76.9317596895768,10.3566265193444],"type":"Point"},"id":"roadkill-2011-385","properties":{"count":1,"date":"2011-09-22","habitat":"coffee","recorded_name":"Anura","route":"Old Valparai","source_row":385,"taxon_group":"amphibia"},"type":"Feature"},{"geometry":{"coordinates":[76.9350630715787,10.3444575497795],"type":"Point"},"id":"roadkill-2011-386","properties":{"count":1,"date":"2011-09-22","habitat":"eucalyptus_tea","recorded_name":"Anura","route":"Old Valparai","source_row":386,"taxon_group":"amphibia"},"type":"Feature"},{"geometry":{"coordinates":[76.9375821870967,10.3518005703732],"type":"Point"},"id":"roadkill-2011-387","properties":{"count":1,"date":"2011-09-22","habitat":"forest","recorded_name":"Anura","route":"Old Valparai","source_row":387,"taxon_group":"amphibia"},"type":"Feature"},{"geometry":{"coordinates":[76.9356458901637,10.3501760660078],"type":"Point"},"id":"roadkill-2011-388","properties":{"count":1,"date":"2011-09-22","habitat":"forest","recorded_name":"Anura","route":"Old Valparai","source_row":388,"taxon_group":"amphibia"},"type":"Feature"},{"geometry":{"coordinates":[76.9355357858794,10.3500863327353],"type":"Point"},"id":"roadkill-2011-389","properties":{"count":1,"date":"2011-09-22","habitat":"forest","recorded_name":"Anura","route":"Old Valparai","source_row":389,"taxon_group":"amphibia"},"type":"Feature"},{"geometry":{"coordinates":[76.9371597730252,10.3528878541489],"type":"Point"},"id":"roadkill-2011-390","properties":{"count":1,"date":"2011-09-22","habitat":"coffee","recorded_name":"Anura","route":"Old Valparai","source_row":390,"taxon_group":"amphibia"},"type":"Feature"},{"geometry":{"coordinates":[76.9367900793037,10.3536403585506],"type":"Point"},"id":"roadkill-2011-391","properties":{"count":1,"date":"2011-09-22","habitat":"coffee","recorded_name":"Anura","route":"Old Valparai","source_row":391,"taxon_group":"amphibia"},"type":"Feature"},{"geometry":{"coordinates":[76.9357470143086,10.3532669738485],"type":"Point"},"id":"roadkill-2011-392","properties":{"count":1,"date":"2011-09-22","habitat":"coffee","recorded_name":"Anura","route":"Old Valparai","source_row":392,"taxon_group":"amphibia"},"type":"Feature"},{"geometry":{"coordinates":[76.9330688455617,10.3572152659982],"type":"Point"},"id":"roadkill-2011-393","properties":{"count":1,"date":"2011-09-22","habitat":"coffee","recorded_name":"Anura","route":"Old Valparai","source_row":393,"taxon_group":"amphibia"},"type":"Feature"},{"geometry":{"coordinates":[76.9300839805062,10.3558139766607],"type":"Point"},"id":"roadkill-2011-394","properties":{"count":1,"date":"2011-09-22","habitat":"coffee","recorded_name":"Ahaetulla","route":"Old Valparai","source_row":394,"taxon_group":"reptilia"},"type":"Feature"},{"geometry":{"coordinates":[76.93559414582,10.3536475530273],"type":"Point"},"id":"roadkill-2011-395","properties":{"count":1,"date":"2011-09-22","habitat":"coffee","recorded_name":"Insecta","route":"Old Valparai","source_row":395,"taxon_group":"insecta"},"type":"Feature"},{"geometry":{"coordinates":[76.9398734107014,10.3502681352313],"type":"Point"},"id":"roadkill-2011-396","properties":{"count":1,"date":"2011-09-22","habitat":"coffee_forest","recorded_name":"Diplopoda","route":"Old Valparai","source_row":396,"taxon_group":"diplopoda"},"type":"Feature"},{"geometry":{"coordinates":[76.9357025534734,10.3549485917778],"type":"Point"},"id":"roadkill-2011-397","properties":{"count":1,"date":"2011-09-22","habitat":"coffee","recorded_name":"Diplopoda","route":"Old Valparai","source_row":397,"taxon_group":"diplopoda"},"type":"Feature"},{"geometry":{"coordinates":[76.9339661298169,10.3576347315432],"type":"Point"},"id":"roadkill-2011-398","properties":{"count":1,"date":"2011-09-22","habitat":"coffee","recorded_name":"Diplopoda","route":"Old Valparai","source_row":398,"taxon_group":"diplopoda"},"type":"Feature"},{"geometry":{"coordinates":[76.9357017007403,10.3533214834862],"type":"Point"},"id":"roadkill-2011-399","properties":{"count":1,"date":"2011-09-22","habitat":"coffee","recorded_name":"Muridae","route":"Old Valparai","source_row":399,"taxon_group":"mammalia"},"type":"Feature"},{"geometry":{"coordinates":[76.9371042762552,10.3527706744805],"type":"Point"},"id":"roadkill-2011-400","properties":{"count":1,"date":"2011-09-22","habitat":"coffee","recorded_name":"Phasmida","route":"Old Valparai","source_row":400,"taxon_group":"insecta"},"type":"Feature"},{"geometry":{"coordinates":[76.9392402376391,10.352712615383],"type":"Point"},"id":"roadkill-2011-401","properties":{"count":1,"date":"2011-09-22","habitat":"forest","recorded_name":"Phasmida","route":"Old Valparai","source_row":401,"taxon_group":"insecta"},"type":"Feature"},{"geometry":{"coordinates":[76.9352327500255,10.3497988896239],"type":"Point"},"id":"roadkill-2011-402","properties":{"count":1,"date":"2011-09-22","habitat":"forest","recorded_name":"Anura","route":"Old Valparai","source_row":402,"taxon_group":"amphibia"},"type":"Feature"},{"geometry":{"coordinates":[76.9360361350011,10.3512855803957],"type":"Point"},"id":"roadkill-2011-403","properties":{"count":1,"date":"2011-09-22","habitat":"coffee_forest","recorded_name":"Anura","route":"Old Valparai","source_row":403,"taxon_group":"amphibia"},"type":"Feature"},{"geometry":{"coordinates":[76.9369375088229,10.352373939469],"type":"Point"},"id":"roadkill-2011-404","properties":{"count":1,"date":"2011-09-22","habitat":"coffee_forest","recorded_name":"Anura","route":"Old Valparai","source_row":404,"taxon_group":"amphibia"},"type":"Feature"},{"geometry":{"coordinates":[76.9331240096532,10.3572782112775],"type":"Point"},"id":"roadkill-2011-405","properties":{"count":1,"date":"2011-09-22","habitat":"coffee","recorded_name":"Anura","route":"Old Valparai","source_row":405,"taxon_group":"amphibia"},"type":"Feature"},{"geometry":{"coordinates":[76.9349355127452,10.3355543791135],"type":"Point"},"id":"roadkill-2011-406","properties":{"count":1,"date":"2011-09-30","habitat":"tea","recorded_name":"Gymnophiona","route":"Old Valparai","source_row":406,"taxon_group":"amphibia"},"type":"Feature"},{"geometry":{"coordinates":[76.9395337438038,10.3499628386058],"type":"Point"},"id":"roadkill-2011-407","properties":{"count":28,"date":"2011-09-30","habitat":"eucalyptus_tea","recorded_name":"Annelida","route":"Old Valparai","source_row":407,"taxon_group":"annelida"},"type":"Feature"},{"geometry":{"coordinates":[76.9360017460763,10.353120809455],"type":"Point"},"id":"roadkill-2011-408","properties":{"count":1,"date":"2011-09-30","habitat":"coffee","recorded_name":"Annelida","route":"Old Valparai","source_row":408,"taxon_group":"annelida"},"type":"Feature"},{"geometry":{"coordinates":[76.9362635315165,10.3466830977177],"type":"Point"},"id":"roadkill-2011-409","properties":{"count":1,"date":"2011-09-30","habitat":"eucalyptus_tea","recorded_name":"Anura","route":"Old Valparai","source_row":409,"taxon_group":"amphibia"},"type":"Feature"},{"geometry":{"coordinates":[76.9359125209406,10.3504818065449],"type":"Point"},"id":"roadkill-2011-410","properties":{"count":1,"date":"2011-09-30","habitat":"forest","recorded_name":"Anura","route":"Old Valparai","source_row":410,"taxon_group":"amphibia"},"type":"Feature"},{"geometry":{"coordinates":[76.9357603186713,10.3509708558269],"type":"Point"},"id":"roadkill-2011-411","properties":{"count":1,"date":"2011-09-30","habitat":"coffee_forest","recorded_name":"Anura","route":"Old Valparai","source_row":411,"taxon_group":"amphibia"},"type":"Feature"},{"geometry":{"coordinates":[76.9359926168272,10.3531208643664],"type":"Point"},"id":"roadkill-2011-412","properties":{"count":1,"date":"2011-09-30","habitat":"coffee","recorded_name":"Anura","route":"Old Valparai","source_row":412,"taxon_group":"amphibia"},"type":"Feature"},{"geometry":{"coordinates":[76.9341666992474,10.3575883282179],"type":"Point"},"id":"roadkill-2011-413","properties":{"count":1,"date":"2011-09-30","habitat":"coffee","recorded_name":"Anura","route":"Old Valparai","source_row":413,"taxon_group":"amphibia"},"type":"Feature"},{"geometry":{"coordinates":[76.9370307985012,10.3526988005669],"type":"Point"},"id":"roadkill-2011-414","properties":{"count":1,"date":"2011-09-30","habitat":"coffee","recorded_name":"Platacanthomys lasiurus","route":"Old Valparai","source_row":414,"taxon_group":"mammalia"},"type":"Feature"},{"geometry":{"coordinates":[76.9379342013985,10.3496560876316],"type":"Point"},"id":"roadkill-2011-415","properties":{"count":1,"date":"2011-09-30","habitat":"eucalyptus_tea","recorded_name":"Diplopoda","route":"Old Valparai","source_row":415,"taxon_group":"diplopoda"},"type":"Feature"},{"geometry":{"coordinates":[76.9325009961487,10.3569203725569],"type":"Point"},"id":"roadkill-2011-416","properties":{"count":1,"date":"2011-09-30","habitat":"coffee","recorded_name":"Diplopoda","route":"Old Valparai","source_row":416,"taxon_group":"diplopoda"},"type":"Feature"},{"geometry":{"coordinates":[76.93325276289,10.3574311096739],"type":"Point"},"id":"roadkill-2011-417","properties":{"count":1,"date":"2011-09-30","habitat":"coffee","recorded_name":"Uropeltidae","route":"Old Valparai","source_row":417,"taxon_group":"reptilia"},"type":"Feature"},{"geometry":{"coordinates":[76.9348484942694,10.3496656061457],"type":"Point"},"id":"roadkill-2011-418","properties":{"count":1,"date":"2011-09-30","habitat":"coffee_forest","recorded_name":"Gastropoda","route":"Old Valparai","source_row":418,"taxon_group":"mollusca"},"type":"Feature"},{"geometry":{"coordinates":[76.9365145137984,10.3518793111441],"type":"Point"},"id":"roadkill-2011-419","properties":{"count":1,"date":"2011-09-30","habitat":"coffee_forest","recorded_name":"Squamata","route":"Old Valparai","source_row":419,"taxon_group":"reptilia"},"type":"Feature"},{"geometry":{"coordinates":[76.9347267142703,10.3372369853014],"type":"Point"},"id":"roadkill-2011-420","properties":{"count":1,"date":"2011-09-30","habitat":"tea","recorded_name":"Anura","route":"Old Valparai","source_row":420,"taxon_group":"amphibia"},"type":"Feature"},{"geometry":{"coordinates":[76.9350948152075,10.3496370072381],"type":"Point"},"id":"roadkill-2011-421","properties":{"count":1,"date":"2011-09-30","habitat":"forest","recorded_name":"Anura","route":"Old Valparai","source_row":421,"taxon_group":"amphibia"},"type":"Feature"},{"geometry":{"coordinates":[76.9348299589279,10.3496205199034],"type":"Point"},"id":"roadkill-2011-422","properties":{"count":1,"date":"2011-09-30","habitat":"coffee_forest","recorded_name":"Anura","route":"Old Valparai","source_row":422,"taxon_group":"amphibia"},"type":"Feature"},{"geometry":{"coordinates":[76.9356345445749,10.3542800764295],"type":"Point"},"id":"roadkill-2011-423","properties":{"count":1,"date":"2011-09-30","habitat":"coffee","recorded_name":"Anura","route":"Old Valparai","source_row":423,"taxon_group":"amphibia"},"type":"Feature"},{"geometry":{"coordinates":[76.93260158545,10.356946886989],"type":"Point"},"id":"roadkill-2011-424","properties":{"count":2,"date":"2011-09-30","habitat":"coffee","recorded_name":"Anura","route":"Old Valparai","source_row":424,"taxon_group":"amphibia"},"type":"Feature"},{"geometry":{"coordinates":[76.9340674523175,10.3428816109307],"type":"Point"},"id":"roadkill-2011-425","properties":{"count":1,"date":"2011-10-08","habitat":"eucalyptus_tea","recorded_name":"Calotes","route":"Old Valparai","source_row":425,"taxon_group":"reptilia"},"type":"Feature"},{"geometry":{"coordinates":[76.9359700713926,10.3464679133937],"type":"Point"},"id":"roadkill-2011-426","properties":{"count":1,"date":"2011-10-08","habitat":"eucalyptus_tea","recorded_name":"Calotes","route":"Old Valparai","source_row":426,"taxon_group":"reptilia"},"type":"Feature"},{"geometry":{"coordinates":[76.9341530932617,10.3389760184019],"type":"Point"},"id":"roadkill-2011-427","properties":{"count":3,"date":"2011-10-08","habitat":"tea","recorded_name":"Annelida","route":"Old Valparai","source_row":427,"taxon_group":"annelida"},"type":"Feature"},{"geometry":{"coordinates":[76.9340993160493,10.3391390527523],"type":"Point"},"id":"roadkill-2011-428","properties":{"count":1,"date":"2011-10-08","habitat":"tea","recorded_name":"Annelida","route":"Old Valparai","source_row":428,"taxon_group":"annelida"},"type":"Feature"},{"geometry":{"coordinates":[76.9341590187015,10.3429262588873],"type":"Point"},"id":"roadkill-2011-429","properties":{"count":1,"date":"2011-10-08","habitat":"eucalyptus_tea","recorded_name":"Annelida","route":"Old Valparai","source_row":429,"taxon_group":"annelida"},"type":"Feature"},{"geometry":{"coordinates":[76.9395703159016,10.3499716577904],"type":"Point"},"id":"roadkill-2011-430","properties":{"count":3,"date":"2011-10-08","habitat":"eucalyptus_tea","recorded_name":"Annelida","route":"Old Valparai","source_row":430,"taxon_group":"annelida"},"type":"Feature"},{"geometry":{"coordinates":[76.9397787121213,10.3511997743301],"type":"Point"},"id":"roadkill-2011-431","properties":{"count":1,"date":"2011-10-08","habitat":"coffee_forest","recorded_name":"Annelida","route":"Old Valparai","source_row":431,"taxon_group":"annelida"},"type":"Feature"},{"geometry":{"coordinates":[76.9347356217256,10.3372007737087],"type":"Point"},"id":"roadkill-2011-432","properties":{"count":1,"date":"2011-10-08","habitat":"tea","recorded_name":"Anura","route":"Old Valparai","source_row":432,"taxon_group":"amphibia"},"type":"Feature"},{"geometry":{"coordinates":[76.934857789646,10.3496926688623],"type":"Point"},"id":"roadkill-2011-433","properties":{"count":1,"date":"2011-10-08","habitat":"coffee_forest","recorded_name":"Anura","route":"Old Valparai","source_row":433,"taxon_group":"amphibia"},"type":"Feature"},{"geometry":{"coordinates":[76.9352541673049,10.3503140137177],"type":"Point"},"id":"roadkill-2011-434","properties":{"count":1,"date":"2011-10-08","habitat":"coffee_forest","recorded_name":"Anura","route":"Old Valparai","source_row":434,"taxon_group":"amphibia"},"type":"Feature"},{"geometry":{"coordinates":[76.9353003119752,10.350395092044],"type":"Point"},"id":"roadkill-2011-435","properties":{"count":4,"date":"2011-10-08","habitat":"coffee_forest","recorded_name":"Anura","route":"Old Valparai","source_row":435,"taxon_group":"amphibia"},"type":"Feature"},{"geometry":{"coordinates":[76.9356441389653,10.3558438554829],"type":"Point"},"id":"roadkill-2011-436","properties":{"count":1,"date":"2011-10-08","habitat":"coffee","recorded_name":"Anura","route":"Old Valparai","source_row":436,"taxon_group":"amphibia"},"type":"Feature"},{"geometry":{"coordinates":[76.9320709740966,10.3567692829246],"type":"Point"},"id":"roadkill-2011-437","properties":{"count":1,"date":"2011-10-08","habitat":"coffee","recorded_name":"Anura","route":"Old Valparai","source_row":437,"taxon_group":"amphibia"},"type":"Feature"},{"geometry":{"coordinates":[76.9316588789921,10.356563847794],"type":"Point"},"id":"roadkill-2011-438","properties":{"count":1,"date":"2011-10-08","habitat":"coffee","recorded_name":"Anura","route":"Old Valparai","source_row":438,"taxon_group":"amphibia"},"type":"Feature"},{"geometry":{"coordinates":[76.9308624655684,10.3562160857776],"type":"Point"},"id":"roadkill-2011-439","properties":{"count":1,"date":"2011-10-08","habitat":"coffee","recorded_name":"Anura","route":"Old Valparai","source_row":439,"taxon_group":"amphibia"},"type":"Feature"},{"geometry":{"coordinates":[76.9306969751771,10.3560272483772],"type":"Point"},"id":"roadkill-2011-440","properties":{"count":2,"date":"2011-10-08","habitat":"coffee","recorded_name":"Anura","route":"Old Valparai","source_row":440,"taxon_group":"amphibia"},"type":"Feature"},{"geometry":{"coordinates":[76.9335181652692,10.3411402775034],"type":"Point"},"id":"roadkill-2011-441","properties":{"count":1,"date":"2011-10-08","habitat":"tea","recorded_name":"Anura","route":"Old Valparai","source_row":441,"taxon_group":"amphibia"},"type":"Feature"},{"geometry":{"coordinates":[76.9335529657347,10.342351366495],"type":"Point"},"id":"roadkill-2011-442","properties":{"count":1,"date":"2011-10-08","habitat":"eucalyptus_tea","recorded_name":"Anura","route":"Old Valparai","source_row":442,"taxon_group":"amphibia"},"type":"Feature"},{"geometry":{"coordinates":[76.9369207891559,10.3481616261809],"type":"Point"},"id":"roadkill-2011-443","properties":{"count":1,"date":"2011-10-08","habitat":"eucalyptus_tea","recorded_name":"Anura","route":"Old Valparai","source_row":443,"taxon_group":"amphibia"},"type":"Feature"},{"geometry":{"coordinates":[76.9382190918016,10.3499617160439],"type":"Point"},"id":"roadkill-2011-444","properties":{"count":1,"date":"2011-10-08","habitat":"eucalyptus_tea","recorded_name":"Anura","route":"Old Valparai","source_row":444,"taxon_group":"amphibia"},"type":"Feature"},{"geometry":{"coordinates":[76.9395968883268,10.3528099009578],"type":"Point"},"id":"roadkill-2011-445","properties":{"count":2,"date":"2011-10-08","habitat":"forest","recorded_name":"Anura","route":"Old Valparai","source_row":445,"taxon_group":"amphibia"},"type":"Feature"},{"geometry":{"coordinates":[76.9366000373846,10.3509386869916],"type":"Point"},"id":"roadkill-2011-446","properties":{"count":1,"date":"2011-10-08","habitat":"forest","recorded_name":"Anura","route":"Old Valparai","source_row":446,"taxon_group":"amphibia"},"type":"Feature"},{"geometry":{"coordinates":[76.9353613341366,10.3499246700417],"type":"Point"},"id":"roadkill-2011-447","properties":{"count":1,"date":"2011-10-08","habitat":"forest","recorded_name":"Anura","route":"Old Valparai","source_row":447,"taxon_group":"amphibia"},"type":"Feature"},{"geometry":{"coordinates":[76.9351224243253,10.3496729993986],"type":"Point"},"id":"roadkill-2011-448","properties":{"count":2,"date":"2011-10-08","habitat":"forest","recorded_name":"Anura","route":"Old Valparai","source_row":448,"taxon_group":"amphibia"},"type":"Feature"},{"geometry":{"coordinates":[76.9337948543471,10.3401081100807],"type":"Point"},"id":"roadkill-2011-449","properties":{"count":1,"date":"2011-10-08","habitat":"tea","recorded_name":"Lampyridae","route":"Old Valparai","source_row":449,"taxon_group":"insecta"},"type":"Feature"},{"geometry":{"coordinates":[76.9351041106027,10.349664069944],"type":"Point"},"id":"roadkill-2011-450","properties":{"count":1,"date":"2011-10-08","habitat":"forest","recorded_name":"Lampyridae","route":"Old Valparai","source_row":450,"taxon_group":"insecta"},"type":"Feature"},{"geometry":{"coordinates":[76.9357688775895,10.3330002292764],"type":"Point"},"id":"roadkill-2011-451","properties":{"count":1,"date":"2011-10-08","habitat":"tea","recorded_name":"Orthoptera","route":"Old Valparai","source_row":451,"taxon_group":"insecta"},"type":"Feature"},{"geometry":{"coordinates":[76.9365954487677,10.3472144335805],"type":"Point"},"id":"roadkill-2011-452","properties":{"count":1,"date":"2011-10-08","habitat":"eucalyptus_tea","recorded_name":"Orthoptera","route":"Old Valparai","source_row":452,"taxon_group":"insecta"},"type":"Feature"},{"geometry":{"coordinates":[76.9350893724608,10.3338449841419],"type":"Point"},"id":"roadkill-2011-453","properties":{"count":1,"date":"2011-10-08","habitat":"tea","recorded_name":"Diplopoda","route":"Old Valparai","source_row":453,"taxon_group":"diplopoda"},"type":"Feature"},{"geometry":{"coordinates":[76.9342284015461,10.3438207559807],"type":"Point"},"id":"roadkill-2011-454","properties":{"count":1,"date":"2011-10-08","habitat":"eucalyptus_tea","recorded_name":"Diplopoda","route":"Old Valparai","source_row":454,"taxon_group":"diplopoda"},"type":"Feature"},{"geometry":{"coordinates":[76.9397722679375,10.3501512311298],"type":"Point"},"id":"roadkill-2011-455","properties":{"count":2,"date":"2011-10-08","habitat":"eucalyptus_tea","recorded_name":"Diplopoda","route":"Old Valparai","source_row":455,"taxon_group":"diplopoda"},"type":"Feature"},{"geometry":{"coordinates":[76.9339935179889,10.3576345669097],"type":"Point"},"id":"roadkill-2011-456","properties":{"count":1,"date":"2011-10-08","habitat":"coffee","recorded_name":"Diplopoda","route":"Old Valparai","source_row":456,"taxon_group":"diplopoda"},"type":"Feature"},{"geometry":{"coordinates":[76.9333538510429,10.3575389765947],"type":"Point"},"id":"roadkill-2011-457","properties":{"count":1,"date":"2011-10-08","habitat":"coffee","recorded_name":"Diplopoda","route":"Old Valparai","source_row":457,"taxon_group":"diplopoda"},"type":"Feature"},{"geometry":{"coordinates":[76.9341980735605,10.338867274049],"type":"Point"},"id":"roadkill-2011-458","properties":{"count":1,"date":"2011-10-08","habitat":"tea","recorded_name":"Mantodea","route":"Old Valparai","source_row":458,"taxon_group":"insecta"},"type":"Feature"},{"geometry":{"coordinates":[76.9354478753247,10.3506382720723],"type":"Point"},"id":"roadkill-2011-459","properties":{"count":1,"date":"2011-10-08","habitat":"coffee_forest","recorded_name":"Ptyas mucosa","route":"Old Valparai","source_row":459,"taxon_group":"reptilia"},"type":"Feature"},{"geometry":{"coordinates":[76.935119580339,10.3343058189774],"type":"Point"},"id":"roadkill-2011-460","properties":{"count":1,"date":"2011-10-08","habitat":"tea","recorded_name":"Uropeltidae","route":"Old Valparai","source_row":460,"taxon_group":"reptilia"},"type":"Feature"},{"geometry":{"coordinates":[76.933615983131,10.340714832336],"type":"Point"},"id":"roadkill-2011-461","properties":{"count":1,"date":"2011-10-08","habitat":"eucalyptus_tea","recorded_name":"Scincidae","route":"Old Valparai","source_row":461,"taxon_group":"reptilia"},"type":"Feature"},{"geometry":{"coordinates":[76.93426071044,10.3431335575934],"type":"Point"},"id":"roadkill-2011-462","properties":{"count":1,"date":"2011-10-08","habitat":"eucalyptus_tea","recorded_name":"Gastropoda","route":"Old Valparai","source_row":462,"taxon_group":"mollusca"},"type":"Feature"},{"geometry":{"coordinates":[76.9351821917274,10.3445291503931],"type":"Point"},"id":"roadkill-2011-463","properties":{"count":1,"date":"2011-10-20","habitat":"eucalyptus_tea","recorded_name":"Gymnophiona","route":"Old Valparai","source_row":463,"taxon_group":"amphibia"},"type":"Feature"},{"geometry":{"coordinates":[76.9349849181101,10.3346772479797],"type":"Point"},"id":"roadkill-2011-464","properties":{"count":1,"date":"2011-10-20","habitat":"tea","recorded_name":"Annelida","route":"Old Valparai","source_row":464,"taxon_group":"annelida"},"type":"Feature"},{"geometry":{"coordinates":[76.9342702190429,10.3387222085273],"type":"Point"},"id":"roadkill-2011-465","properties":{"count":4,"date":"2011-10-20","habitat":"forest","recorded_name":"Annelida","route":"Old Valparai","source_row":465,"taxon_group":"annelida"},"type":"Feature"},{"geometry":{"coordinates":[76.93432443878,10.3386314877856],"type":"Point"},"id":"roadkill-2011-466","properties":{"count":1,"date":"2011-10-20","habitat":"forest","recorded_name":"Anura","route":"Old Valparai","source_row":466,"taxon_group":"amphibia"},"type":"Feature"},{"geometry":{"coordinates":[76.9378755981763,10.3520067128857],"type":"Point"},"id":"roadkill-2011-467","properties":{"count":1,"date":"2011-10-20","habitat":"forest","recorded_name":"Anura","route":"Old Valparai","source_row":467,"taxon_group":"amphibia"},"type":"Feature"},{"geometry":{"coordinates":[76.9353189028693,10.3504492174263],"type":"Point"},"id":"roadkill-2011-468","properties":{"count":1,"date":"2011-10-20","habitat":"coffee_forest","recorded_name":"Anura","route":"Old Valparai","source_row":468,"taxon_group":"amphibia"},"type":"Feature"},{"geometry":{"coordinates":[76.9356451157003,10.3545150403484],"type":"Point"},"id":"roadkill-2011-469","properties":{"count":1,"date":"2011-10-20","habitat":"coffee","recorded_name":"Anura","route":"Old Valparai","source_row":469,"taxon_group":"amphibia"},"type":"Feature"},{"geometry":{"coordinates":[76.9298732310688,10.3556886870012],"type":"Point"},"id":"roadkill-2011-470","properties":{"count":2,"date":"2011-10-20","habitat":"coffee","recorded_name":"Anura","route":"Old Valparai","source_row":470,"taxon_group":"amphibia"},"type":"Feature"},{"geometry":{"coordinates":[76.9332436889046,10.3574402037267],"type":"Point"},"id":"roadkill-2011-471","properties":{"count":1,"date":"2011-10-20","habitat":"coffee","recorded_name":"Uropeltidae","route":"Old Valparai","source_row":471,"taxon_group":"reptilia"},"type":"Feature"},{"geometry":{"coordinates":[76.9367438226962,10.3535412022484],"type":"Point"},"id":"roadkill-2011-472","properties":{"count":1,"date":"2011-10-20","habitat":"coffee","recorded_name":"Gastropoda","route":"Old Valparai","source_row":472,"taxon_group":"mollusca"},"type":"Feature"},{"geometry":{"coordinates":[76.9298088279155,10.3556077173075],"type":"Point"},"id":"roadkill-2011-473","properties":{"count":1,"date":"2011-10-20","habitat":"coffee","recorded_name":"Squamata","route":"Old Valparai","source_row":473,"taxon_group":"reptilia"},"type":"Feature"},{"geometry":{"coordinates":[76.9351167032242,10.3338357805869],"type":"Point"},"id":"roadkill-2011-474","properties":{"count":1,"date":"2011-10-20","habitat":"tea","recorded_name":"Anura","route":"Old Valparai","source_row":474,"taxon_group":"amphibia"},"type":"Feature"},{"geometry":{"coordinates":[76.9364781866262,10.3533981683415],"type":"Point"},"id":"roadkill-2011-475","properties":{"count":1,"date":"2011-10-20","habitat":"coffee","recorded_name":"Anura","route":"Old Valparai","source_row":475,"taxon_group":"amphibia"},"type":"Feature"},{"geometry":{"coordinates":[76.9356260807446,10.3543886015657],"type":"Point"},"id":"roadkill-2011-476","properties":{"count":1,"date":"2011-10-20","habitat":"coffee","recorded_name":"Anura","route":"Old Valparai","source_row":476,"taxon_group":"amphibia"},"type":"Feature"},{"geometry":{"coordinates":[76.9325650125556,10.3569380671269],"type":"Point"},"id":"roadkill-2011-477","properties":{"count":4,"date":"2011-10-20","habitat":"coffee","recorded_name":"Anura","route":"Old Valparai","source_row":477,"taxon_group":"amphibia"},"type":"Feature"},{"geometry":{"coordinates":[76.9321167317105,10.356787087232],"type":"Point"},"id":"roadkill-2011-478","properties":{"count":3,"date":"2011-10-20","habitat":"coffee","recorded_name":"Anura","route":"Old Valparai","source_row":478,"taxon_group":"amphibia"},"type":"Feature"},{"geometry":{"coordinates":[76.9312103222168,10.3563676704165],"type":"Point"},"id":"roadkill-2011-479","properties":{"count":2,"date":"2011-10-20","habitat":"coffee","recorded_name":"Anura","route":"Old Valparai","source_row":479,"taxon_group":"amphibia"},"type":"Feature"},{"geometry":{"coordinates":[76.9306508304771,10.3559461693521],"type":"Point"},"id":"roadkill-2011-480","properties":{"count":4,"date":"2011-10-20","habitat":"coffee","recorded_name":"Anura","route":"Old Valparai","source_row":480,"taxon_group":"amphibia"},"type":"Feature"},{"geometry":{"coordinates":[76.9298824157228,10.3556976714657],"type":"Point"},"id":"roadkill-2011-481","properties":{"count":2,"date":"2011-10-20","habitat":"coffee","recorded_name":"Anura","route":"Old Valparai","source_row":481,"taxon_group":"amphibia"},"type":"Feature"},{"geometry":{"coordinates":[76.9354337174691,10.3334270990143],"type":"Point"},"id":"roadkill-2011-482","properties":{"count":1,"date":"2011-10-30","habitat":"tea","recorded_name":"Gymnophiona","route":"Old Valparai","source_row":482,"taxon_group":"amphibia"},"type":"Feature"},{"geometry":{"coordinates":[76.9341260940047,10.3390394571724],"type":"Point"},"id":"roadkill-2011-483","properties":{"count":1,"date":"2011-10-30","habitat":"tea","recorded_name":"Gymnophiona","route":"Old Valparai","source_row":483,"taxon_group":"amphibia"},"type":"Feature"},{"geometry":{"coordinates":[76.9339920381325,10.339510317466],"type":"Point"},"id":"roadkill-2011-484","properties":{"count":1,"date":"2011-10-30","habitat":"tea","recorded_name":"Gymnophiona","route":"Old Valparai","source_row":484,"taxon_group":"amphibia"},"type":"Feature"},{"geometry":{"coordinates":[76.9340398440408,10.342845618536],"type":"Point"},"id":"roadkill-2011-485","properties":{"count":1,"date":"2011-10-30","habitat":"eucalyptus_tea","recorded_name":"Gymnophiona","route":"Old Valparai","source_row":485,"taxon_group":"amphibia"},"type":"Feature"},{"geometry":{"coordinates":[76.9363335328565,10.3476770239731],"type":"Point"},"id":"roadkill-2011-486","properties":{"count":2,"date":"2011-10-30","habitat":"eucalyptus_tea","recorded_name":"Gymnophiona","route":"Old Valparai","source_row":486,"taxon_group":"amphibia"},"type":"Feature"},{"geometry":{"coordinates":[76.9368913079119,10.3522838223356],"type":"Point"},"id":"roadkill-2011-487","properties":{"count":1,"date":"2011-10-30","habitat":"coffee_forest","recorded_name":"Gymnophiona","route":"Old Valparai","source_row":487,"taxon_group":"amphibia"},"type":"Feature"},{"geometry":{"coordinates":[76.936975523756,10.3526177775782],"type":"Point"},"id":"roadkill-2011-488","properties":{"count":1,"date":"2011-10-30","habitat":"coffee","recorded_name":"Anura","route":"Old Valparai","source_row":488,"taxon_group":"amphibia"},"type":"Feature"},{"geometry":{"coordinates":[76.9349008814762,10.331387362126],"type":"Point"},"id":"roadkill-2011-489","properties":{"count":1,"date":"2011-10-30","habitat":"tea","recorded_name":"Lampyridae","route":"Old Valparai","source_row":489,"taxon_group":"insecta"},"type":"Feature"},{"geometry":{"coordinates":[76.9359860533212,10.350562720049],"type":"Point"},"id":"roadkill-2011-490","properties":{"count":1,"date":"2011-10-30","habitat":"forest","recorded_name":"Muridae","route":"Old Valparai","source_row":490,"taxon_group":"mammalia"},"type":"Feature"},{"geometry":{"coordinates":[76.9348228701501,10.3365403641862],"type":"Point"},"id":"roadkill-2011-491","properties":{"count":1,"date":"2011-10-30","habitat":"tea","recorded_name":"Uropeltidae","route":"Old Valparai","source_row":491,"taxon_group":"reptilia"},"type":"Feature"},{"geometry":{"coordinates":[76.9351867717366,10.3497449288382],"type":"Point"},"id":"roadkill-2011-492","properties":{"count":1,"date":"2011-10-30","habitat":"forest","recorded_name":"Uropeltidae","route":"Old Valparai","source_row":492,"taxon_group":"reptilia"},"type":"Feature"},{"geometry":{"coordinates":[76.9334180892345,10.357592827746],"type":"Point"},"id":"roadkill-2011-493","properties":{"count":1,"date":"2011-10-30","habitat":"coffee","recorded_name":"Uropeltidae","route":"Old Valparai","source_row":493,"taxon_group":"reptilia"},"type":"Feature"},{"geometry":{"coordinates":[76.9399658132953,10.3504483684488],"type":"Point"},"id":"roadkill-2011-494","properties":{"count":7,"date":"2011-10-30","habitat":"coffee_forest","recorded_name":"Gastropoda","route":"Old Valparai","source_row":494,"taxon_group":"mollusca"},"type":"Feature"},{"geometry":{"coordinates":[76.9363407485748,10.3533176395676],"type":"Point"},"id":"roadkill-2011-495","properties":{"count":1,"date":"2011-10-30","habitat":"coffee","recorded_name":"Squamata","route":"Old Valparai","source_row":495,"taxon_group":"reptilia"},"type":"Feature"},{"geometry":{"coordinates":[76.9348077701429,10.3310896160765],"type":"Point"},"id":"roadkill-2011-496","properties":{"count":1,"date":"2011-10-30","habitat":"tea","recorded_name":"Anura","route":"Old Valparai","source_row":496,"taxon_group":"amphibia"},"type":"Feature"},{"geometry":{"coordinates":[76.9371794742823,10.3531227628945],"type":"Point"},"id":"roadkill-2011-497","properties":{"count":1,"date":"2011-10-30","habitat":"coffee","recorded_name":"Anura","route":"Old Valparai","source_row":497,"taxon_group":"amphibia"},"type":"Feature"},{"geometry":{"coordinates":[76.9356260807446,10.3543886015657],"type":"Point"},"id":"roadkill-2011-498","properties":{"count":2,"date":"2011-10-30","habitat":"coffee","recorded_name":"Anura","route":"Old Valparai","source_row":498,"taxon_group":"amphibia"},"type":"Feature"},{"geometry":{"coordinates":[76.9334821058027,10.3576105220987],"type":"Point"},"id":"roadkill-2011-499","properties":{"count":5,"date":"2011-10-30","habitat":"coffee","recorded_name":"Anura","route":"Old Valparai","source_row":499,"taxon_group":"amphibia"},"type":"Feature"},{"geometry":{"coordinates":[76.9329678684014,10.3571254773462],"type":"Point"},"id":"roadkill-2011-500","properties":{"count":4,"date":"2011-10-30","habitat":"coffee","recorded_name":"Anura","route":"Old Valparai","source_row":500,"taxon_group":"amphibia"},"type":"Feature"},{"geometry":{"coordinates":[76.9319519046676,10.3567067211233],"type":"Point"},"id":"roadkill-2011-501","properties":{"count":23,"date":"2011-10-30","habitat":"coffee","recorded_name":"Anura","route":"Old Valparai","source_row":501,"taxon_group":"amphibia"},"type":"Feature"},{"geometry":{"coordinates":[76.9307798033357,10.3561352259089],"type":"Point"},"id":"roadkill-2011-502","properties":{"count":12,"date":"2011-10-30","habitat":"coffee","recorded_name":"Anura","route":"Old Valparai","source_row":502,"taxon_group":"amphibia"},"type":"Feature"},{"geometry":{"coordinates":[76.9301114238878,10.3558228516006],"type":"Point"},"id":"roadkill-2011-503","properties":{"count":8,"date":"2011-10-30","habitat":"coffee","recorded_name":"Anura","route":"Old Valparai","source_row":503,"taxon_group":"amphibia"},"type":"Feature"},{"geometry":{"coordinates":[76.9644369281253,10.3040906360571],"type":"Point"},"id":"roadkill-2011-504","properties":{"count":1,"date":"2011-08-17","habitat":"tea","recorded_name":"Anura","route":"Neerar Dam","source_row":504,"taxon_group":"amphibia"},"type":"Feature"},{"geometry":{"coordinates":[76.9605473665697,10.3083537310321],"type":"Point"},"id":"roadkill-2011-505","properties":{"count":1,"date":"2011-08-17","habitat":"forest_tea","recorded_name":"Orthoptera","route":"Neerar Dam","source_row":505,"taxon_group":"insecta"},"type":"Feature"},{"geometry":{"coordinates":[76.9699936832214,10.289033388198],"type":"Point"},"id":"roadkill-2011-506","properties":{"count":1,"date":"2011-08-17","habitat":"tea","recorded_name":"Diplopoda","route":"Neerar Dam","source_row":506,"taxon_group":"diplopoda"},"type":"Feature"},{"geometry":{"coordinates":[76.9727784200196,10.2847588923365],"type":"Point"},"id":"roadkill-2011-507","properties":{"count":1,"date":"2011-08-17","habitat":"tea","recorded_name":"Scorpiones","route":"Neerar Dam","source_row":507,"taxon_group":"arachnida"},"type":"Feature"},{"geometry":{"coordinates":[76.9788832174313,10.2727987679295],"type":"Point"},"id":"roadkill-2011-508","properties":{"count":1,"date":"2011-08-17","habitat":"tea","recorded_name":"Uropeltidae","route":"Neerar Dam","source_row":508,"taxon_group":"reptilia"},"type":"Feature"},{"geometry":{"coordinates":[76.9683624553639,10.2938703404114],"type":"Point"},"id":"roadkill-2011-509","properties":{"count":1,"date":"2011-08-17","habitat":"tea","recorded_name":"Scincidae","route":"Neerar Dam","source_row":509,"taxon_group":"reptilia"},"type":"Feature"},{"geometry":{"coordinates":[76.9728694662627,10.2847221803423],"type":"Point"},"id":"roadkill-2011-510","properties":{"count":1,"date":"2011-08-17","habitat":"tea","recorded_name":"Gastropoda","route":"Neerar Dam","source_row":510,"taxon_group":"mollusca"},"type":"Feature"},{"geometry":{"coordinates":[76.975696112325,10.2739842788836],"type":"Point"},"id":"roadkill-2011-511","properties":{"count":1,"date":"2011-08-17","habitat":"tea","recorded_name":"Anura","route":"Neerar Dam","source_row":511,"taxon_group":"amphibia"},"type":"Feature"},{"geometry":{"coordinates":[76.9758820169677,10.2745255072939],"type":"Point"},"id":"roadkill-2011-512","properties":{"count":1,"date":"2011-08-17","habitat":"tea","recorded_name":"Anura","route":"Neerar Dam","source_row":512,"taxon_group":"amphibia"},"type":"Feature"},{"geometry":{"coordinates":[76.9788086639709,10.2813504366727],"type":"Point"},"id":"roadkill-2011-513","properties":{"count":1,"date":"2011-08-17","habitat":"tea","recorded_name":"Anura","route":"Neerar Dam","source_row":513,"taxon_group":"amphibia"},"type":"Feature"},{"geometry":{"coordinates":[76.9791390916876,10.2816467165258],"type":"Point"},"id":"roadkill-2011-514","properties":{"count":1,"date":"2011-08-17","habitat":"tea","recorded_name":"Anura","route":"Neerar Dam","source_row":514,"taxon_group":"amphibia"},"type":"Feature"},{"geometry":{"coordinates":[76.9594814047185,10.3101590402291],"type":"Point"},"id":"roadkill-2011-515","properties":{"count":1,"date":"2011-08-26","habitat":"forest_tea","recorded_name":"Gymnophiona","route":"Neerar Dam","source_row":515,"taxon_group":"amphibia"},"type":"Feature"},{"geometry":{"coordinates":[76.9690439572524,10.2904312300982],"type":"Point"},"id":"roadkill-2011-516","properties":{"count":1,"date":"2011-08-26","habitat":"tea","recorded_name":"Squamata","route":"Neerar Dam","source_row":516,"taxon_group":"reptilia"},"type":"Feature"},{"geometry":{"coordinates":[76.9787351418708,10.2812695316555],"type":"Point"},"id":"roadkill-2011-517","properties":{"count":1,"date":"2011-08-26","habitat":"tea","recorded_name":"Decapoda","route":"Neerar Dam","source_row":517,"taxon_group":"crustacea"},"type":"Feature"},{"geometry":{"coordinates":[76.9590809330404,10.31182472203],"type":"Point"},"id":"roadkill-2011-518","properties":{"count":1,"date":"2011-08-26","habitat":"forest","recorded_name":"Anura","route":"Neerar Dam","source_row":518,"taxon_group":"amphibia"},"type":"Feature"},{"geometry":{"coordinates":[76.9679754912264,10.2977053926862],"type":"Point"},"id":"roadkill-2011-519","properties":{"count":1,"date":"2011-08-26","habitat":"tea","recorded_name":"Anura","route":"Neerar Dam","source_row":519,"taxon_group":"amphibia"},"type":"Feature"},{"geometry":{"coordinates":[76.9680270968415,10.2942520340763],"type":"Point"},"id":"roadkill-2011-520","properties":{"count":1,"date":"2011-08-26","habitat":"tea","recorded_name":"Anura","route":"Neerar Dam","source_row":520,"taxon_group":"amphibia"},"type":"Feature"},{"geometry":{"coordinates":[76.9689905390021,10.2906485001576],"type":"Point"},"id":"roadkill-2011-521","properties":{"count":1,"date":"2011-08-26","habitat":"tea","recorded_name":"Diplopoda","route":"Neerar Dam","source_row":521,"taxon_group":"diplopoda"},"type":"Feature"},{"geometry":{"coordinates":[76.9607473398941,10.3082169266975],"type":"Point"},"id":"roadkill-2011-522","properties":{"count":1,"date":"2011-08-26","habitat":"forest_tea","recorded_name":"Diplopoda","route":"Neerar Dam","source_row":522,"taxon_group":"diplopoda"},"type":"Feature"},{"geometry":{"coordinates":[76.9645626994396,10.3022910316572],"type":"Point"},"id":"roadkill-2011-523","properties":{"count":1,"date":"2011-08-26","habitat":"tea","recorded_name":"Uropeltidae","route":"Neerar Dam","source_row":523,"taxon_group":"reptilia"},"type":"Feature"},{"geometry":{"coordinates":[76.9676941473338,10.2950224064914],"type":"Point"},"id":"roadkill-2011-524","properties":{"count":2,"date":"2011-08-26","habitat":"tea","recorded_name":"Gastropoda","route":"Neerar Dam","source_row":524,"taxon_group":"mollusca"},"type":"Feature"},{"geometry":{"coordinates":[76.9679753790946,10.2976873146014],"type":"Point"},"id":"roadkill-2011-525","properties":{"count":1,"date":"2011-08-26","habitat":"tea","recorded_name":"Gastropoda","route":"Neerar Dam","source_row":525,"taxon_group":"mollusca"},"type":"Feature"},{"geometry":{"coordinates":[76.9642940775664,10.303133327615],"type":"Point"},"id":"roadkill-2011-526","properties":{"count":1,"date":"2011-08-26","habitat":"tea","recorded_name":"Anura","route":"Neerar Dam","source_row":526,"taxon_group":"amphibia"},"type":"Feature"},{"geometry":{"coordinates":[76.9790462949821,10.2828675934829],"type":"Point"},"id":"roadkill-2011-527","properties":{"count":1,"date":"2011-08-26","habitat":"tea","recorded_name":"Anura","route":"Neerar Dam","source_row":527,"taxon_group":"amphibia"},"type":"Feature"},{"geometry":{"coordinates":[76.9758080481256,10.2743722890466],"type":"Point"},"id":"roadkill-2011-528","properties":{"count":1,"date":"2011-08-26","habitat":"tea","recorded_name":"Anura","route":"Neerar Dam","source_row":528,"taxon_group":"amphibia"},"type":"Feature"},{"geometry":{"coordinates":[76.97875339576,10.2812694201789],"type":"Point"},"id":"roadkill-2011-529","properties":{"count":1,"date":"2011-08-26","habitat":"tea","recorded_name":"Anura","route":"Neerar Dam","source_row":529,"taxon_group":"amphibia"},"type":"Feature"},{"geometry":{"coordinates":[76.9690087374816,10.290639350089],"type":"Point"},"id":"roadkill-2011-530","properties":{"count":1,"date":"2011-08-26","habitat":"tea","recorded_name":"Anura","route":"Neerar Dam","source_row":530,"taxon_group":"amphibia"},"type":"Feature"},{"geometry":{"coordinates":[76.9793365793835,10.278183445228],"type":"Point"},"id":"roadkill-2011-531","properties":{"count":1,"date":"2011-09-03","habitat":"tea","recorded_name":"Gymnophiona","route":"Neerar Dam","source_row":531,"taxon_group":"amphibia"},"type":"Feature"},{"geometry":{"coordinates":[76.9778805003361,10.2788702850139],"type":"Point"},"id":"roadkill-2011-532","properties":{"count":1,"date":"2011-09-03","habitat":"tea","recorded_name":"Anura","route":"Neerar Dam","source_row":532,"taxon_group":"amphibia"},"type":"Feature"},{"geometry":{"coordinates":[76.9782030783149,10.2808388922396],"type":"Point"},"id":"roadkill-2011-533","properties":{"count":1,"date":"2011-09-03","habitat":"tea","recorded_name":"Anura","route":"Neerar Dam","source_row":533,"taxon_group":"amphibia"},"type":"Feature"},{"geometry":{"coordinates":[76.9573974342429,10.3141490194852],"type":"Point"},"id":"roadkill-2011-534","properties":{"count":1,"date":"2011-09-03","habitat":"tea","recorded_name":"Anura","route":"Neerar Dam","source_row":534,"taxon_group":"amphibia"},"type":"Feature"},{"geometry":{"coordinates":[76.9615146574166,10.3053558166303],"type":"Point"},"id":"roadkill-2011-535","properties":{"count":1,"date":"2011-09-03","habitat":"tea","recorded_name":"Hystrix indica","route":"Neerar Dam","source_row":535,"taxon_group":"mammalia"},"type":"Feature"},{"geometry":{"coordinates":[76.9778136314767,10.27839160796],"type":"Point"},"id":"roadkill-2011-536","properties":{"count":1,"date":"2011-09-03","habitat":"tea","recorded_name":"Gastropoda","route":"Neerar Dam","source_row":536,"taxon_group":"mollusca"},"type":"Feature"},{"geometry":{"coordinates":[76.9750506720658,10.272930606193],"type":"Point"},"id":"roadkill-2011-537","properties":{"count":1,"date":"2011-09-12","habitat":"tea","recorded_name":"Gymnophiona","route":"Neerar Dam","source_row":537,"taxon_group":"amphibia"},"type":"Feature"},{"geometry":{"coordinates":[76.9607836834098,10.3081895879696],"type":"Point"},"id":"roadkill-2011-538","properties":{"count":1,"date":"2011-09-12","habitat":"forest_tea","recorded_name":"Gymnophiona","route":"Neerar Dam","source_row":538,"taxon_group":"amphibia"},"type":"Feature"},{"geometry":{"coordinates":[76.9684167150341,10.2937886559487],"type":"Point"},"id":"roadkill-2011-539","properties":{"count":1,"date":"2011-09-12","habitat":"tea","recorded_name":"Squamata","route":"Neerar Dam","source_row":539,"taxon_group":"reptilia"},"type":"Feature"},{"geometry":{"coordinates":[76.9787533630068,10.2724651047583],"type":"Point"},"id":"roadkill-2011-540","properties":{"count":1,"date":"2011-09-12","habitat":"tea","recorded_name":"Anura","route":"Neerar Dam","source_row":540,"taxon_group":"amphibia"},"type":"Feature"},{"geometry":{"coordinates":[76.9823022898745,10.2736908561048],"type":"Point"},"id":"roadkill-2011-541","properties":{"count":1,"date":"2011-09-12","habitat":"forest","recorded_name":"Uropeltidae","route":"Neerar Dam","source_row":541,"taxon_group":"reptilia"},"type":"Feature"},{"geometry":{"coordinates":[76.9679463147389,10.2974163098901],"type":"Point"},"id":"roadkill-2011-542","properties":{"count":1,"date":"2011-09-12","habitat":"tea","recorded_name":"Scincidae","route":"Neerar Dam","source_row":542,"taxon_group":"reptilia"},"type":"Feature"},{"geometry":{"coordinates":[76.9697327505832,10.2896406140661],"type":"Point"},"id":"roadkill-2011-543","properties":{"count":1,"date":"2011-09-12","habitat":"tea","recorded_name":"Squamata","route":"Neerar Dam","source_row":543,"taxon_group":"reptilia"},"type":"Feature"},{"geometry":{"coordinates":[76.9759371145482,10.2745794076297],"type":"Point"},"id":"roadkill-2011-544","properties":{"count":1,"date":"2011-09-12","habitat":"tea","recorded_name":"Anura","route":"Neerar Dam","source_row":544,"taxon_group":"amphibia"},"type":"Feature"},{"geometry":{"coordinates":[76.9790226650942,10.2776068446394],"type":"Point"},"id":"roadkill-2011-545","properties":{"count":1,"date":"2011-09-19","habitat":"tea","recorded_name":"Gymnophiona","route":"Neerar Dam","source_row":545,"taxon_group":"amphibia"},"type":"Feature"},{"geometry":{"coordinates":[76.9679810204314,10.295653418909],"type":"Point"},"id":"roadkill-2011-546","properties":{"count":1,"date":"2011-09-19","habitat":"tea","recorded_name":"Gymnophiona","route":"Neerar Dam","source_row":546,"taxon_group":"amphibia"},"type":"Feature"},{"geometry":{"coordinates":[76.976071461085,10.2726984032366],"type":"Point"},"id":"roadkill-2011-547","properties":{"count":13,"date":"2011-09-19","habitat":"tea","recorded_name":"Annelida","route":"Neerar Dam","source_row":547,"taxon_group":"annelida"},"type":"Feature"},{"geometry":{"coordinates":[76.9751096679476,10.2838949861228],"type":"Point"},"id":"roadkill-2011-548","properties":{"count":1,"date":"2011-09-19","habitat":"tea","recorded_name":"Annelida","route":"Neerar Dam","source_row":548,"taxon_group":"annelida"},"type":"Feature"},{"geometry":{"coordinates":[76.9754395340015,10.2841008797666],"type":"Point"},"id":"roadkill-2011-549","properties":{"count":1,"date":"2011-09-19","habitat":"tea","recorded_name":"Anura","route":"Neerar Dam","source_row":549,"taxon_group":"amphibia"},"type":"Feature"},{"geometry":{"coordinates":[76.9686336413358,10.2934438399722],"type":"Point"},"id":"roadkill-2011-550","properties":{"count":1,"date":"2011-09-19","habitat":"tea","recorded_name":"Anura","route":"Neerar Dam","source_row":550,"taxon_group":"amphibia"},"type":"Feature"},{"geometry":{"coordinates":[76.9590547788389,10.3120237478951],"type":"Point"},"id":"roadkill-2011-551","properties":{"count":1,"date":"2011-09-19","habitat":"forest","recorded_name":"Anura","route":"Neerar Dam","source_row":551,"taxon_group":"amphibia"},"type":"Feature"},{"geometry":{"coordinates":[76.9761166453882,10.2726258130531],"type":"Point"},"id":"roadkill-2011-552","properties":{"count":1,"date":"2011-09-19","habitat":"tea","recorded_name":"Soricidae","route":"Neerar Dam","source_row":552,"taxon_group":"mammalia"},"type":"Feature"},{"geometry":{"coordinates":[76.9788824675374,10.2814765366246],"type":"Point"},"id":"roadkill-2011-553","properties":{"count":1,"date":"2011-09-19","habitat":"tea","recorded_name":"Gastropoda","route":"Neerar Dam","source_row":553,"taxon_group":"mollusca"},"type":"Feature"},{"geometry":{"coordinates":[76.9684526639039,10.2936980434699],"type":"Point"},"id":"roadkill-2011-554","properties":{"count":1,"date":"2011-09-19","habitat":"tea","recorded_name":"Anura","route":"Neerar Dam","source_row":554,"taxon_group":"amphibia"},"type":"Feature"},{"geometry":{"coordinates":[76.9600119552636,10.308863185861],"type":"Point"},"id":"roadkill-2011-555","properties":{"count":1,"date":"2011-09-19","habitat":"forest_tea","recorded_name":"Anura","route":"Neerar Dam","source_row":555,"taxon_group":"amphibia"},"type":"Feature"},{"geometry":{"coordinates":[76.9700656354899,10.2888612022421],"type":"Point"},"id":"roadkill-2011-556","properties":{"count":1,"date":"2011-09-27","habitat":"tea","recorded_name":"Gymnophiona","route":"Neerar Dam","source_row":556,"taxon_group":"amphibia"},"type":"Feature"},{"geometry":{"coordinates":[76.9768773728738,10.2760742077236],"type":"Point"},"id":"roadkill-2011-557","properties":{"count":1,"date":"2011-09-27","habitat":"tea","recorded_name":"Gymnophiona","route":"Neerar Dam","source_row":557,"taxon_group":"amphibia"},"type":"Feature"},{"geometry":{"coordinates":[76.9682263856809,10.2940067587267],"type":"Point"},"id":"roadkill-2011-558","properties":{"count":1,"date":"2011-09-27","habitat":"tea","recorded_name":"Gymnophiona","route":"Neerar Dam","source_row":558,"taxon_group":"amphibia"},"type":"Feature"},{"geometry":{"coordinates":[76.959784821223,10.3090363122476],"type":"Point"},"id":"roadkill-2011-559","properties":{"count":1,"date":"2011-09-27","habitat":"forest_tea","recorded_name":"Chilopoda","route":"Neerar Dam","source_row":559,"taxon_group":"chilopoda"},"type":"Feature"},{"geometry":{"coordinates":[76.9789371340585,10.2726628487994],"type":"Point"},"id":"roadkill-2011-560","properties":{"count":1,"date":"2011-09-27","habitat":"tea","recorded_name":"Annelida","route":"Neerar Dam","source_row":560,"taxon_group":"annelida"},"type":"Feature"},{"geometry":{"coordinates":[76.9758666867778,10.2720578568082],"type":"Point"},"id":"roadkill-2011-561","properties":{"count":8,"date":"2011-09-27","habitat":"tea","recorded_name":"Annelida","route":"Neerar Dam","source_row":561,"taxon_group":"annelida"},"type":"Feature"},{"geometry":{"coordinates":[76.9756878840286,10.2741289587108],"type":"Point"},"id":"roadkill-2011-562","properties":{"count":1,"date":"2011-09-27","habitat":"tea","recorded_name":"Diplopoda","route":"Neerar Dam","source_row":562,"taxon_group":"diplopoda"},"type":"Feature"},{"geometry":{"coordinates":[76.9681449119671,10.2941157268287],"type":"Point"},"id":"roadkill-2011-563","properties":{"count":1,"date":"2011-09-27","habitat":"tea","recorded_name":"Diplopoda","route":"Neerar Dam","source_row":563,"taxon_group":"diplopoda"},"type":"Feature"},{"geometry":{"coordinates":[76.9761302932483,10.2748222927658],"type":"Point"},"id":"roadkill-2011-564","properties":{"count":1,"date":"2011-09-27","habitat":"tea","recorded_name":"Gastropoda","route":"Neerar Dam","source_row":564,"taxon_group":"mollusca"},"type":"Feature"},{"geometry":{"coordinates":[76.9682175385741,10.2940520094521],"type":"Point"},"id":"roadkill-2011-565","properties":{"count":1,"date":"2011-09-27","habitat":"tea","recorded_name":"Gastropoda","route":"Neerar Dam","source_row":565,"taxon_group":"mollusca"},"type":"Feature"},{"geometry":{"coordinates":[76.964455015481,10.3040634079688],"type":"Point"},"id":"roadkill-2011-566","properties":{"count":1,"date":"2011-09-27","habitat":"tea","recorded_name":"Gastropoda","route":"Neerar Dam","source_row":566,"taxon_group":"mollusca"},"type":"Feature"},{"geometry":{"coordinates":[76.9611302169295,10.306659824587],"type":"Point"},"id":"roadkill-2011-567","properties":{"count":1,"date":"2011-09-27","habitat":"tea","recorded_name":"Gastropoda","route":"Neerar Dam","source_row":567,"taxon_group":"mollusca"},"type":"Feature"},{"geometry":{"coordinates":[76.9580323160003,10.3134852936586],"type":"Point"},"id":"roadkill-2011-568","properties":{"count":1,"date":"2011-09-27","habitat":"tea","recorded_name":"Squamata","route":"Neerar Dam","source_row":568,"taxon_group":"reptilia"},"type":"Feature"},{"geometry":{"coordinates":[76.9710068831807,10.2860984651107],"type":"Point"},"id":"roadkill-2011-569","properties":{"count":1,"date":"2011-09-27","habitat":"tea","recorded_name":"Anura","route":"Neerar Dam","source_row":569,"taxon_group":"amphibia"},"type":"Feature"},{"geometry":{"coordinates":[76.9644597752206,10.3033583059745],"type":"Point"},"id":"roadkill-2011-570","properties":{"count":1,"date":"2011-09-27","habitat":"tea","recorded_name":"Anura","route":"Neerar Dam","source_row":570,"taxon_group":"amphibia"},"type":"Feature"},{"geometry":{"coordinates":[76.9788598864911,10.2734497427674],"type":"Point"},"id":"roadkill-2011-571","properties":{"count":1,"date":"2011-10-06","habitat":"forest","recorded_name":"Calotes grandisquamis","route":"Neerar Dam","source_row":571,"taxon_group":"reptilia"},"type":"Feature"},{"geometry":{"coordinates":[76.9821007136328,10.273565537897],"type":"Point"},"id":"roadkill-2011-572","properties":{"count":1,"date":"2011-10-06","habitat":"forest","recorded_name":"Annelida","route":"Neerar Dam","source_row":572,"taxon_group":"annelida"},"type":"Feature"},{"geometry":{"coordinates":[76.9772355918493,10.2837735447003],"type":"Point"},"id":"roadkill-2011-573","properties":{"count":1,"date":"2011-10-06","habitat":"tea","recorded_name":"Annelida","route":"Neerar Dam","source_row":573,"taxon_group":"annelida"},"type":"Feature"},{"geometry":{"coordinates":[76.9655627577457,10.3001697365024],"type":"Point"},"id":"roadkill-2011-574","properties":{"count":1,"date":"2011-10-06","habitat":"tea","recorded_name":"Annelida","route":"Neerar Dam","source_row":574,"taxon_group":"annelida"},"type":"Feature"},{"geometry":{"coordinates":[76.9587222423273,10.3128664304221],"type":"Point"},"id":"roadkill-2011-575","properties":{"count":1,"date":"2011-10-06","habitat":"tea","recorded_name":"Annelida","route":"Neerar Dam","source_row":575,"taxon_group":"annelida"},"type":"Feature"},{"geometry":{"coordinates":[76.9782623205622,10.2727573597221],"type":"Point"},"id":"roadkill-2011-576","properties":{"count":1,"date":"2011-10-06","habitat":"tea","recorded_name":"Annelida","route":"Neerar Dam","source_row":576,"taxon_group":"annelida"},"type":"Feature"},{"geometry":{"coordinates":[76.9772573714889,10.2726007807779],"type":"Point"},"id":"roadkill-2011-577","properties":{"count":1,"date":"2011-10-06","habitat":"tea","recorded_name":"Annelida","route":"Neerar Dam","source_row":577,"taxon_group":"annelida"},"type":"Feature"},{"geometry":{"coordinates":[76.9750107414458,10.2723794484616],"type":"Point"},"id":"roadkill-2011-578","properties":{"count":1,"date":"2011-10-06","habitat":"tea","recorded_name":"Annelida","route":"Neerar Dam","source_row":578,"taxon_group":"annelida"},"type":"Feature"},{"geometry":{"coordinates":[76.9748668467037,10.2727238205098],"type":"Point"},"id":"roadkill-2011-579","properties":{"count":3,"date":"2011-10-06","habitat":"tea","recorded_name":"Annelida","route":"Neerar Dam","source_row":579,"taxon_group":"annelida"},"type":"Feature"},{"geometry":{"coordinates":[76.9756773534468,10.2739030389888],"type":"Point"},"id":"roadkill-2011-580","properties":{"count":1,"date":"2011-10-06","habitat":"tea","recorded_name":"Annelida","route":"Neerar Dam","source_row":580,"taxon_group":"annelida"},"type":"Feature"},{"geometry":{"coordinates":[76.9778144918622,10.2770628193148],"type":"Point"},"id":"roadkill-2011-581","properties":{"count":1,"date":"2011-10-06","habitat":"tea","recorded_name":"Annelida","route":"Neerar Dam","source_row":581,"taxon_group":"annelida"},"type":"Feature"},{"geometry":{"coordinates":[76.9777519366618,10.2787445188133],"type":"Point"},"id":"roadkill-2011-582","properties":{"count":1,"date":"2011-10-06","habitat":"tea","recorded_name":"Annelida","route":"Neerar Dam","source_row":582,"taxon_group":"annelida"},"type":"Feature"},{"geometry":{"coordinates":[76.9782299094309,10.2792839620305],"type":"Point"},"id":"roadkill-2011-583","properties":{"count":1,"date":"2011-10-06","habitat":"tea","recorded_name":"Annelida","route":"Neerar Dam","source_row":583,"taxon_group":"annelida"},"type":"Feature"},{"geometry":{"coordinates":[76.9788466270764,10.2830495998619],"type":"Point"},"id":"roadkill-2011-584","properties":{"count":1,"date":"2011-10-06","habitat":"tea","recorded_name":"Anura","route":"Neerar Dam","source_row":584,"taxon_group":"amphibia"},"type":"Feature"},{"geometry":{"coordinates":[76.9759678905683,10.2839349489164],"type":"Point"},"id":"roadkill-2011-585","properties":{"count":1,"date":"2011-10-06","habitat":"tea","recorded_name":"Anura","route":"Neerar Dam","source_row":585,"taxon_group":"amphibia"},"type":"Feature"},{"geometry":{"coordinates":[76.9758775758471,10.2840891687633],"type":"Point"},"id":"roadkill-2011-586","properties":{"count":1,"date":"2011-10-06","habitat":"tea","recorded_name":"Anura","route":"Neerar Dam","source_row":586,"taxon_group":"amphibia"},"type":"Feature"},{"geometry":{"coordinates":[76.9707992586591,10.2864703429722],"type":"Point"},"id":"roadkill-2011-587","properties":{"count":1,"date":"2011-10-06","habitat":"tea","recorded_name":"Anura","route":"Neerar Dam","source_row":587,"taxon_group":"amphibia"},"type":"Feature"},{"geometry":{"coordinates":[76.9688309005751,10.2913997398012],"type":"Point"},"id":"roadkill-2011-588","properties":{"count":1,"date":"2011-10-06","habitat":"tea","recorded_name":"Anura","route":"Neerar Dam","source_row":588,"taxon_group":"amphibia"},"type":"Feature"},{"geometry":{"coordinates":[76.9656081714991,10.3001333029446],"type":"Point"},"id":"roadkill-2011-589","properties":{"count":1,"date":"2011-10-06","habitat":"tea","recorded_name":"Anura","route":"Neerar Dam","source_row":589,"taxon_group":"amphibia"},"type":"Feature"},{"geometry":{"coordinates":[76.959392026206,10.310466922499],"type":"Point"},"id":"roadkill-2011-590","properties":{"count":1,"date":"2011-10-06","habitat":"forest_tea","recorded_name":"Anura","route":"Neerar Dam","source_row":590,"taxon_group":"amphibia"},"type":"Feature"},{"geometry":{"coordinates":[76.9591962984783,10.3112906966373],"type":"Point"},"id":"roadkill-2011-591","properties":{"count":2,"date":"2011-10-06","habitat":"forest","recorded_name":"Anura","route":"Neerar Dam","source_row":591,"taxon_group":"amphibia"},"type":"Feature"},{"geometry":{"coordinates":[76.975485113018,10.2840915624523],"type":"Point"},"id":"roadkill-2011-592","properties":{"count":1,"date":"2011-10-06","habitat":"tea","recorded_name":"Lampyridae","route":"Neerar Dam","source_row":592,"taxon_group":"insecta"},"type":"Feature"},{"geometry":{"coordinates":[76.9590988535563,10.311770376839],"type":"Point"},"id":"roadkill-2011-593","properties":{"count":1,"date":"2011-10-06","habitat":"forest","recorded_name":"Orthoptera","route":"Neerar Dam","source_row":593,"taxon_group":"insecta"},"type":"Feature"},{"geometry":{"coordinates":[76.9618823303602,10.3072428223655],"type":"Point"},"id":"roadkill-2011-594","properties":{"count":1,"date":"2011-10-06","habitat":"tea","recorded_name":"Scincidae","route":"Neerar Dam","source_row":594,"taxon_group":"reptilia"},"type":"Feature"},{"geometry":{"coordinates":[76.9751250891663,10.2731561368924],"type":"Point"},"id":"roadkill-2011-595","properties":{"count":1,"date":"2011-10-06","habitat":"tea","recorded_name":"Gastropoda","route":"Neerar Dam","source_row":595,"taxon_group":"mollusca"},"type":"Feature"},{"geometry":{"coordinates":[76.9782210638145,10.2793292127264],"type":"Point"},"id":"roadkill-2011-596","properties":{"count":1,"date":"2011-10-06","habitat":"tea","recorded_name":"Gastropoda","route":"Neerar Dam","source_row":596,"taxon_group":"mollusca"},"type":"Feature"},{"geometry":{"coordinates":[76.9688454654893,10.2922764712549],"type":"Point"},"id":"roadkill-2011-597","properties":{"count":4,"date":"2011-10-06","habitat":"tea","recorded_name":"Gastropoda","route":"Neerar Dam","source_row":597,"taxon_group":"mollusca"},"type":"Feature"},{"geometry":{"coordinates":[76.9679468753764,10.2975067003166],"type":"Point"},"id":"roadkill-2011-598","properties":{"count":1,"date":"2011-10-06","habitat":"tea","recorded_name":"Gastropoda","route":"Neerar Dam","source_row":598,"taxon_group":"mollusca"},"type":"Feature"},{"geometry":{"coordinates":[76.9808121025568,10.2732931933928],"type":"Point"},"id":"roadkill-2011-599","properties":{"count":1,"date":"2011-10-16","habitat":"forest","recorded_name":"Anura","route":"Neerar Dam","source_row":599,"taxon_group":"amphibia"},"type":"Feature"},{"geometry":{"coordinates":[76.9689464161462,10.290892831828],"type":"Point"},"id":"roadkill-2011-600","properties":{"count":1,"date":"2011-10-16","habitat":"tea","recorded_name":"Anura","route":"Neerar Dam","source_row":600,"taxon_group":"amphibia"},"type":"Feature"},{"geometry":{"coordinates":[76.9749772092435,10.2728587387594],"type":"Point"},"id":"roadkill-2011-601","properties":{"count":1,"date":"2011-10-16","habitat":"tea","recorded_name":"Anura","route":"Neerar Dam","source_row":601,"taxon_group":"amphibia"},"type":"Feature"},{"geometry":{"coordinates":[76.9785145757997,10.2810268164595],"type":"Point"},"id":"roadkill-2011-602","properties":{"count":1,"date":"2011-10-16","habitat":"tea","recorded_name":"Anura","route":"Neerar Dam","source_row":602,"taxon_group":"amphibia"},"type":"Feature"},{"geometry":{"coordinates":[76.9792333450111,10.2821252254463],"type":"Point"},"id":"roadkill-2011-603","properties":{"count":1,"date":"2011-10-16","habitat":"tea","recorded_name":"Anura","route":"Neerar Dam","source_row":603,"taxon_group":"amphibia"},"type":"Feature"},{"geometry":{"coordinates":[76.9753844345306,10.2840469796678],"type":"Point"},"id":"roadkill-2011-604","properties":{"count":1,"date":"2011-10-16","habitat":"tea","recorded_name":"Anura","route":"Neerar Dam","source_row":604,"taxon_group":"amphibia"},"type":"Feature"},{"geometry":{"coordinates":[76.9740045656322,10.2837842106752],"type":"Point"},"id":"roadkill-2011-605","properties":{"count":1,"date":"2011-10-16","habitat":"tea","recorded_name":"Anura","route":"Neerar Dam","source_row":605,"taxon_group":"amphibia"},"type":"Feature"},{"geometry":{"coordinates":[76.97372151497,10.2837678566824],"type":"Point"},"id":"roadkill-2011-606","properties":{"count":1,"date":"2011-10-16","habitat":"tea","recorded_name":"Anura","route":"Neerar Dam","source_row":606,"taxon_group":"amphibia"},"type":"Feature"},{"geometry":{"coordinates":[76.9727602219939,10.2847680425374],"type":"Point"},"id":"roadkill-2011-607","properties":{"count":1,"date":"2011-10-16","habitat":"tea","recorded_name":"Anura","route":"Neerar Dam","source_row":607,"taxon_group":"amphibia"},"type":"Feature"},{"geometry":{"coordinates":[76.9689903708356,10.2906213830353],"type":"Point"},"id":"roadkill-2011-608","properties":{"count":1,"date":"2011-10-16","habitat":"tea","recorded_name":"Anura","route":"Neerar Dam","source_row":608,"taxon_group":"amphibia"},"type":"Feature"},{"geometry":{"coordinates":[76.9775232981142,10.2801379728972],"type":"Point"},"id":"roadkill-2011-609","properties":{"count":1,"date":"2011-10-16","habitat":"tea","recorded_name":"Lampyridae","route":"Neerar Dam","source_row":609,"taxon_group":"insecta"},"type":"Feature"},{"geometry":{"coordinates":[76.9780274303741,10.2790140177278],"type":"Point"},"id":"roadkill-2011-610","properties":{"count":1,"date":"2011-10-16","habitat":"tea","recorded_name":"Orthoptera","route":"Neerar Dam","source_row":610,"taxon_group":"insecta"},"type":"Feature"},{"geometry":{"coordinates":[76.9588671719366,10.3126847632436],"type":"Point"},"id":"roadkill-2011-611","properties":{"count":1,"date":"2011-10-16","habitat":"tea","recorded_name":"Mantodea","route":"Neerar Dam","source_row":611,"taxon_group":"insecta"},"type":"Feature"},{"geometry":{"coordinates":[76.9593476163634,10.3106660590451],"type":"Point"},"id":"roadkill-2011-612","properties":{"count":1,"date":"2011-10-16","habitat":"forest_tea","recorded_name":"Ptyas mucosa","route":"Neerar Dam","source_row":612,"taxon_group":"reptilia"},"type":"Feature"},{"geometry":{"coordinates":[76.9789605777759,10.2778964825069],"type":"Point"},"id":"roadkill-2011-613","properties":{"count":1,"date":"2011-10-16","habitat":"tea","recorded_name":"Uropeltidae","route":"Neerar Dam","source_row":613,"taxon_group":"reptilia"},"type":"Feature"},{"geometry":{"coordinates":[76.9689559918704,10.2909650886404],"type":"Point"},"id":"roadkill-2011-614","properties":{"count":1,"date":"2011-10-16","habitat":"tea","recorded_name":"Uropeltidae","route":"Neerar Dam","source_row":614,"taxon_group":"reptilia"},"type":"Feature"},{"geometry":{"coordinates":[76.9688746974856,10.292574593032],"type":"Point"},"id":"roadkill-2011-615","properties":{"count":2,"date":"2011-10-16","habitat":"tea","recorded_name":"Gastropoda","route":"Neerar Dam","source_row":615,"taxon_group":"mollusca"},"type":"Feature"},{"geometry":{"coordinates":[76.9682627269945,10.2939794195558],"type":"Point"},"id":"roadkill-2011-616","properties":{"count":1,"date":"2011-10-16","habitat":"tea","recorded_name":"Gastropoda","route":"Neerar Dam","source_row":616,"taxon_group":"mollusca"},"type":"Feature"},{"geometry":{"coordinates":[76.9680364120416,10.2972259347866],"type":"Point"},"id":"roadkill-2011-617","properties":{"count":1,"date":"2011-10-16","habitat":"tea","recorded_name":"Gastropoda","route":"Neerar Dam","source_row":617,"taxon_group":"mollusca"},"type":"Feature"},{"geometry":{"coordinates":[76.9654734984713,10.3004956971311],"type":"Point"},"id":"roadkill-2011-618","properties":{"count":1,"date":"2011-10-16","habitat":"tea","recorded_name":"Gastropoda","route":"Neerar Dam","source_row":618,"taxon_group":"mollusca"},"type":"Feature"},{"geometry":{"coordinates":[76.9618328974794,10.305155018557],"type":"Point"},"id":"roadkill-2011-619","properties":{"count":1,"date":"2011-10-16","habitat":"tea","recorded_name":"Gastropoda","route":"Neerar Dam","source_row":619,"taxon_group":"mollusca"},"type":"Feature"},{"geometry":{"coordinates":[76.9718416970554,10.2853069583398],"type":"Point"},"id":"roadkill-2011-620","properties":{"count":1,"date":"2011-09-25","habitat":"tea","recorded_name":"Chilopoda","route":"Neerar Dam","source_row":620,"taxon_group":"chilopoda"},"type":"Feature"},{"geometry":{"coordinates":[76.9782396985833,10.2808567473456],"type":"Point"},"id":"roadkill-2011-621","properties":{"count":1,"date":"2011-09-25","habitat":"tea","recorded_name":"Annelida","route":"Neerar Dam","source_row":621,"taxon_group":"annelida"},"type":"Feature"},{"geometry":{"coordinates":[76.9590810448222,10.3118428001958],"type":"Point"},"id":"roadkill-2011-622","properties":{"count":1,"date":"2011-09-25","habitat":"forest","recorded_name":"Rhacophorus","route":"Neerar Dam","source_row":622,"taxon_group":"amphibia"},"type":"Feature"},{"geometry":{"coordinates":[76.9606837247465,10.308262509695],"type":"Point"},"id":"roadkill-2011-623","properties":{"count":1,"date":"2011-09-25","habitat":"forest_tea","recorded_name":"Anura","route":"Neerar Dam","source_row":623,"taxon_group":"amphibia"},"type":"Feature"},{"geometry":{"coordinates":[76.9690076724264,10.2904676083155],"type":"Point"},"id":"roadkill-2011-624","properties":{"count":1,"date":"2011-09-25","habitat":"tea","recorded_name":"Anura","route":"Neerar Dam","source_row":624,"taxon_group":"amphibia"},"type":"Feature"},{"geometry":{"coordinates":[76.9778558915394,10.2778489895202],"type":"Point"},"id":"roadkill-2011-625","properties":{"count":1,"date":"2011-09-25","habitat":"tea","recorded_name":"Anura","route":"Neerar Dam","source_row":625,"taxon_group":"amphibia"},"type":"Feature"},{"geometry":{"coordinates":[76.9783825488249,10.2774118869418],"type":"Point"},"id":"roadkill-2011-626","properties":{"count":1,"date":"2011-09-25","habitat":"tea","recorded_name":"Anura","route":"Neerar Dam","source_row":626,"taxon_group":"amphibia"},"type":"Feature"},{"geometry":{"coordinates":[76.9821190797096,10.2735835042703],"type":"Point"},"id":"roadkill-2011-627","properties":{"count":1,"date":"2011-09-25","habitat":"forest","recorded_name":"Nephila pilipes","route":"Neerar Dam","source_row":627,"taxon_group":"arachnida"},"type":"Feature"},{"geometry":{"coordinates":[76.9578161493336,10.3139566540215],"type":"Point"},"id":"roadkill-2011-628","properties":{"count":1,"date":"2011-09-25","habitat":"tea","recorded_name":"Diplopoda","route":"Neerar Dam","source_row":628,"taxon_group":"diplopoda"},"type":"Feature"},{"geometry":{"coordinates":[76.975041601469,10.2729397008002],"type":"Point"},"id":"roadkill-2011-629","properties":{"count":1,"date":"2011-09-25","habitat":"tea","recorded_name":"Muridae","route":"Neerar Dam","source_row":629,"taxon_group":"mammalia"},"type":"Feature"},{"geometry":{"coordinates":[76.9688490991,10.2913905897332],"type":"Point"},"id":"roadkill-2011-630","properties":{"count":1,"date":"2011-09-25","habitat":"tea","recorded_name":"Gymnophiona","route":"Neerar Dam","source_row":630,"taxon_group":"amphibia"},"type":"Feature"},{"geometry":{"coordinates":[76.9710611411357,10.2860167805406],"type":"Point"},"id":"roadkill-2011-631","properties":{"count":1,"date":"2011-09-25","habitat":"tea","recorded_name":"Craspedocephalus","route":"Neerar Dam","source_row":631,"taxon_group":"reptilia"},"type":"Feature"},{"geometry":{"coordinates":[76.9590811566041,10.3118608783616],"type":"Point"},"id":"roadkill-2011-632","properties":{"count":1,"date":"2011-09-25","habitat":"forest","recorded_name":"Gastropoda","route":"Neerar Dam","source_row":632,"taxon_group":"mollusca"},"type":"Feature"},{"geometry":{"coordinates":[76.9678556382198,10.2945694552095],"type":"Point"},"id":"roadkill-2011-633","properties":{"count":5,"date":"2011-09-25","habitat":"tea","recorded_name":"Gastropoda","route":"Neerar Dam","source_row":633,"taxon_group":"mollusca"},"type":"Feature"},{"geometry":{"coordinates":[76.9687990440877,10.2921502022703],"type":"Point"},"id":"roadkill-2011-634","properties":{"count":3,"date":"2011-09-25","habitat":"tea","recorded_name":"Gastropoda","route":"Neerar Dam","source_row":634,"taxon_group":"mollusca"},"type":"Feature"},{"geometry":{"coordinates":[76.9693506400119,10.2898418049326],"type":"Point"},"id":"roadkill-2011-635","properties":{"count":1,"date":"2011-09-25","habitat":"tea","recorded_name":"Gastropoda","route":"Neerar Dam","source_row":635,"taxon_group":"mollusca"},"type":"Feature"},{"geometry":{"coordinates":[76.9580953179506,10.3133402809726],"type":"Point"},"id":"roadkill-2011-636","properties":{"count":1,"date":"2011-09-25","habitat":"tea","recorded_name":"Anura","route":"Neerar Dam","source_row":636,"taxon_group":"amphibia"},"type":"Feature"},{"geometry":{"coordinates":[76.9600844189633,10.3087723522026],"type":"Point"},"id":"roadkill-2011-637","properties":{"count":1,"date":"2011-09-25","habitat":"forest_tea","recorded_name":"Anura","route":"Neerar Dam","source_row":637,"taxon_group":"amphibia"},"type":"Feature"},{"geometry":{"coordinates":[76.9693965004756,10.2898776834875],"type":"Point"},"id":"roadkill-2011-638","properties":{"count":1,"date":"2011-09-25","habitat":"tea","recorded_name":"Anura","route":"Neerar Dam","source_row":638,"taxon_group":"amphibia"},"type":"Feature"},{"geometry":{"coordinates":[76.9783552245652,10.27742109306],"type":"Point"},"id":"roadkill-2011-639","properties":{"count":1,"date":"2011-09-25","habitat":"tea","recorded_name":"Anura","route":"Neerar Dam","source_row":639,"taxon_group":"amphibia"},"type":"Feature"},{"geometry":{"coordinates":[76.9691594298979,10.3413040932505],"type":"Point"},"id":"roadkill-2011-640","properties":{"count":1,"date":"2011-06-13","habitat":"forest","recorded_name":"Gymnophiona","route":"Puthuthotam","source_row":640,"taxon_group":"amphibia"},"type":"Feature"},{"geometry":{"coordinates":[76.9661691746621,10.3390263533869],"type":"Point"},"id":"roadkill-2011-641","properties":{"count":1,"date":"2011-06-13","habitat":"forest","recorded_name":"Decapoda","route":"Puthuthotam","source_row":641,"taxon_group":"crustacea"},"type":"Feature"},{"geometry":{"coordinates":[76.9693156324887,10.3414658469988],"type":"Point"},"id":"roadkill-2011-642","properties":{"count":1,"date":"2011-06-13","habitat":"forest","recorded_name":"Annelida","route":"Puthuthotam","source_row":642,"taxon_group":"annelida"},"type":"Feature"},{"geometry":{"coordinates":[76.9647894511422,10.3388268620621],"type":"Point"},"id":"roadkill-2011-643","properties":{"count":1,"date":"2011-06-13","habitat":"forest","recorded_name":"Anura","route":"Puthuthotam","source_row":643,"taxon_group":"amphibia"},"type":"Feature"},{"geometry":{"coordinates":[76.9667509203217,10.3400894493238],"type":"Point"},"id":"roadkill-2011-644","properties":{"count":1,"date":"2011-06-13","habitat":"forest","recorded_name":"Anura","route":"Puthuthotam","source_row":644,"taxon_group":"amphibia"},"type":"Feature"},{"geometry":{"coordinates":[76.9722148133294,10.352539381524],"type":"Point"},"id":"roadkill-2011-645","properties":{"count":1,"date":"2011-06-13","habitat":"tea","recorded_name":"Anura","route":"Puthuthotam","source_row":645,"taxon_group":"amphibia"},"type":"Feature"},{"geometry":{"coordinates":[76.9724768633039,10.3564879640587],"type":"Point"},"id":"roadkill-2011-646","properties":{"count":1,"date":"2011-06-13","habitat":"tea","recorded_name":"Anura","route":"Puthuthotam","source_row":646,"taxon_group":"amphibia"},"type":"Feature"},{"geometry":{"coordinates":[76.9646776590151,10.3384659683642],"type":"Point"},"id":"roadkill-2011-647","properties":{"count":1,"date":"2011-06-13","habitat":"forest","recorded_name":"Diplopoda","route":"Puthuthotam","source_row":647,"taxon_group":"diplopoda"},"type":"Feature"},{"geometry":{"coordinates":[76.9660478585976,10.3386022429521],"type":"Point"},"id":"roadkill-2011-648","properties":{"count":1,"date":"2011-06-13","habitat":"forest","recorded_name":"Diplopoda","route":"Puthuthotam","source_row":648,"taxon_group":"diplopoda"},"type":"Feature"},{"geometry":{"coordinates":[76.9662063643159,10.3391345989647],"type":"Point"},"id":"roadkill-2011-649","properties":{"count":1,"date":"2011-06-13","habitat":"forest","recorded_name":"Diplopoda","route":"Puthuthotam","source_row":649,"taxon_group":"diplopoda"},"type":"Feature"},{"geometry":{"coordinates":[76.9666022167611,10.3396655064772],"type":"Point"},"id":"roadkill-2011-650","properties":{"count":1,"date":"2011-06-13","habitat":"forest","recorded_name":"Diplopoda","route":"Puthuthotam","source_row":650,"taxon_group":"diplopoda"},"type":"Feature"},{"geometry":{"coordinates":[76.9666306718061,10.3398370808521],"type":"Point"},"id":"roadkill-2011-651","properties":{"count":1,"date":"2011-06-13","habitat":"forest","recorded_name":"Diplopoda","route":"Puthuthotam","source_row":651,"taxon_group":"diplopoda"},"type":"Feature"},{"geometry":{"coordinates":[76.9667975204073,10.3402428341774],"type":"Point"},"id":"roadkill-2011-652","properties":{"count":1,"date":"2011-06-13","habitat":"forest","recorded_name":"Diplopoda","route":"Puthuthotam","source_row":652,"taxon_group":"diplopoda"},"type":"Feature"},{"geometry":{"coordinates":[76.966908865639,10.3405314143456],"type":"Point"},"id":"roadkill-2011-653","properties":{"count":1,"date":"2011-06-13","habitat":"forest","recorded_name":"Diplopoda","route":"Puthuthotam","source_row":653,"taxon_group":"diplopoda"},"type":"Feature"},{"geometry":{"coordinates":[76.9728258017121,10.3465877561501],"type":"Point"},"id":"roadkill-2011-654","properties":{"count":1,"date":"2011-06-13","habitat":"forest_tea","recorded_name":"Diplopoda","route":"Puthuthotam","source_row":654,"taxon_group":"diplopoda"},"type":"Feature"},{"geometry":{"coordinates":[76.9728259711423,10.3466148731159],"type":"Point"},"id":"roadkill-2011-655","properties":{"count":1,"date":"2011-06-13","habitat":"forest_tea","recorded_name":"Diplopoda","route":"Puthuthotam","source_row":655,"taxon_group":"diplopoda"},"type":"Feature"},{"geometry":{"coordinates":[76.9729203315924,10.3485667911264],"type":"Point"},"id":"roadkill-2011-656","properties":{"count":1,"date":"2011-06-13","habitat":"forest_tea","recorded_name":"Rhinolophus sp.","route":"Puthuthotam","source_row":656,"taxon_group":"mammalia"},"type":"Feature"},{"geometry":{"coordinates":[76.9691962828642,10.341358104162],"type":"Point"},"id":"roadkill-2011-657","properties":{"count":1,"date":"2011-06-13","habitat":"forest","recorded_name":"Uropeltidae","route":"Puthuthotam","source_row":657,"taxon_group":"reptilia"},"type":"Feature"},{"geometry":{"coordinates":[76.9694360528854,10.3417453309629],"type":"Point"},"id":"roadkill-2011-658","properties":{"count":1,"date":"2011-06-13","habitat":"forest","recorded_name":"Uropeltidae","route":"Puthuthotam","source_row":658,"taxon_group":"reptilia"},"type":"Feature"},{"geometry":{"coordinates":[76.9648923959497,10.3392330065031],"type":"Point"},"id":"roadkill-2011-659","properties":{"count":1,"date":"2011-06-13","habitat":"forest","recorded_name":"Soricidae","route":"Puthuthotam","source_row":659,"taxon_group":"mammalia"},"type":"Feature"},{"geometry":{"coordinates":[76.9644304544484,10.3383499632216],"type":"Point"},"id":"roadkill-2011-660","properties":{"count":1,"date":"2011-06-13","habitat":"forest","recorded_name":"Anura","route":"Puthuthotam","source_row":660,"taxon_group":"amphibia"},"type":"Feature"},{"geometry":{"coordinates":[76.9661970668994,10.3391075375712],"type":"Point"},"id":"roadkill-2011-661","properties":{"count":1,"date":"2011-06-13","habitat":"forest","recorded_name":"Anura","route":"Puthuthotam","source_row":661,"taxon_group":"amphibia"},"type":"Feature"},{"geometry":{"coordinates":[76.969187097793,10.3413491209405],"type":"Point"},"id":"roadkill-2011-662","properties":{"count":1,"date":"2011-06-13","habitat":"forest","recorded_name":"Anura","route":"Puthuthotam","source_row":662,"taxon_group":"amphibia"},"type":"Feature"},{"geometry":{"coordinates":[76.9728482184736,10.345792157384],"type":"Point"},"id":"roadkill-2011-663","properties":{"count":1,"date":"2011-06-13","habitat":"forest_tea","recorded_name":"Anura","route":"Puthuthotam","source_row":663,"taxon_group":"amphibia"},"type":"Feature"},{"geometry":{"coordinates":[76.9728258017121,10.3465877561501],"type":"Point"},"id":"roadkill-2011-664","properties":{"count":1,"date":"2011-06-13","habitat":"forest_tea","recorded_name":"Anura","route":"Puthuthotam","source_row":664,"taxon_group":"amphibia"},"type":"Feature"},{"geometry":{"coordinates":[76.9728258017121,10.3465877561501],"type":"Point"},"id":"roadkill-2011-665","properties":{"count":1,"date":"2011-06-13","habitat":"forest_tea","recorded_name":"Anura","route":"Puthuthotam","source_row":665,"taxon_group":"amphibia"},"type":"Feature"},{"geometry":{"coordinates":[76.9629095366623,10.3374643300316],"type":"Point"},"id":"roadkill-2011-666","properties":{"count":1,"date":"2011-06-26","habitat":"forest","recorded_name":"Anura","route":"Puthuthotam","source_row":666,"taxon_group":"amphibia"},"type":"Feature"},{"geometry":{"coordinates":[76.9643300391075,10.3383505752348],"type":"Point"},"id":"roadkill-2011-667","properties":{"count":1,"date":"2011-06-26","habitat":"forest","recorded_name":"Anura","route":"Puthuthotam","source_row":667,"taxon_group":"amphibia"},"type":"Feature"},{"geometry":{"coordinates":[76.964808214339,10.3389081020881],"type":"Point"},"id":"roadkill-2011-668","properties":{"count":1,"date":"2011-06-26","habitat":"forest","recorded_name":"Anura","route":"Puthuthotam","source_row":668,"taxon_group":"amphibia"},"type":"Feature"},{"geometry":{"coordinates":[76.9668805791299,10.3403869571152],"type":"Point"},"id":"roadkill-2011-669","properties":{"count":1,"date":"2011-06-26","habitat":"forest","recorded_name":"Anura","route":"Puthuthotam","source_row":669,"taxon_group":"amphibia"},"type":"Feature"},{"geometry":{"coordinates":[76.9695455457351,10.3446643726911],"type":"Point"},"id":"roadkill-2011-670","properties":{"count":1,"date":"2011-06-26","habitat":"forest","recorded_name":"Anura","route":"Puthuthotam","source_row":670,"taxon_group":"amphibia"},"type":"Feature"},{"geometry":{"coordinates":[76.9697102027717,10.3447176019746],"type":"Point"},"id":"roadkill-2011-671","properties":{"count":1,"date":"2011-06-26","habitat":"forest","recorded_name":"Uropeltidae","route":"Puthuthotam","source_row":671,"taxon_group":"reptilia"},"type":"Feature"},{"geometry":{"coordinates":[76.969682647177,10.3446906524203],"type":"Point"},"id":"roadkill-2011-672","properties":{"count":1,"date":"2011-06-26","habitat":"forest","recorded_name":"Uropeltidae","route":"Puthuthotam","source_row":672,"taxon_group":"reptilia"},"type":"Feature"},{"geometry":{"coordinates":[76.9666861191574,10.3399452149026],"type":"Point"},"id":"roadkill-2011-673","properties":{"count":1,"date":"2011-06-26","habitat":"forest","recorded_name":"Anura","route":"Puthuthotam","source_row":673,"taxon_group":"amphibia"},"type":"Feature"},{"geometry":{"coordinates":[76.969448731963,10.3423147327685],"type":"Point"},"id":"roadkill-2011-674","properties":{"count":1,"date":"2011-08-10","habitat":"forest","recorded_name":"Gymnophiona","route":"Puthuthotam","source_row":674,"taxon_group":"amphibia"},"type":"Feature"},{"geometry":{"coordinates":[76.9710699453365,10.3446369695716],"type":"Point"},"id":"roadkill-2011-675","properties":{"count":1,"date":"2011-08-10","habitat":"forest","recorded_name":"Anura","route":"Puthuthotam","source_row":675,"taxon_group":"amphibia"},"type":"Feature"},{"geometry":{"coordinates":[76.9693874810824,10.344204332114],"type":"Point"},"id":"roadkill-2011-676","properties":{"count":1,"date":"2011-08-10","habitat":"forest","recorded_name":"Anura","route":"Puthuthotam","source_row":676,"taxon_group":"amphibia"},"type":"Feature"},{"geometry":{"coordinates":[76.9683444950557,10.3409113407057],"type":"Point"},"id":"roadkill-2011-677","properties":{"count":1,"date":"2011-08-10","habitat":"forest","recorded_name":"Anura","route":"Puthuthotam","source_row":677,"taxon_group":"amphibia"},"type":"Feature"},{"geometry":{"coordinates":[76.9667602178273,10.3401165106857],"type":"Point"},"id":"roadkill-2011-678","properties":{"count":1,"date":"2011-08-10","habitat":"forest","recorded_name":"Diplopoda","route":"Puthuthotam","source_row":678,"taxon_group":"diplopoda"},"type":"Feature"},{"geometry":{"coordinates":[76.9633970614468,10.3380579603029],"type":"Point"},"id":"roadkill-2011-679","properties":{"count":1,"date":"2011-08-10","habitat":"forest","recorded_name":"Squamata","route":"Puthuthotam","source_row":679,"taxon_group":"reptilia"},"type":"Feature"},{"geometry":{"coordinates":[76.9712344332069,10.3446630810356],"type":"Point"},"id":"roadkill-2011-680","properties":{"count":1,"date":"2011-08-18","habitat":"forest","recorded_name":"Gymnophiona","route":"Puthuthotam","source_row":680,"taxon_group":"amphibia"},"type":"Feature"},{"geometry":{"coordinates":[76.9712526908307,10.3446629693044],"type":"Point"},"id":"roadkill-2011-681","properties":{"count":1,"date":"2011-08-18","habitat":"forest","recorded_name":"Gymnophiona","route":"Puthuthotam","source_row":681,"taxon_group":"amphibia"},"type":"Feature"},{"geometry":{"coordinates":[76.9695638033776,10.3446642610556],"type":"Point"},"id":"roadkill-2011-682","properties":{"count":1,"date":"2011-08-18","habitat":"forest","recorded_name":"Squamata","route":"Puthuthotam","source_row":682,"taxon_group":"reptilia"},"type":"Feature"},{"geometry":{"coordinates":[76.9665741555736,10.3395572052791],"type":"Point"},"id":"roadkill-2011-683","properties":{"count":1,"date":"2011-08-18","habitat":"forest","recorded_name":"Anura","route":"Puthuthotam","source_row":683,"taxon_group":"amphibia"},"type":"Feature"},{"geometry":{"coordinates":[76.9666583392134,10.3398821088535],"type":"Point"},"id":"roadkill-2011-684","properties":{"count":1,"date":"2011-08-18","habitat":"forest","recorded_name":"Anura","route":"Puthuthotam","source_row":684,"taxon_group":"amphibia"},"type":"Feature"},{"geometry":{"coordinates":[76.9691039814534,10.3411959598347],"type":"Point"},"id":"roadkill-2011-685","properties":{"count":1,"date":"2011-08-18","habitat":"forest","recorded_name":"Anura","route":"Puthuthotam","source_row":685,"taxon_group":"amphibia"},"type":"Feature"},{"geometry":{"coordinates":[76.9694465341091,10.3419622113968],"type":"Point"},"id":"roadkill-2011-686","properties":{"count":1,"date":"2011-08-18","habitat":"forest","recorded_name":"Anura","route":"Puthuthotam","source_row":686,"taxon_group":"amphibia"},"type":"Feature"},{"geometry":{"coordinates":[76.9670644477589,10.3405937402191],"type":"Point"},"id":"roadkill-2011-687","properties":{"count":1,"date":"2011-08-18","habitat":"forest","recorded_name":"Diplopoda","route":"Puthuthotam","source_row":687,"taxon_group":"diplopoda"},"type":"Feature"},{"geometry":{"coordinates":[76.9666120205821,10.3397739190859],"type":"Point"},"id":"roadkill-2011-688","properties":{"count":1,"date":"2011-08-18","habitat":"forest","recorded_name":"Uropeltidae","route":"Puthuthotam","source_row":688,"taxon_group":"reptilia"},"type":"Feature"},{"geometry":{"coordinates":[76.9728275737698,10.3483323367771],"type":"Point"},"id":"roadkill-2011-689","properties":{"count":1,"date":"2011-08-18","habitat":"forest_tea","recorded_name":"Uropeltidae","route":"Puthuthotam","source_row":689,"taxon_group":"reptilia"},"type":"Feature"},{"geometry":{"coordinates":[76.9695181592709,10.3446645401423],"type":"Point"},"id":"roadkill-2011-690","properties":{"count":1,"date":"2011-08-18","habitat":"forest","recorded_name":"Gastropoda","route":"Puthuthotam","source_row":690,"taxon_group":"mollusca"},"type":"Feature"},{"geometry":{"coordinates":[76.9729119935442,10.3486933928778],"type":"Point"},"id":"roadkill-2011-691","properties":{"count":1,"date":"2011-08-18","habitat":"forest_tea","recorded_name":"Gastropoda","route":"Puthuthotam","source_row":691,"taxon_group":"mollusca"},"type":"Feature"},{"geometry":{"coordinates":[76.9729050113063,10.3490369303136],"type":"Point"},"id":"roadkill-2011-692","properties":{"count":1,"date":"2011-08-18","habitat":"forest_tea","recorded_name":"Gastropoda","route":"Puthuthotam","source_row":692,"taxon_group":"mollusca"},"type":"Feature"},{"geometry":{"coordinates":[76.9727987406297,10.349561862786],"type":"Point"},"id":"roadkill-2011-693","properties":{"count":1,"date":"2011-08-18","habitat":"forest_tea","recorded_name":"Gastropoda","route":"Puthuthotam","source_row":693,"taxon_group":"mollusca"},"type":"Feature"},{"geometry":{"coordinates":[76.9727596492317,10.3506106649545],"type":"Point"},"id":"roadkill-2011-694","properties":{"count":1,"date":"2011-08-18","habitat":"tea","recorded_name":"Gastropoda","route":"Puthuthotam","source_row":694,"taxon_group":"mollusca"},"type":"Feature"},{"geometry":{"coordinates":[76.9725718952852,10.3512445687725],"type":"Point"},"id":"roadkill-2011-695","properties":{"count":1,"date":"2011-08-18","habitat":"tea","recorded_name":"Gastropoda","route":"Puthuthotam","source_row":695,"taxon_group":"mollusca"},"type":"Feature"},{"geometry":{"coordinates":[76.9652838614024,10.3390588713796],"type":"Point"},"id":"roadkill-2011-696","properties":{"count":1,"date":"2011-08-18","habitat":"forest","recorded_name":"Anura","route":"Puthuthotam","source_row":696,"taxon_group":"amphibia"},"type":"Feature"},{"geometry":{"coordinates":[76.9712801336877,10.3446718407039],"type":"Point"},"id":"roadkill-2011-697","properties":{"count":1,"date":"2011-08-18","habitat":"forest","recorded_name":"Anura","route":"Puthuthotam","source_row":697,"taxon_group":"amphibia"},"type":"Feature"},{"geometry":{"coordinates":[76.9719401736624,10.3451107283598],"type":"Point"},"id":"roadkill-2011-698","properties":{"count":1,"date":"2011-08-18","habitat":"forest","recorded_name":"Anura","route":"Puthuthotam","source_row":698,"taxon_group":"amphibia"},"type":"Feature"},{"geometry":{"coordinates":[76.9727554120867,10.3499327409373],"type":"Point"},"id":"roadkill-2011-699","properties":{"count":1,"date":"2011-08-18","habitat":"tea","recorded_name":"Anura","route":"Puthuthotam","source_row":699,"taxon_group":"amphibia"},"type":"Feature"},{"geometry":{"coordinates":[76.9727478649568,10.3501858885117],"type":"Point"},"id":"roadkill-2011-700","properties":{"count":1,"date":"2011-08-18","habitat":"tea","recorded_name":"Anura","route":"Puthuthotam","source_row":700,"taxon_group":"amphibia"},"type":"Feature"},{"geometry":{"coordinates":[76.9724873785141,10.3552495111559],"type":"Point"},"id":"roadkill-2011-701","properties":{"count":1,"date":"2011-08-18","habitat":"tea","recorded_name":"Anura","route":"Puthuthotam","source_row":701,"taxon_group":"amphibia"},"type":"Feature"},{"geometry":{"coordinates":[76.9651112034209,10.3391864754925],"type":"Point"},"id":"roadkill-2011-702","properties":{"count":1,"date":"2011-08-18","habitat":"forest","recorded_name":"Anura","route":"Puthuthotam","source_row":702,"taxon_group":"amphibia"},"type":"Feature"},{"geometry":{"coordinates":[76.9663168084614,10.3392785550769],"type":"Point"},"id":"roadkill-2011-703","properties":{"count":1,"date":"2011-08-18","habitat":"forest","recorded_name":"Anura","route":"Puthuthotam","source_row":703,"taxon_group":"amphibia"},"type":"Feature"},{"geometry":{"coordinates":[76.9691427495518,10.3430216727451],"type":"Point"},"id":"roadkill-2011-704","properties":{"count":1,"date":"2011-08-18","habitat":"forest","recorded_name":"Anura","route":"Puthuthotam","source_row":704,"taxon_group":"amphibia"},"type":"Feature"},{"geometry":{"coordinates":[76.9692736520193,10.3435180370996],"type":"Point"},"id":"roadkill-2011-705","properties":{"count":1,"date":"2011-08-18","habitat":"forest","recorded_name":"Anura","route":"Puthuthotam","source_row":705,"taxon_group":"amphibia"},"type":"Feature"},{"geometry":{"coordinates":[76.9693688289144,10.3441411706728],"type":"Point"},"id":"roadkill-2011-706","properties":{"count":1,"date":"2011-08-18","habitat":"forest","recorded_name":"Anura","route":"Puthuthotam","source_row":706,"taxon_group":"amphibia"},"type":"Feature"},{"geometry":{"coordinates":[76.969682647177,10.3446906524203],"type":"Point"},"id":"roadkill-2011-707","properties":{"count":1,"date":"2011-08-18","habitat":"forest","recorded_name":"Anura","route":"Puthuthotam","source_row":707,"taxon_group":"amphibia"},"type":"Feature"},{"geometry":{"coordinates":[76.9698392466628,10.3449156785651],"type":"Point"},"id":"roadkill-2011-708","properties":{"count":1,"date":"2011-08-18","habitat":"forest","recorded_name":"Anura","route":"Puthuthotam","source_row":708,"taxon_group":"amphibia"},"type":"Feature"},{"geometry":{"coordinates":[76.9710335429168,10.3446552710106],"type":"Point"},"id":"roadkill-2011-709","properties":{"count":1,"date":"2011-08-18","habitat":"forest","recorded_name":"Anura","route":"Puthuthotam","source_row":709,"taxon_group":"amphibia"},"type":"Feature"},{"geometry":{"coordinates":[76.9669177692601,10.3404952025277],"type":"Point"},"id":"roadkill-2011-710","properties":{"count":1,"date":"2011-08-28","habitat":"forest","recorded_name":"Gymnophiona","route":"Puthuthotam","source_row":710,"taxon_group":"amphibia"},"type":"Feature"},{"geometry":{"coordinates":[76.9639567187092,10.3385065198057],"type":"Point"},"id":"roadkill-2011-711","properties":{"count":1,"date":"2011-08-28","habitat":"forest","recorded_name":"Anura","route":"Puthuthotam","source_row":711,"taxon_group":"amphibia"},"type":"Feature"},{"geometry":{"coordinates":[76.9648641105579,10.3390885488932],"type":"Point"},"id":"roadkill-2011-712","properties":{"count":1,"date":"2011-08-28","habitat":"forest","recorded_name":"Anura","route":"Puthuthotam","source_row":712,"taxon_group":"amphibia"},"type":"Feature"},{"geometry":{"coordinates":[76.9670827614726,10.3406026677909],"type":"Point"},"id":"roadkill-2011-713","properties":{"count":1,"date":"2011-08-28","habitat":"forest","recorded_name":"Anura","route":"Puthuthotam","source_row":713,"taxon_group":"amphibia"},"type":"Feature"},{"geometry":{"coordinates":[76.9680145660623,10.3407054506065],"type":"Point"},"id":"roadkill-2011-714","properties":{"count":1,"date":"2011-08-28","habitat":"forest","recorded_name":"Anura","route":"Puthuthotam","source_row":714,"taxon_group":"amphibia"},"type":"Feature"},{"geometry":{"coordinates":[76.9728302996372,10.3458465031515],"type":"Point"},"id":"roadkill-2011-715","properties":{"count":1,"date":"2011-08-28","habitat":"forest_tea","recorded_name":"Anura","route":"Puthuthotam","source_row":715,"taxon_group":"amphibia"},"type":"Feature"},{"geometry":{"coordinates":[76.9729138012792,10.348982640457],"type":"Point"},"id":"roadkill-2011-716","properties":{"count":1,"date":"2011-08-28","habitat":"forest_tea","recorded_name":"Anura","route":"Puthuthotam","source_row":716,"taxon_group":"amphibia"},"type":"Feature"},{"geometry":{"coordinates":[76.9692871756716,10.3427586486657],"type":"Point"},"id":"roadkill-2011-717","properties":{"count":1,"date":"2011-08-28","habitat":"forest","recorded_name":"Muridae","route":"Puthuthotam","source_row":717,"taxon_group":"mammalia"},"type":"Feature"},{"geometry":{"coordinates":[76.9693874810824,10.344204332114],"type":"Point"},"id":"roadkill-2011-718","properties":{"count":1,"date":"2011-08-28","habitat":"forest","recorded_name":"Diplopoda","route":"Puthuthotam","source_row":718,"taxon_group":"diplopoda"},"type":"Feature"},{"geometry":{"coordinates":[76.9661404388048,10.3388095837564],"type":"Point"},"id":"roadkill-2011-719","properties":{"count":1,"date":"2011-08-28","habitat":"forest","recorded_name":"Diplopoda","route":"Puthuthotam","source_row":719,"taxon_group":"diplopoda"},"type":"Feature"},{"geometry":{"coordinates":[76.9693887774914,10.3444122293127],"type":"Point"},"id":"roadkill-2011-720","properties":{"count":1,"date":"2011-08-28","habitat":"forest","recorded_name":"Uropeltidae","route":"Puthuthotam","source_row":720,"taxon_group":"reptilia"},"type":"Feature"},{"geometry":{"coordinates":[76.9714815882437,10.3447700405417],"type":"Point"},"id":"roadkill-2011-721","properties":{"count":1,"date":"2011-08-28","habitat":"forest","recorded_name":"Uropeltidae","route":"Puthuthotam","source_row":721,"taxon_group":"reptilia"},"type":"Feature"},{"geometry":{"coordinates":[76.9666490979891,10.3398640865114],"type":"Point"},"id":"roadkill-2011-722","properties":{"count":1,"date":"2011-08-28","habitat":"forest","recorded_name":"Gastropoda","route":"Puthuthotam","source_row":722,"taxon_group":"mollusca"},"type":"Feature"},{"geometry":{"coordinates":[76.9693861847009,10.3439964349124],"type":"Point"},"id":"roadkill-2011-723","properties":{"count":1,"date":"2011-08-28","habitat":"forest","recorded_name":"Gastropoda","route":"Puthuthotam","source_row":723,"taxon_group":"mollusca"},"type":"Feature"},{"geometry":{"coordinates":[76.9729107507574,10.3484945351639],"type":"Point"},"id":"roadkill-2011-724","properties":{"count":1,"date":"2011-08-28","habitat":"forest_tea","recorded_name":"Gastropoda","route":"Puthuthotam","source_row":724,"taxon_group":"mollusca"},"type":"Feature"},{"geometry":{"coordinates":[76.9725901532747,10.3512444568953],"type":"Point"},"id":"roadkill-2011-725","properties":{"count":1,"date":"2011-08-28","habitat":"tea","recorded_name":"Gastropoda","route":"Puthuthotam","source_row":725,"taxon_group":"mollusca"},"type":"Feature"},{"geometry":{"coordinates":[76.9657458816273,10.3384865730409],"type":"Point"},"id":"roadkill-2011-726","properties":{"count":1,"date":"2011-08-28","habitat":"forest","recorded_name":"Anura","route":"Puthuthotam","source_row":726,"taxon_group":"amphibia"},"type":"Feature"},{"geometry":{"coordinates":[76.9729135753094,10.3489464845099],"type":"Point"},"id":"roadkill-2011-727","properties":{"count":1,"date":"2011-08-28","habitat":"forest_tea","recorded_name":"Anura","route":"Puthuthotam","source_row":727,"taxon_group":"amphibia"},"type":"Feature"},{"geometry":{"coordinates":[76.9644761539751,10.3383587240622],"type":"Point"},"id":"roadkill-2011-728","properties":{"count":1,"date":"2011-09-04","habitat":"forest","recorded_name":"Gymnophiona","route":"Puthuthotam","source_row":728,"taxon_group":"amphibia"},"type":"Feature"},{"geometry":{"coordinates":[76.9727606661901,10.3507733667141],"type":"Point"},"id":"roadkill-2011-729","properties":{"count":1,"date":"2011-09-04","habitat":"tea","recorded_name":"Anura","route":"Puthuthotam","source_row":729,"taxon_group":"amphibia"},"type":"Feature"},{"geometry":{"coordinates":[76.9727898376541,10.3495980746701],"type":"Point"},"id":"roadkill-2011-730","properties":{"count":1,"date":"2011-09-04","habitat":"forest_tea","recorded_name":"Anura","route":"Puthuthotam","source_row":730,"taxon_group":"amphibia"},"type":"Feature"},{"geometry":{"coordinates":[76.972826140573,10.3466419900816],"type":"Point"},"id":"roadkill-2011-731","properties":{"count":1,"date":"2011-09-04","habitat":"forest_tea","recorded_name":"Anura","route":"Puthuthotam","source_row":731,"taxon_group":"amphibia"},"type":"Feature"},{"geometry":{"coordinates":[76.9694569590196,10.3421700528154],"type":"Point"},"id":"roadkill-2011-732","properties":{"count":1,"date":"2011-09-04","habitat":"forest","recorded_name":"Diplopoda","route":"Puthuthotam","source_row":732,"taxon_group":"diplopoda"},"type":"Feature"},{"geometry":{"coordinates":[76.9703803852926,10.3453191394394],"type":"Point"},"id":"roadkill-2011-733","properties":{"count":1,"date":"2011-09-04","habitat":"forest","recorded_name":"Diplopoda","route":"Puthuthotam","source_row":733,"taxon_group":"diplopoda"},"type":"Feature"},{"geometry":{"coordinates":[76.9727386230051,10.3501678664752],"type":"Point"},"id":"roadkill-2011-734","properties":{"count":1,"date":"2011-09-04","habitat":"tea","recorded_name":"Gastropoda","route":"Puthuthotam","source_row":734,"taxon_group":"mollusca"},"type":"Feature"},{"geometry":{"coordinates":[76.9654291894243,10.3389404732444],"type":"Point"},"id":"roadkill-2011-735","properties":{"count":1,"date":"2011-09-04","habitat":"forest","recorded_name":"Anura","route":"Puthuthotam","source_row":735,"taxon_group":"amphibia"},"type":"Feature"},{"geometry":{"coordinates":[76.9729109908383,10.345610986186],"type":"Point"},"id":"roadkill-2011-736","properties":{"count":1,"date":"2011-09-11","habitat":"forest_tea","recorded_name":"Gymnophiona","route":"Puthuthotam","source_row":736,"taxon_group":"amphibia"},"type":"Feature"},{"geometry":{"coordinates":[76.9724786450095,10.3553128400125],"type":"Point"},"id":"roadkill-2011-737","properties":{"count":1,"date":"2011-09-11","habitat":"tea","recorded_name":"Annelida","route":"Puthuthotam","source_row":737,"taxon_group":"annelida"},"type":"Feature"},{"geometry":{"coordinates":[76.9687288588088,10.3410626616529],"type":"Point"},"id":"roadkill-2011-738","properties":{"count":1,"date":"2011-09-11","habitat":"forest","recorded_name":"Anura","route":"Puthuthotam","source_row":738,"taxon_group":"amphibia"},"type":"Feature"},{"geometry":{"coordinates":[76.9728734442666,10.3483682130729],"type":"Point"},"id":"roadkill-2011-739","properties":{"count":1,"date":"2011-09-11","habitat":"forest_tea","recorded_name":"Anura","route":"Puthuthotam","source_row":739,"taxon_group":"amphibia"},"type":"Feature"},{"geometry":{"coordinates":[76.9724759323303,10.3548789686976],"type":"Point"},"id":"roadkill-2011-740","properties":{"count":1,"date":"2011-09-11","habitat":"tea","recorded_name":"Muridae","route":"Puthuthotam","source_row":740,"taxon_group":"mammalia"},"type":"Feature"},{"geometry":{"coordinates":[76.9682711837249,10.3408665917218],"type":"Point"},"id":"roadkill-2011-741","properties":{"count":1,"date":"2011-09-11","habitat":"forest","recorded_name":"Uropeltidae","route":"Puthuthotam","source_row":741,"taxon_group":"reptilia"},"type":"Feature"},{"geometry":{"coordinates":[76.9729228172212,10.3489645065474],"type":"Point"},"id":"roadkill-2011-742","properties":{"count":1,"date":"2011-09-11","habitat":"forest_tea","recorded_name":"Gastropoda","route":"Puthuthotam","source_row":742,"taxon_group":"mollusca"},"type":"Feature"},{"geometry":{"coordinates":[76.9727478649568,10.3501858885117],"type":"Point"},"id":"roadkill-2011-743","properties":{"count":1,"date":"2011-09-11","habitat":"tea","recorded_name":"Anura","route":"Puthuthotam","source_row":743,"taxon_group":"amphibia"},"type":"Feature"},{"geometry":{"coordinates":[76.9650928336174,10.3391685087475],"type":"Point"},"id":"roadkill-2011-744","properties":{"count":1,"date":"2011-09-20","habitat":"forest","recorded_name":"Annelida","route":"Puthuthotam","source_row":744,"taxon_group":"annelida"},"type":"Feature"},{"geometry":{"coordinates":[76.9628814208775,10.3373469891806],"type":"Point"},"id":"roadkill-2011-745","properties":{"count":1,"date":"2011-09-20","habitat":"forest","recorded_name":"Anura","route":"Puthuthotam","source_row":745,"taxon_group":"amphibia"},"type":"Feature"},{"geometry":{"coordinates":[76.9631219100188,10.3378517303659],"type":"Point"},"id":"roadkill-2011-746","properties":{"count":1,"date":"2011-09-20","habitat":"forest","recorded_name":"Anura","route":"Puthuthotam","source_row":746,"taxon_group":"amphibia"},"type":"Feature"},{"geometry":{"coordinates":[76.9669177692601,10.3404952025277],"type":"Point"},"id":"roadkill-2011-747","properties":{"count":1,"date":"2011-09-20","habitat":"forest","recorded_name":"Anura","route":"Puthuthotam","source_row":747,"taxon_group":"amphibia"},"type":"Feature"},{"geometry":{"coordinates":[76.9675475942032,10.3404823181551],"type":"Point"},"id":"roadkill-2011-748","properties":{"count":1,"date":"2011-09-20","habitat":"forest","recorded_name":"Anura","route":"Puthuthotam","source_row":748,"taxon_group":"amphibia"},"type":"Feature"},{"geometry":{"coordinates":[76.9693416101437,10.3427040798024],"type":"Point"},"id":"roadkill-2011-749","properties":{"count":1,"date":"2011-09-20","habitat":"forest","recorded_name":"Anura","route":"Puthuthotam","source_row":749,"taxon_group":"amphibia"},"type":"Feature"},{"geometry":{"coordinates":[76.9644580652156,10.3383859524589],"type":"Point"},"id":"roadkill-2011-750","properties":{"count":1,"date":"2011-09-20","habitat":"forest","recorded_name":"Diplopoda","route":"Puthuthotam","source_row":750,"taxon_group":"diplopoda"},"type":"Feature"},{"geometry":{"coordinates":[76.9709061344101,10.3447193260204],"type":"Point"},"id":"roadkill-2011-751","properties":{"count":1,"date":"2011-09-20","habitat":"forest","recorded_name":"Squamata","route":"Puthuthotam","source_row":751,"taxon_group":"reptilia"},"type":"Feature"},{"geometry":{"coordinates":[76.9686740864774,10.3410629962991],"type":"Point"},"id":"roadkill-2011-752","properties":{"count":1,"date":"2011-09-20","habitat":"forest","recorded_name":"Uropeltidae","route":"Puthuthotam","source_row":752,"taxon_group":"reptilia"},"type":"Feature"},{"geometry":{"coordinates":[76.9728794322835,10.3493263456994],"type":"Point"},"id":"roadkill-2011-753","properties":{"count":1,"date":"2011-09-20","habitat":"forest_tea","recorded_name":"Scincidae","route":"Puthuthotam","source_row":753,"taxon_group":"reptilia"},"type":"Feature"},{"geometry":{"coordinates":[76.9631401673385,10.3378516191668],"type":"Point"},"id":"roadkill-2011-754","properties":{"count":1,"date":"2011-09-20","habitat":"forest","recorded_name":"Anura","route":"Puthuthotam","source_row":754,"taxon_group":"amphibia"},"type":"Feature"},{"geometry":{"coordinates":[76.9693688289144,10.3441411706728],"type":"Point"},"id":"roadkill-2011-755","properties":{"count":1,"date":"2011-09-20","habitat":"forest","recorded_name":"Anura","route":"Puthuthotam","source_row":755,"taxon_group":"amphibia"},"type":"Feature"},{"geometry":{"coordinates":[76.970615704404,10.3449922833393],"type":"Point"},"id":"roadkill-2011-756","properties":{"count":1,"date":"2011-09-20","habitat":"forest","recorded_name":"Anura","route":"Puthuthotam","source_row":756,"taxon_group":"amphibia"},"type":"Feature"},{"geometry":{"coordinates":[76.9629647577129,10.3375363088594],"type":"Point"},"id":"roadkill-2011-757","properties":{"count":1,"date":"2011-09-28","habitat":"forest","recorded_name":"Anura","route":"Puthuthotam","source_row":757,"taxon_group":"amphibia"},"type":"Feature"},{"geometry":{"coordinates":[76.9630662958305,10.3377164782558],"type":"Point"},"id":"roadkill-2011-758","properties":{"count":1,"date":"2011-09-28","habitat":"forest","recorded_name":"Anura","route":"Puthuthotam","source_row":758,"taxon_group":"amphibia"},"type":"Feature"},{"geometry":{"coordinates":[76.9647143422894,10.3384928628879],"type":"Point"},"id":"roadkill-2011-759","properties":{"count":1,"date":"2011-09-28","habitat":"forest","recorded_name":"Anura","route":"Puthuthotam","source_row":759,"taxon_group":"amphibia"},"type":"Feature"},{"geometry":{"coordinates":[76.9679227721753,10.3406246569556],"type":"Point"},"id":"roadkill-2011-760","properties":{"count":2,"date":"2011-09-28","habitat":"forest","recorded_name":"Anura","route":"Puthuthotam","source_row":760,"taxon_group":"amphibia"},"type":"Feature"},{"geometry":{"coordinates":[76.967356735549,10.3406190739361],"type":"Point"},"id":"roadkill-2011-761","properties":{"count":4,"date":"2011-09-28","habitat":"forest","recorded_name":"Diplopoda","route":"Puthuthotam","source_row":761,"taxon_group":"diplopoda"},"type":"Feature"},{"geometry":{"coordinates":[76.9655830837474,10.3387316290639],"type":"Point"},"id":"roadkill-2011-762","properties":{"count":6,"date":"2011-09-28","habitat":"forest","recorded_name":"Diplopoda","route":"Puthuthotam","source_row":762,"taxon_group":"diplopoda"},"type":"Feature"},{"geometry":{"coordinates":[76.9628814208775,10.3373469891806],"type":"Point"},"id":"roadkill-2011-763","properties":{"count":1,"date":"2011-09-28","habitat":"forest","recorded_name":"Diplopoda","route":"Puthuthotam","source_row":763,"taxon_group":"diplopoda"},"type":"Feature"},{"geometry":{"coordinates":[76.9631030912018,10.3377614510986],"type":"Point"},"id":"roadkill-2011-764","properties":{"count":1,"date":"2011-09-28","habitat":"forest","recorded_name":"Diplopoda","route":"Puthuthotam","source_row":764,"taxon_group":"diplopoda"},"type":"Feature"},{"geometry":{"coordinates":[76.9643392239632,10.338359558638],"type":"Point"},"id":"roadkill-2011-765","properties":{"count":1,"date":"2011-09-28","habitat":"forest","recorded_name":"Diplopoda","route":"Puthuthotam","source_row":765,"taxon_group":"diplopoda"},"type":"Feature"},{"geometry":{"coordinates":[76.9643209666274,10.3383596699104],"type":"Point"},"id":"roadkill-2011-766","properties":{"count":1,"date":"2011-09-28","habitat":"forest","recorded_name":"Muridae","route":"Puthuthotam","source_row":766,"taxon_group":"mammalia"},"type":"Feature"},{"geometry":{"coordinates":[76.9648372303593,10.3391700671848],"type":"Point"},"id":"roadkill-2011-767","properties":{"count":1,"date":"2011-09-28","habitat":"forest","recorded_name":"Diplopoda","route":"Puthuthotam","source_row":767,"taxon_group":"diplopoda"},"type":"Feature"},{"geometry":{"coordinates":[76.9643027092914,10.3383597811817],"type":"Point"},"id":"roadkill-2011-768","properties":{"count":1,"date":"2011-09-28","habitat":"forest","recorded_name":"Uropeltidae","route":"Puthuthotam","source_row":768,"taxon_group":"reptilia"},"type":"Feature"},{"geometry":{"coordinates":[76.9707606374315,10.3448106096973],"type":"Point"},"id":"roadkill-2011-769","properties":{"count":1,"date":"2011-09-28","habitat":"forest","recorded_name":"Uropeltidae","route":"Puthuthotam","source_row":769,"taxon_group":"reptilia"},"type":"Feature"},{"geometry":{"coordinates":[76.9724957729273,10.355131948386],"type":"Point"},"id":"roadkill-2011-770","properties":{"count":1,"date":"2011-09-28","habitat":"tea","recorded_name":"Scincidae","route":"Puthuthotam","source_row":770,"taxon_group":"reptilia"},"type":"Feature"},{"geometry":{"coordinates":[76.9630939063952,10.3377524676501],"type":"Point"},"id":"roadkill-2011-771","properties":{"count":1,"date":"2011-09-28","habitat":"forest","recorded_name":"Anura","route":"Puthuthotam","source_row":771,"taxon_group":"amphibia"},"type":"Feature"},{"geometry":{"coordinates":[76.9643392239632,10.338359558638],"type":"Point"},"id":"roadkill-2011-772","properties":{"count":1,"date":"2011-09-28","habitat":"forest","recorded_name":"Anura","route":"Puthuthotam","source_row":772,"taxon_group":"amphibia"},"type":"Feature"},{"geometry":{"coordinates":[76.962679299546,10.3371403139631],"type":"Point"},"id":"roadkill-2011-773","properties":{"count":1,"date":"2011-10-04","habitat":"forest_tea","recorded_name":"Rhinolophus sp.","route":"Puthuthotam","source_row":773,"taxon_group":"mammalia"},"type":"Feature"},{"geometry":{"coordinates":[76.9628720115287,10.33730184953],"type":"Point"},"id":"roadkill-2011-774","properties":{"count":1,"date":"2011-10-04","habitat":"forest","recorded_name":"Coleoptera","route":"Puthuthotam","source_row":774,"taxon_group":"insecta"},"type":"Feature"},{"geometry":{"coordinates":[76.9639930648687,10.3384791801741],"type":"Point"},"id":"roadkill-2011-775","properties":{"count":1,"date":"2011-10-04","habitat":"forest","recorded_name":"Coleoptera","route":"Puthuthotam","source_row":775,"taxon_group":"insecta"},"type":"Feature"},{"geometry":{"coordinates":[76.9693896229903,10.3445478144408],"type":"Point"},"id":"roadkill-2011-776","properties":{"count":1,"date":"2011-10-04","habitat":"forest","recorded_name":"Lepidoptera","route":"Puthuthotam","source_row":776,"taxon_group":"insecta"},"type":"Feature"},{"geometry":{"coordinates":[76.9667973516009,10.3402157171022],"type":"Point"},"id":"roadkill-2011-777","properties":{"count":1,"date":"2011-10-04","habitat":"forest","recorded_name":"Muridae","route":"Puthuthotam","source_row":777,"taxon_group":"mammalia"},"type":"Feature"},{"geometry":{"coordinates":[76.9671649762097,10.3406112052686],"type":"Point"},"id":"roadkill-2011-778","properties":{"count":1,"date":"2011-10-04","habitat":"forest","recorded_name":"Annelida","route":"Puthuthotam","source_row":778,"taxon_group":"annelida"},"type":"Feature"},{"geometry":{"coordinates":[76.9724941042026,10.3563251504027],"type":"Point"},"id":"roadkill-2011-779","properties":{"count":1,"date":"2011-10-04","habitat":"tea","recorded_name":"Annelida","route":"Puthuthotam","source_row":779,"taxon_group":"annelida"},"type":"Feature"},{"geometry":{"coordinates":[76.9690305009606,10.3411240940194],"type":"Point"},"id":"roadkill-2011-780","properties":{"count":1,"date":"2011-10-04","habitat":"forest","recorded_name":"Annelida","route":"Puthuthotam","source_row":780,"taxon_group":"annelida"},"type":"Feature"},{"geometry":{"coordinates":[76.9694032023037,10.3437974650998],"type":"Point"},"id":"roadkill-2011-781","properties":{"count":1,"date":"2011-10-04","habitat":"forest","recorded_name":"Annelida","route":"Puthuthotam","source_row":781,"taxon_group":"annelida"},"type":"Feature"},{"geometry":{"coordinates":[76.9728187060378,10.346913215658],"type":"Point"},"id":"roadkill-2011-782","properties":{"count":1,"date":"2011-10-04","habitat":"forest_tea","recorded_name":"Annelida","route":"Puthuthotam","source_row":782,"taxon_group":"annelida"},"type":"Feature"},{"geometry":{"coordinates":[76.9727488818664,10.3503485902768],"type":"Point"},"id":"roadkill-2011-783","properties":{"count":1,"date":"2011-10-04","habitat":"tea","recorded_name":"Annelida","route":"Puthuthotam","source_row":783,"taxon_group":"annelida"},"type":"Feature"},{"geometry":{"coordinates":[76.9727252237236,10.350945331225],"type":"Point"},"id":"roadkill-2011-784","properties":{"count":1,"date":"2011-10-04","habitat":"tea","recorded_name":"Annelida","route":"Puthuthotam","source_row":784,"taxon_group":"annelida"},"type":"Feature"},{"geometry":{"coordinates":[76.9726730989253,10.3542902036031],"type":"Point"},"id":"roadkill-2011-785","properties":{"count":1,"date":"2011-10-04","habitat":"tea","recorded_name":"Annelida","route":"Puthuthotam","source_row":785,"taxon_group":"annelida"},"type":"Feature"},{"geometry":{"coordinates":[76.9725200519673,10.3546346363057],"type":"Point"},"id":"roadkill-2011-786","properties":{"count":1,"date":"2011-10-04","habitat":"tea","recorded_name":"Annelida","route":"Puthuthotam","source_row":786,"taxon_group":"annelida"},"type":"Feature"},{"geometry":{"coordinates":[76.9724785319788,10.3552947620413],"type":"Point"},"id":"roadkill-2011-787","properties":{"count":1,"date":"2011-10-04","habitat":"tea","recorded_name":"Annelida","route":"Puthuthotam","source_row":787,"taxon_group":"annelida"},"type":"Feature"},{"geometry":{"coordinates":[76.9628720115287,10.33730184953],"type":"Point"},"id":"roadkill-2011-788","properties":{"count":1,"date":"2011-10-04","habitat":"forest","recorded_name":"Anura","route":"Puthuthotam","source_row":788,"taxon_group":"amphibia"},"type":"Feature"},{"geometry":{"coordinates":[76.9693700125725,10.3443309898573],"type":"Point"},"id":"roadkill-2011-789","properties":{"count":1,"date":"2011-10-04","habitat":"forest","recorded_name":"Anura","route":"Puthuthotam","source_row":789,"taxon_group":"amphibia"},"type":"Feature"},{"geometry":{"coordinates":[76.9697831205873,10.3446990773744],"type":"Point"},"id":"roadkill-2011-790","properties":{"count":1,"date":"2011-10-04","habitat":"forest","recorded_name":"Anura","route":"Puthuthotam","source_row":790,"taxon_group":"amphibia"},"type":"Feature"},{"geometry":{"coordinates":[76.9728151480091,10.3463437593756],"type":"Point"},"id":"roadkill-2011-791","properties":{"count":1,"date":"2011-10-04","habitat":"forest_tea","recorded_name":"Anura","route":"Puthuthotam","source_row":791,"taxon_group":"amphibia"},"type":"Feature"},{"geometry":{"coordinates":[76.9724785319788,10.3552947620413],"type":"Point"},"id":"roadkill-2011-792","properties":{"count":1,"date":"2011-10-04","habitat":"tea","recorded_name":"Anura","route":"Puthuthotam","source_row":792,"taxon_group":"amphibia"},"type":"Feature"},{"geometry":{"coordinates":[76.9725369803584,10.3558819603263],"type":"Point"},"id":"roadkill-2011-793","properties":{"count":1,"date":"2011-10-04","habitat":"tea","recorded_name":"Anura","route":"Puthuthotam","source_row":793,"taxon_group":"amphibia"},"type":"Feature"},{"geometry":{"coordinates":[76.9631123321587,10.3377794735932],"type":"Point"},"id":"roadkill-2011-794","properties":{"count":1,"date":"2011-10-04","habitat":"forest","recorded_name":"Anura","route":"Puthuthotam","source_row":794,"taxon_group":"amphibia"},"type":"Feature"},{"geometry":{"coordinates":[76.9632413125977,10.3379685151478],"type":"Point"},"id":"roadkill-2011-795","properties":{"count":1,"date":"2011-10-04","habitat":"forest","recorded_name":"Anura","route":"Puthuthotam","source_row":795,"taxon_group":"amphibia"},"type":"Feature"},{"geometry":{"coordinates":[76.9635905606921,10.3383460418716],"type":"Point"},"id":"roadkill-2011-796","properties":{"count":1,"date":"2011-10-04","habitat":"forest","recorded_name":"Anura","route":"Puthuthotam","source_row":796,"taxon_group":"amphibia"},"type":"Feature"},{"geometry":{"coordinates":[76.9643666661554,10.3383684307668],"type":"Point"},"id":"roadkill-2011-797","properties":{"count":1,"date":"2011-10-04","habitat":"forest","recorded_name":"Anura","route":"Puthuthotam","source_row":797,"taxon_group":"amphibia"},"type":"Feature"},{"geometry":{"coordinates":[76.9652293703923,10.3391044005477],"type":"Point"},"id":"roadkill-2011-798","properties":{"count":1,"date":"2011-10-04","habitat":"forest","recorded_name":"Anura","route":"Puthuthotam","source_row":798,"taxon_group":"amphibia"},"type":"Feature"},{"geometry":{"coordinates":[76.9656279961581,10.3386138432726],"type":"Point"},"id":"roadkill-2011-799","properties":{"count":1,"date":"2011-10-04","habitat":"forest","recorded_name":"Anura","route":"Puthuthotam","source_row":799,"taxon_group":"amphibia"},"type":"Feature"},{"geometry":{"coordinates":[76.9669729354795,10.3405581413656],"type":"Point"},"id":"roadkill-2011-800","properties":{"count":1,"date":"2011-10-04","habitat":"forest","recorded_name":"Anura","route":"Puthuthotam","source_row":800,"taxon_group":"amphibia"},"type":"Feature"},{"geometry":{"coordinates":[76.9692871756716,10.3427586486657],"type":"Point"},"id":"roadkill-2011-801","properties":{"count":2,"date":"2011-10-04","habitat":"forest","recorded_name":"Anura","route":"Puthuthotam","source_row":801,"taxon_group":"amphibia"},"type":"Feature"},{"geometry":{"coordinates":[76.9676845248698,10.3404814820471],"type":"Point"},"id":"roadkill-2011-802","properties":{"count":1,"date":"2011-10-04","habitat":"forest","recorded_name":"Orthoptera","route":"Puthuthotam","source_row":802,"taxon_group":"insecta"},"type":"Feature"},{"geometry":{"coordinates":[76.9692147093524,10.3413851096153],"type":"Point"},"id":"roadkill-2011-803","properties":{"count":1,"date":"2011-10-04","habitat":"forest","recorded_name":"Orthoptera","route":"Puthuthotam","source_row":803,"taxon_group":"insecta"},"type":"Feature"},{"geometry":{"coordinates":[76.972696944961,10.3478811703509],"type":"Point"},"id":"roadkill-2011-804","properties":{"count":1,"date":"2011-10-04","habitat":"forest_tea","recorded_name":"Orthoptera","route":"Puthuthotam","source_row":804,"taxon_group":"insecta"},"type":"Feature"},{"geometry":{"coordinates":[76.963130814076,10.337815518581],"type":"Point"},"id":"roadkill-2011-805","properties":{"count":1,"date":"2011-10-04","habitat":"forest","recorded_name":"Diplopoda","route":"Puthuthotam","source_row":805,"taxon_group":"diplopoda"},"type":"Feature"},{"geometry":{"coordinates":[76.9628720115287,10.33730184953],"type":"Point"},"id":"roadkill-2011-806","properties":{"count":8,"date":"2011-10-04","habitat":"forest","recorded_name":"Diplopoda","route":"Puthuthotam","source_row":806,"taxon_group":"diplopoda"},"type":"Feature"},{"geometry":{"coordinates":[76.966927179346,10.3405403419277],"type":"Point"},"id":"roadkill-2011-807","properties":{"count":1,"date":"2011-10-04","habitat":"forest","recorded_name":"Diplopoda","route":"Puthuthotam","source_row":807,"taxon_group":"diplopoda"},"type":"Feature"},{"geometry":{"coordinates":[76.9728794322835,10.3493263456994],"type":"Point"},"id":"roadkill-2011-808","properties":{"count":1,"date":"2011-10-04","habitat":"forest_tea","recorded_name":"Diplopoda","route":"Puthuthotam","source_row":808,"taxon_group":"diplopoda"},"type":"Feature"},{"geometry":{"coordinates":[76.9632504974151,10.33797749859],"type":"Point"},"id":"roadkill-2011-809","properties":{"count":1,"date":"2011-10-04","habitat":"forest","recorded_name":"Diplopoda","route":"Puthuthotam","source_row":809,"taxon_group":"diplopoda"},"type":"Feature"},{"geometry":{"coordinates":[76.9635441871885,10.3382288123741],"type":"Point"},"id":"roadkill-2011-810","properties":{"count":1,"date":"2011-10-04","habitat":"forest","recorded_name":"Diplopoda","route":"Puthuthotam","source_row":810,"taxon_group":"diplopoda"},"type":"Feature"},{"geometry":{"coordinates":[76.9637659153067,10.3386523125831],"type":"Point"},"id":"roadkill-2011-811","properties":{"count":6,"date":"2011-10-04","habitat":"forest","recorded_name":"Diplopoda","route":"Puthuthotam","source_row":811,"taxon_group":"diplopoda"},"type":"Feature"},{"geometry":{"coordinates":[76.9641021033074,10.3383971612615],"type":"Point"},"id":"roadkill-2011-812","properties":{"count":1,"date":"2011-10-04","habitat":"forest","recorded_name":"Diplopoda","route":"Puthuthotam","source_row":812,"taxon_group":"diplopoda"},"type":"Feature"},{"geometry":{"coordinates":[76.9652111130233,10.3391045118784],"type":"Point"},"id":"roadkill-2011-813","properties":{"count":1,"date":"2011-10-04","habitat":"forest","recorded_name":"Diplopoda","route":"Puthuthotam","source_row":813,"taxon_group":"diplopoda"},"type":"Feature"},{"geometry":{"coordinates":[76.9660202476513,10.3385662538884],"type":"Point"},"id":"roadkill-2011-814","properties":{"count":1,"date":"2011-10-04","habitat":"forest","recorded_name":"Diplopoda","route":"Puthuthotam","source_row":814,"taxon_group":"diplopoda"},"type":"Feature"},{"geometry":{"coordinates":[76.9664178990123,10.3393864107221],"type":"Point"},"id":"roadkill-2011-815","properties":{"count":1,"date":"2011-10-04","habitat":"forest","recorded_name":"Diplopoda","route":"Puthuthotam","source_row":815,"taxon_group":"diplopoda"},"type":"Feature"},{"geometry":{"coordinates":[76.9666120205821,10.3397739190859],"type":"Point"},"id":"roadkill-2011-816","properties":{"count":5,"date":"2011-10-04","habitat":"forest","recorded_name":"Diplopoda","route":"Puthuthotam","source_row":816,"taxon_group":"diplopoda"},"type":"Feature"},{"geometry":{"coordinates":[76.9647893387352,10.3388087839885],"type":"Point"},"id":"roadkill-2011-817","properties":{"count":1,"date":"2011-10-04","habitat":"forest","recorded_name":"Muridae","route":"Puthuthotam","source_row":817,"taxon_group":"mammalia"},"type":"Feature"},{"geometry":{"coordinates":[76.9691168847096,10.3432658934269],"type":"Point"},"id":"roadkill-2011-818","properties":{"count":1,"date":"2011-10-04","habitat":"forest","recorded_name":"Muridae","route":"Puthuthotam","source_row":818,"taxon_group":"mammalia"},"type":"Feature"},{"geometry":{"coordinates":[76.9635626691865,10.3382648573222],"type":"Point"},"id":"roadkill-2011-819","properties":{"count":1,"date":"2011-10-04","habitat":"forest","recorded_name":"Lepidoptera","route":"Puthuthotam","source_row":819,"taxon_group":"insecta"},"type":"Feature"},{"geometry":{"coordinates":[76.9694363346496,10.3417905260119],"type":"Point"},"id":"roadkill-2011-820","properties":{"count":1,"date":"2011-10-04","habitat":"forest","recorded_name":"Mantodea","route":"Puthuthotam","source_row":820,"taxon_group":"insecta"},"type":"Feature"},{"geometry":{"coordinates":[76.9710517441273,10.3446461202915],"type":"Point"},"id":"roadkill-2011-821","properties":{"count":1,"date":"2011-10-04","habitat":"forest","recorded_name":"Uropeltidae","route":"Puthuthotam","source_row":821,"taxon_group":"reptilia"},"type":"Feature"},{"geometry":{"coordinates":[76.9714357748946,10.3447432029113],"type":"Point"},"id":"roadkill-2011-822","properties":{"count":1,"date":"2011-10-04","habitat":"forest","recorded_name":"Uropeltidae","route":"Puthuthotam","source_row":822,"taxon_group":"reptilia"},"type":"Feature"},{"geometry":{"coordinates":[76.9693774504441,10.3440597637837],"type":"Point"},"id":"roadkill-2011-823","properties":{"count":1,"date":"2011-10-04","habitat":"forest","recorded_name":"Scincidae","route":"Puthuthotam","source_row":823,"taxon_group":"reptilia"},"type":"Feature"},{"geometry":{"coordinates":[76.9722108025018,10.3518976133203],"type":"Point"},"id":"roadkill-2011-824","properties":{"count":1,"date":"2011-10-04","habitat":"tea","recorded_name":"Gastropoda","route":"Puthuthotam","source_row":824,"taxon_group":"mollusca"},"type":"Feature"},{"geometry":{"coordinates":[76.966889820387,10.3404049794448],"type":"Point"},"id":"roadkill-2011-825","properties":{"count":1,"date":"2011-10-12","habitat":"forest","recorded_name":"Calotes grandisquamis","route":"Puthuthotam","source_row":825,"taxon_group":"reptilia"},"type":"Feature"},{"geometry":{"coordinates":[76.9681061347584,10.3407500881517],"type":"Point"},"id":"roadkill-2011-826","properties":{"count":1,"date":"2011-10-12","habitat":"forest","recorded_name":"Squamata","route":"Puthuthotam","source_row":826,"taxon_group":"reptilia"},"type":"Feature"},{"geometry":{"coordinates":[76.9648832110512,10.3392240231237],"type":"Point"},"id":"roadkill-2011-827","properties":{"count":1,"date":"2011-10-12","habitat":"forest","recorded_name":"Annelida","route":"Puthuthotam","source_row":827,"taxon_group":"annelida"},"type":"Feature"},{"geometry":{"coordinates":[76.9634889097111,10.338147794651],"type":"Point"},"id":"roadkill-2011-828","properties":{"count":1,"date":"2011-10-12","habitat":"forest","recorded_name":"Anura","route":"Puthuthotam","source_row":828,"taxon_group":"amphibia"},"type":"Feature"},{"geometry":{"coordinates":[76.9694463650467,10.3419350943679],"type":"Point"},"id":"roadkill-2011-829","properties":{"count":1,"date":"2011-10-12","habitat":"forest","recorded_name":"Anura","route":"Puthuthotam","source_row":829,"taxon_group":"amphibia"},"type":"Feature"},{"geometry":{"coordinates":[76.969413625843,10.3425409312142],"type":"Point"},"id":"roadkill-2011-830","properties":{"count":1,"date":"2011-10-12","habitat":"forest","recorded_name":"Anura","route":"Puthuthotam","source_row":830,"taxon_group":"amphibia"},"type":"Feature"},{"geometry":{"coordinates":[76.9692420953631,10.3428493177652],"type":"Point"},"id":"roadkill-2011-831","properties":{"count":1,"date":"2011-10-12","habitat":"forest","recorded_name":"Anura","route":"Puthuthotam","source_row":831,"taxon_group":"amphibia"},"type":"Feature"},{"geometry":{"coordinates":[76.9691449472968,10.3433741941584],"type":"Point"},"id":"roadkill-2011-832","properties":{"count":1,"date":"2011-10-12","habitat":"forest","recorded_name":"Anura","route":"Puthuthotam","source_row":832,"taxon_group":"amphibia"},"type":"Feature"},{"geometry":{"coordinates":[76.9693860719734,10.3439783568947],"type":"Point"},"id":"roadkill-2011-833","properties":{"count":1,"date":"2011-10-12","habitat":"forest","recorded_name":"Anura","route":"Puthuthotam","source_row":833,"taxon_group":"amphibia"},"type":"Feature"},{"geometry":{"coordinates":[76.9699499202933,10.3450957887246],"type":"Point"},"id":"roadkill-2011-834","properties":{"count":1,"date":"2011-10-12","habitat":"forest","recorded_name":"Anura","route":"Puthuthotam","source_row":834,"taxon_group":"amphibia"},"type":"Feature"},{"geometry":{"coordinates":[76.971793830326,10.3450664275546],"type":"Point"},"id":"roadkill-2011-835","properties":{"count":1,"date":"2011-10-12","habitat":"forest","recorded_name":"Anura","route":"Puthuthotam","source_row":835,"taxon_group":"amphibia"},"type":"Feature"},{"geometry":{"coordinates":[76.9727486119229,10.3473836904399],"type":"Point"},"id":"roadkill-2011-836","properties":{"count":1,"date":"2011-10-12","habitat":"forest_tea","recorded_name":"Anura","route":"Puthuthotam","source_row":836,"taxon_group":"amphibia"},"type":"Feature"},{"geometry":{"coordinates":[76.9727033628557,10.347447242972],"type":"Point"},"id":"roadkill-2011-837","properties":{"count":1,"date":"2011-10-12","habitat":"forest_tea","recorded_name":"Anura","route":"Puthuthotam","source_row":837,"taxon_group":"amphibia"},"type":"Feature"},{"geometry":{"coordinates":[76.9727338442258,10.3508639244038],"type":"Point"},"id":"roadkill-2011-838","properties":{"count":1,"date":"2011-10-12","habitat":"tea","recorded_name":"Anura","route":"Puthuthotam","source_row":838,"taxon_group":"amphibia"},"type":"Feature"},{"geometry":{"coordinates":[76.9638477925419,10.3386066167666],"type":"Point"},"id":"roadkill-2011-839","properties":{"count":1,"date":"2011-10-12","habitat":"forest","recorded_name":"Anura","route":"Puthuthotam","source_row":839,"taxon_group":"amphibia"},"type":"Feature"},{"geometry":{"coordinates":[76.9653201512536,10.3390224925748],"type":"Point"},"id":"roadkill-2011-840","properties":{"count":1,"date":"2011-10-12","habitat":"forest","recorded_name":"Anura","route":"Puthuthotam","source_row":840,"taxon_group":"amphibia"},"type":"Feature"},{"geometry":{"coordinates":[76.9673929689752,10.3405736558903],"type":"Point"},"id":"roadkill-2011-841","properties":{"count":1,"date":"2011-10-12","habitat":"forest","recorded_name":"Anura","route":"Puthuthotam","source_row":841,"taxon_group":"amphibia"},"type":"Feature"},{"geometry":{"coordinates":[76.9676845248698,10.3404814820471],"type":"Point"},"id":"roadkill-2011-842","properties":{"count":1,"date":"2011-10-12","habitat":"forest","recorded_name":"Anura","route":"Puthuthotam","source_row":842,"taxon_group":"amphibia"},"type":"Feature"},{"geometry":{"coordinates":[76.96797782598,10.340669517543],"type":"Point"},"id":"roadkill-2011-843","properties":{"count":2,"date":"2011-10-12","habitat":"forest","recorded_name":"Anura","route":"Puthuthotam","source_row":843,"taxon_group":"amphibia"},"type":"Feature"},{"geometry":{"coordinates":[76.9683078112301,10.3408844467081],"type":"Point"},"id":"roadkill-2011-844","properties":{"count":1,"date":"2011-10-12","habitat":"forest","recorded_name":"Anura","route":"Puthuthotam","source_row":844,"taxon_group":"amphibia"},"type":"Feature"},{"geometry":{"coordinates":[76.9691317056703,10.3412500265447],"type":"Point"},"id":"roadkill-2011-845","properties":{"count":4,"date":"2011-10-12","habitat":"forest","recorded_name":"Anura","route":"Puthuthotam","source_row":845,"taxon_group":"amphibia"},"type":"Feature"},{"geometry":{"coordinates":[76.969426304274,10.3416459576528],"type":"Point"},"id":"roadkill-2011-846","properties":{"count":1,"date":"2011-10-12","habitat":"forest","recorded_name":"Anura","route":"Puthuthotam","source_row":846,"taxon_group":"amphibia"},"type":"Feature"},{"geometry":{"coordinates":[76.9721930191491,10.3534344091876],"type":"Point"},"id":"roadkill-2011-847","properties":{"count":1,"date":"2011-10-12","habitat":"tea","recorded_name":"Lampyridae","route":"Puthuthotam","source_row":847,"taxon_group":"insecta"},"type":"Feature"},{"geometry":{"coordinates":[76.9727638066305,10.3498151781686],"type":"Point"},"id":"roadkill-2011-848","properties":{"count":1,"date":"2011-10-12","habitat":"forest_tea","recorded_name":"Diplopoda","route":"Puthuthotam","source_row":848,"taxon_group":"diplopoda"},"type":"Feature"},{"geometry":{"coordinates":[76.9728050026203,10.3461811134948],"type":"Point"},"id":"roadkill-2011-849","properties":{"count":1,"date":"2011-10-12","habitat":"forest_tea","recorded_name":"Uropeltidae","route":"Puthuthotam","source_row":849,"taxon_group":"reptilia"},"type":"Feature"},{"geometry":{"coordinates":[76.9728877703138,10.349199743948],"type":"Point"},"id":"roadkill-2011-850","properties":{"count":1,"date":"2011-10-12","habitat":"forest_tea","recorded_name":"Uropeltidae","route":"Puthuthotam","source_row":850,"taxon_group":"reptilia"},"type":"Feature"},{"geometry":{"coordinates":[76.9716837201234,10.3449767081788],"type":"Point"},"id":"roadkill-2011-851","properties":{"count":1,"date":"2011-10-12","habitat":"forest","recorded_name":"Uropeltidae","route":"Puthuthotam","source_row":851,"taxon_group":"reptilia"},"type":"Feature"},{"geometry":{"coordinates":[76.9729143662073,10.3490730303243],"type":"Point"},"id":"roadkill-2011-852","properties":{"count":1,"date":"2011-10-12","habitat":"forest_tea","recorded_name":"Scincidae","route":"Puthuthotam","source_row":852,"taxon_group":"reptilia"},"type":"Feature"},{"geometry":{"coordinates":[76.9692420953631,10.3428493177652],"type":"Point"},"id":"roadkill-2011-853","properties":{"count":1,"date":"2011-10-12","habitat":"forest","recorded_name":"Gastropoda","route":"Puthuthotam","source_row":853,"taxon_group":"mollusca"},"type":"Feature"},{"geometry":{"coordinates":[76.9694466468177,10.341980289416],"type":"Point"},"id":"roadkill-2011-854","properties":{"count":1,"date":"2011-10-12","habitat":"forest","recorded_name":"Anura","route":"Puthuthotam","source_row":854,"taxon_group":"amphibia"},"type":"Feature"},{"geometry":{"coordinates":[76.9693862974286,10.34401451293],"type":"Point"},"id":"roadkill-2011-855","properties":{"count":1,"date":"2011-10-12","habitat":"forest","recorded_name":"Anura","route":"Puthuthotam","source_row":855,"taxon_group":"amphibia"},"type":"Feature"},{"geometry":{"coordinates":[76.9728250110438,10.3464612103094],"type":"Point"},"id":"roadkill-2011-856","properties":{"count":1,"date":"2011-06-20","habitat":"forest_tea","recorded_name":"Lepidoptera","route":"Puthuthotam","source_row":856,"taxon_group":"insecta"},"type":"Feature"},{"geometry":{"coordinates":[76.97287920631,10.3492901897524],"type":"Point"},"id":"roadkill-2011-857","properties":{"count":1,"date":"2011-06-20","habitat":"forest_tea","recorded_name":"Lepidoptera","route":"Puthuthotam","source_row":857,"taxon_group":"insecta"},"type":"Feature"},{"geometry":{"coordinates":[76.972680652245,10.3511173516783],"type":"Point"},"id":"roadkill-2011-858","properties":{"count":1,"date":"2011-06-20","habitat":"tea","recorded_name":"Lepidoptera","route":"Puthuthotam","source_row":858,"taxon_group":"insecta"},"type":"Feature"},{"geometry":{"coordinates":[76.9725295201396,10.3546888142647],"type":"Point"},"id":"roadkill-2011-859","properties":{"count":1,"date":"2011-06-20","habitat":"tea","recorded_name":"Orthoptera","route":"Puthuthotam","source_row":859,"taxon_group":"insecta"},"type":"Feature"},{"geometry":{"coordinates":[76.9666584517393,10.3399001869055],"type":"Point"},"id":"roadkill-2011-860","properties":{"count":1,"date":"2011-06-20","habitat":"forest","recorded_name":"Annelida","route":"Puthuthotam","source_row":860,"taxon_group":"annelida"},"type":"Feature"},{"geometry":{"coordinates":[76.9724939079646,10.3548336618581],"type":"Point"},"id":"roadkill-2011-861","properties":{"count":20,"date":"2011-06-20","habitat":"tea","recorded_name":"Annelida","route":"Puthuthotam","source_row":861,"taxon_group":"annelida"},"type":"Feature"},{"geometry":{"coordinates":[76.9693793104817,10.3443580510724],"type":"Point"},"id":"roadkill-2011-862","properties":{"count":1,"date":"2011-06-20","habitat":"forest","recorded_name":"Anura","route":"Puthuthotam","source_row":862,"taxon_group":"amphibia"},"type":"Feature"},{"geometry":{"coordinates":[76.9650020526503,10.3392504166742],"type":"Point"},"id":"roadkill-2011-863","properties":{"count":1,"date":"2011-06-20","habitat":"forest","recorded_name":"Anura","route":"Puthuthotam","source_row":863,"taxon_group":"amphibia"},"type":"Feature"},{"geometry":{"coordinates":[76.9694462523387,10.3419170163485],"type":"Point"},"id":"roadkill-2011-864","properties":{"count":1,"date":"2011-06-20","habitat":"forest","recorded_name":"Diplopoda","route":"Puthuthotam","source_row":864,"taxon_group":"diplopoda"},"type":"Feature"},{"geometry":{"coordinates":[76.9669177692601,10.3404952025277],"type":"Point"},"id":"roadkill-2011-865","properties":{"count":1,"date":"2011-06-20","habitat":"forest","recorded_name":"Orthoptera","route":"Puthuthotam","source_row":865,"taxon_group":"insecta"},"type":"Feature"},{"geometry":{"coordinates":[76.9689024171801,10.3410796799048],"type":"Point"},"id":"roadkill-2011-866","properties":{"count":1,"date":"2011-06-20","habitat":"forest","recorded_name":"Orthoptera","route":"Puthuthotam","source_row":866,"taxon_group":"insecta"},"type":"Feature"},{"geometry":{"coordinates":[76.9645859227573,10.3383942125124],"type":"Point"},"id":"roadkill-2011-867","properties":{"count":1,"date":"2011-06-20","habitat":"forest","recorded_name":"Annelida","route":"Puthuthotam","source_row":867,"taxon_group":"annelida"},"type":"Feature"},{"geometry":{"coordinates":[76.966602610583,10.3397287796621],"type":"Point"},"id":"roadkill-2011-868","properties":{"count":1,"date":"2011-06-20","habitat":"forest","recorded_name":"Annelida","route":"Puthuthotam","source_row":868,"taxon_group":"annelida"},"type":"Feature"},{"geometry":{"coordinates":[76.972560385336,10.3537846918665],"type":"Point"},"id":"roadkill-2011-869","properties":{"count":1,"date":"2011-06-20","habitat":"tea","recorded_name":"Mantodea","route":"Puthuthotam","source_row":869,"taxon_group":"insecta"},"type":"Feature"},{"geometry":{"coordinates":[76.9649745541579,10.3392325055818],"type":"Point"},"id":"roadkill-2011-870","properties":{"count":1,"date":"2011-06-20","habitat":"forest","recorded_name":"Diplopoda","route":"Puthuthotam","source_row":870,"taxon_group":"diplopoda"},"type":"Feature"},{"geometry":{"coordinates":[76.9655829150704,10.3387045119664],"type":"Point"},"id":"roadkill-2011-871","properties":{"count":1,"date":"2011-06-20","habitat":"forest","recorded_name":"Diplopoda","route":"Puthuthotam","source_row":871,"taxon_group":"diplopoda"},"type":"Feature"},{"geometry":{"coordinates":[76.9689206746226,10.341079568344],"type":"Point"},"id":"roadkill-2011-872","properties":{"count":1,"date":"2011-06-20","habitat":"forest","recorded_name":"Diplopoda","route":"Puthuthotam","source_row":872,"taxon_group":"diplopoda"},"type":"Feature"},{"geometry":{"coordinates":[76.972896503796,10.3491364151043],"type":"Point"},"id":"roadkill-2011-873","properties":{"count":1,"date":"2011-06-20","habitat":"forest_tea","recorded_name":"Diplopoda","route":"Puthuthotam","source_row":873,"taxon_group":"diplopoda"},"type":"Feature"},{"geometry":{"coordinates":[76.9635164642006,10.3381747449483],"type":"Point"},"id":"roadkill-2011-874","properties":{"count":1,"date":"2011-06-20","habitat":"forest","recorded_name":"Lepidoptera","route":"Puthuthotam","source_row":874,"taxon_group":"insecta"},"type":"Feature"},{"geometry":{"coordinates":[76.964790125589,10.3389353305031],"type":"Point"},"id":"roadkill-2011-875","properties":{"count":1,"date":"2011-06-20","habitat":"forest","recorded_name":"Chilopoda","route":"Puthuthotam","source_row":875,"taxon_group":"chilopoda"},"type":"Feature"},{"geometry":{"coordinates":[76.964947168089,10.3392326725579],"type":"Point"},"id":"roadkill-2011-876","properties":{"count":1,"date":"2011-06-20","habitat":"forest","recorded_name":"Chilopoda","route":"Puthuthotam","source_row":876,"taxon_group":"chilopoda"},"type":"Feature"},{"geometry":{"coordinates":[76.9693856774287,10.3439150838327],"type":"Point"},"id":"roadkill-2011-877","properties":{"count":1,"date":"2011-06-20","habitat":"forest","recorded_name":"Uropeltidae","route":"Puthuthotam","source_row":877,"taxon_group":"reptilia"},"type":"Feature"},{"geometry":{"coordinates":[76.9726967755206,10.3478540533852],"type":"Point"},"id":"roadkill-2011-878","properties":{"count":1,"date":"2011-06-20","habitat":"forest_tea","recorded_name":"Uropeltidae","route":"Puthuthotam","source_row":878,"taxon_group":"reptilia"},"type":"Feature"},{"geometry":{"coordinates":[76.9651565657779,10.3391410020028],"type":"Point"},"id":"roadkill-2011-879","properties":{"count":1,"date":"2011-06-20","habitat":"forest","recorded_name":"Anura","route":"Puthuthotam","source_row":879,"taxon_group":"amphibia"},"type":"Feature"},{"geometry":{"coordinates":[76.9693856774287,10.3439150838327],"type":"Point"},"id":"roadkill-2011-880","properties":{"count":1,"date":"2011-06-20","habitat":"forest","recorded_name":"Anura","route":"Puthuthotam","source_row":880,"taxon_group":"amphibia"},"type":"Feature"},{"geometry":{"coordinates":[76.9715735535498,10.3448779497569],"type":"Point"},"id":"roadkill-2011-881","properties":{"count":1,"date":"2011-06-20","habitat":"forest","recorded_name":"Anura","route":"Puthuthotam","source_row":881,"taxon_group":"amphibia"},"type":"Feature"},{"geometry":{"coordinates":[76.9728344655045,10.3494350932241],"type":"Point"},"id":"roadkill-2011-882","properties":{"count":1,"date":"2011-06-20","habitat":"forest_tea","recorded_name":"Anura","route":"Puthuthotam","source_row":882,"taxon_group":"amphibia"},"type":"Feature"},{"geometry":{"coordinates":[76.9693774504441,10.3440597637837],"type":"Point"},"id":"roadkill-2011-883","properties":{"count":1,"date":"2011-07-01","habitat":"forest","recorded_name":"Anura","route":"Puthuthotam","source_row":883,"taxon_group":"amphibia"},"type":"Feature"},{"geometry":{"coordinates":[76.9727460006662,10.3498876019379],"type":"Point"},"id":"roadkill-2011-884","properties":{"count":1,"date":"2011-07-01","habitat":"forest_tea","recorded_name":"Anura","route":"Puthuthotam","source_row":884,"taxon_group":"amphibia"},"type":"Feature"},{"geometry":{"coordinates":[76.9690947400501,10.3411779375971],"type":"Point"},"id":"roadkill-2011-885","properties":{"count":1,"date":"2011-07-01","habitat":"forest","recorded_name":"Diplopoda","route":"Puthuthotam","source_row":885,"taxon_group":"diplopoda"},"type":"Feature"},{"geometry":{"coordinates":[76.9636650504674,10.3385806120628],"type":"Point"},"id":"roadkill-2011-886","properties":{"count":1,"date":"2011-07-01","habitat":"forest","recorded_name":"Diplopoda","route":"Puthuthotam","source_row":886,"taxon_group":"diplopoda"},"type":"Feature"},{"geometry":{"coordinates":[76.9636742353156,10.3385895954872],"type":"Point"},"id":"roadkill-2011-887","properties":{"count":1,"date":"2011-07-01","habitat":"forest","recorded_name":"Diplopoda","route":"Puthuthotam","source_row":887,"taxon_group":"diplopoda"},"type":"Feature"},{"geometry":{"coordinates":[76.9693857901555,10.3439331618505],"type":"Point"},"id":"roadkill-2011-888","properties":{"count":1,"date":"2011-07-01","habitat":"forest","recorded_name":"Diplopoda","route":"Puthuthotam","source_row":888,"taxon_group":"diplopoda"},"type":"Feature"},{"geometry":{"coordinates":[76.969719387971,10.3447265851587],"type":"Point"},"id":"roadkill-2011-889","properties":{"count":1,"date":"2011-07-01","habitat":"forest","recorded_name":"Diplopoda","route":"Puthuthotam","source_row":889,"taxon_group":"diplopoda"},"type":"Feature"},{"geometry":{"coordinates":[76.9636742353156,10.3385895954872],"type":"Point"},"id":"roadkill-2011-890","properties":{"count":1,"date":"2011-07-01","habitat":"forest","recorded_name":"Gastropoda","route":"Puthuthotam","source_row":890,"taxon_group":"mollusca"},"type":"Feature"},{"geometry":{"coordinates":[76.9694644534691,10.3419078657384],"type":"Point"},"id":"roadkill-2011-891","properties":{"count":1,"date":"2011-07-01","habitat":"forest","recorded_name":"Anura","route":"Puthuthotam","source_row":891,"taxon_group":"amphibia"},"type":"Feature"},{"geometry":{"coordinates":[76.9675841090487,10.3404820951987],"type":"Point"},"id":"roadkill-2011-892","properties":{"count":1,"date":"2011-07-01","habitat":"forest","recorded_name":"Uropeltidae","route":"Puthuthotam","source_row":892,"taxon_group":"reptilia"},"type":"Feature"},{"geometry":{"coordinates":[76.9693857901555,10.3439331618505],"type":"Point"},"id":"roadkill-2011-893","properties":{"count":1,"date":"2011-07-01","habitat":"forest","recorded_name":"Uropeltidae","route":"Puthuthotam","source_row":893,"taxon_group":"reptilia"},"type":"Feature"},{"geometry":{"coordinates":[76.969719387971,10.3447265851587],"type":"Point"},"id":"roadkill-2011-894","properties":{"count":1,"date":"2011-07-01","habitat":"forest","recorded_name":"Uropeltidae","route":"Puthuthotam","source_row":894,"taxon_group":"reptilia"},"type":"Feature"},{"geometry":{"coordinates":[76.9037784249185,10.3402235580072],"type":"Point"},"id":"roadkill-2011-895","properties":{"count":1,"date":"2011-08-19","habitat":"tea","recorded_name":"Gymnophiona","route":"Sholayar","source_row":895,"taxon_group":"amphibia"},"type":"Feature"},{"geometry":{"coordinates":[76.9193488864497,10.3470464954088],"type":"Point"},"id":"roadkill-2011-896","properties":{"count":1,"date":"2011-08-19","habitat":"tea","recorded_name":"Decapoda","route":"Sholayar","source_row":896,"taxon_group":"crustacea"},"type":"Feature"},{"geometry":{"coordinates":[76.8849195897982,10.3053956443243],"type":"Point"},"id":"roadkill-2011-897","properties":{"count":1,"date":"2011-08-19","habitat":"tea","recorded_name":"Anura","route":"Sholayar","source_row":897,"taxon_group":"amphibia"},"type":"Feature"},{"geometry":{"coordinates":[76.8987028520569,10.3220384782396],"type":"Point"},"id":"roadkill-2011-898","properties":{"count":1,"date":"2011-08-19","habitat":"tea","recorded_name":"Anura","route":"Sholayar","source_row":898,"taxon_group":"amphibia"},"type":"Feature"},{"geometry":{"coordinates":[76.9247226737919,10.3524652884229],"type":"Point"},"id":"roadkill-2011-899","properties":{"count":1,"date":"2011-08-19","habitat":"tea","recorded_name":"Anura","route":"Sholayar","source_row":899,"taxon_group":"amphibia"},"type":"Feature"},{"geometry":{"coordinates":[76.9289367306964,10.3548265050558],"type":"Point"},"id":"roadkill-2011-900","properties":{"count":1,"date":"2011-08-19","habitat":"tea","recorded_name":"Diplopoda","route":"Sholayar","source_row":900,"taxon_group":"diplopoda"},"type":"Feature"},{"geometry":{"coordinates":[76.8873540460589,10.3079848989436],"type":"Point"},"id":"roadkill-2011-901","properties":{"count":1,"date":"2011-08-19","habitat":"tea","recorded_name":"Uropeltidae","route":"Sholayar","source_row":901,"taxon_group":"reptilia"},"type":"Feature"},{"geometry":{"coordinates":[76.8950024464814,10.3306479711274],"type":"Point"},"id":"roadkill-2011-902","properties":{"count":1,"date":"2011-08-19","habitat":"tea","recorded_name":"Uropeltidae","route":"Sholayar","source_row":902,"taxon_group":"reptilia"},"type":"Feature"},{"geometry":{"coordinates":[76.8954012988188,10.3332219506773],"type":"Point"},"id":"roadkill-2011-903","properties":{"count":1,"date":"2011-08-19","habitat":"tea","recorded_name":"Uropeltidae","route":"Sholayar","source_row":903,"taxon_group":"reptilia"},"type":"Feature"},{"geometry":{"coordinates":[76.9217933590281,10.3481799457794],"type":"Point"},"id":"roadkill-2011-904","properties":{"count":1,"date":"2011-08-19","habitat":"tea","recorded_name":"Uropeltidae","route":"Sholayar","source_row":904,"taxon_group":"reptilia"},"type":"Feature"},{"geometry":{"coordinates":[76.9251619274652,10.3526344134981],"type":"Point"},"id":"roadkill-2011-905","properties":{"count":1,"date":"2011-08-19","habitat":"tea","recorded_name":"Uropeltidae","route":"Sholayar","source_row":905,"taxon_group":"reptilia"},"type":"Feature"},{"geometry":{"coordinates":[76.8940222370098,10.316352857864],"type":"Point"},"id":"roadkill-2011-906","properties":{"count":1,"date":"2011-08-19","habitat":"tea","recorded_name":"Gastropoda","route":"Sholayar","source_row":906,"taxon_group":"mollusca"},"type":"Feature"},{"geometry":{"coordinates":[76.8949819391807,10.3317961376677],"type":"Point"},"id":"roadkill-2011-907","properties":{"count":1,"date":"2011-08-19","habitat":"tea","recorded_name":"Gastropoda","route":"Sholayar","source_row":907,"taxon_group":"mollusca"},"type":"Feature"},{"geometry":{"coordinates":[76.898504897529,10.3225187476993],"type":"Point"},"id":"roadkill-2011-908","properties":{"count":1,"date":"2011-08-19","habitat":"tea","recorded_name":"Anura","route":"Sholayar","source_row":908,"taxon_group":"amphibia"},"type":"Feature"},{"geometry":{"coordinates":[76.895852637788,10.336934625061],"type":"Point"},"id":"roadkill-2011-909","properties":{"count":1,"date":"2011-08-19","habitat":"tea","recorded_name":"Anura","route":"Sholayar","source_row":909,"taxon_group":"amphibia"},"type":"Feature"},{"geometry":{"coordinates":[76.9127172830145,10.3419333560929],"type":"Point"},"id":"roadkill-2011-910","properties":{"count":1,"date":"2011-08-19","habitat":"tea","recorded_name":"Anura","route":"Sholayar","source_row":910,"taxon_group":"amphibia"},"type":"Feature"},{"geometry":{"coordinates":[76.887381557011,10.3126040661048],"type":"Point"},"id":"roadkill-2011-911","properties":{"count":1,"date":"2011-08-27","habitat":"tea","recorded_name":"Gymnophiona","route":"Sholayar","source_row":911,"taxon_group":"amphibia"},"type":"Feature"},{"geometry":{"coordinates":[76.8983675019627,10.3209195252028],"type":"Point"},"id":"roadkill-2011-912","properties":{"count":1,"date":"2011-08-27","habitat":"tea","recorded_name":"Squamata","route":"Sholayar","source_row":912,"taxon_group":"reptilia"},"type":"Feature"},{"geometry":{"coordinates":[76.8810047757809,10.300997975448],"type":"Point"},"id":"roadkill-2011-913","properties":{"count":1,"date":"2011-08-27","habitat":"tea","recorded_name":"Anura","route":"Sholayar","source_row":913,"taxon_group":"amphibia"},"type":"Feature"},{"geometry":{"coordinates":[76.8840284658032,10.3044426198417],"type":"Point"},"id":"roadkill-2011-914","properties":{"count":1,"date":"2011-08-27","habitat":"tea","recorded_name":"Anura","route":"Sholayar","source_row":914,"taxon_group":"amphibia"},"type":"Feature"},{"geometry":{"coordinates":[76.8861783199592,10.3067623509779],"type":"Point"},"id":"roadkill-2011-915","properties":{"count":1,"date":"2011-08-27","habitat":"tea","recorded_name":"Anura","route":"Sholayar","source_row":915,"taxon_group":"amphibia"},"type":"Feature"},{"geometry":{"coordinates":[76.9251436688778,10.3526345227009],"type":"Point"},"id":"roadkill-2011-916","properties":{"count":1,"date":"2011-08-27","habitat":"tea","recorded_name":"Anura","route":"Sholayar","source_row":916,"taxon_group":"amphibia"},"type":"Feature"},{"geometry":{"coordinates":[76.9294594246328,10.3552030327621],"type":"Point"},"id":"roadkill-2011-917","properties":{"count":1,"date":"2011-08-27","habitat":"tea","recorded_name":"Anura","route":"Sholayar","source_row":917,"taxon_group":"amphibia"},"type":"Feature"},{"geometry":{"coordinates":[76.9062854436397,10.3381205731494],"type":"Point"},"id":"roadkill-2011-918","properties":{"count":1,"date":"2011-08-27","habitat":"tea","recorded_name":"Muridae","route":"Sholayar","source_row":918,"taxon_group":"mammalia"},"type":"Feature"},{"geometry":{"coordinates":[76.9219653339244,10.3494354224497],"type":"Point"},"id":"roadkill-2011-919","properties":{"count":1,"date":"2011-08-27","habitat":"tea","recorded_name":"Diplopoda","route":"Sholayar","source_row":919,"taxon_group":"diplopoda"},"type":"Feature"},{"geometry":{"coordinates":[76.8855524960863,10.3059072218169],"type":"Point"},"id":"roadkill-2011-920","properties":{"count":1,"date":"2011-08-27","habitat":"tea","recorded_name":"Diplopoda","route":"Sholayar","source_row":920,"taxon_group":"diplopoda"},"type":"Feature"},{"geometry":{"coordinates":[76.8937820875764,10.3158841993085],"type":"Point"},"id":"roadkill-2011-921","properties":{"count":3,"date":"2011-08-27","habitat":"tea","recorded_name":"Gastropoda","route":"Sholayar","source_row":921,"taxon_group":"mollusca"},"type":"Feature"},{"geometry":{"coordinates":[76.8969107883035,10.3185235200068],"type":"Point"},"id":"roadkill-2011-922","properties":{"count":2,"date":"2011-08-27","habitat":"tea","recorded_name":"Gastropoda","route":"Sholayar","source_row":922,"taxon_group":"mollusca"},"type":"Feature"},{"geometry":{"coordinates":[76.8857262536612,10.3059604470723],"type":"Point"},"id":"roadkill-2011-923","properties":{"count":1,"date":"2011-08-27","habitat":"tea","recorded_name":"Anura","route":"Sholayar","source_row":923,"taxon_group":"amphibia"},"type":"Feature"},{"geometry":{"coordinates":[76.8978779533239,10.3230105795823],"type":"Point"},"id":"roadkill-2011-924","properties":{"count":1,"date":"2011-08-27","habitat":"tea","recorded_name":"Anura","route":"Sholayar","source_row":924,"taxon_group":"amphibia"},"type":"Feature"},{"geometry":{"coordinates":[76.8960834114961,10.3373581347813],"type":"Point"},"id":"roadkill-2011-925","properties":{"count":1,"date":"2011-08-27","habitat":"tea","recorded_name":"Anura","route":"Sholayar","source_row":925,"taxon_group":"amphibia"},"type":"Feature"},{"geometry":{"coordinates":[76.9217487035462,10.3483429249313],"type":"Point"},"id":"roadkill-2011-926","properties":{"count":1,"date":"2011-08-27","habitat":"tea","recorded_name":"Anura","route":"Sholayar","source_row":926,"taxon_group":"amphibia"},"type":"Feature"},{"geometry":{"coordinates":[76.9220021259868,10.3494804007767],"type":"Point"},"id":"roadkill-2011-927","properties":{"count":1,"date":"2011-08-27","habitat":"tea","recorded_name":"Anura","route":"Sholayar","source_row":927,"taxon_group":"amphibia"},"type":"Feature"},{"geometry":{"coordinates":[76.9077162753896,10.3392239865414],"type":"Point"},"id":"roadkill-2011-928","properties":{"count":1,"date":"2011-09-05","habitat":"tea","recorded_name":"Squamata","route":"Sholayar","source_row":928,"taxon_group":"reptilia"},"type":"Feature"},{"geometry":{"coordinates":[76.8998130453118,10.341205168416],"type":"Point"},"id":"roadkill-2011-929","properties":{"count":1,"date":"2011-09-05","habitat":"tea","recorded_name":"Anura","route":"Sholayar","source_row":929,"taxon_group":"amphibia"},"type":"Feature"},{"geometry":{"coordinates":[76.9245388200541,10.3522584774755],"type":"Point"},"id":"roadkill-2011-930","properties":{"count":1,"date":"2011-09-05","habitat":"tea","recorded_name":"Diplopoda","route":"Sholayar","source_row":930,"taxon_group":"diplopoda"},"type":"Feature"},{"geometry":{"coordinates":[76.9279711352183,10.3536842674432],"type":"Point"},"id":"roadkill-2011-931","properties":{"count":1,"date":"2011-09-05","habitat":"tea","recorded_name":"Uropeltidae","route":"Sholayar","source_row":931,"taxon_group":"reptilia"},"type":"Feature"},{"geometry":{"coordinates":[76.9166621801636,10.3420997456163],"type":"Point"},"id":"roadkill-2011-932","properties":{"count":1,"date":"2011-09-05","habitat":"tea","recorded_name":"Uropeltidae","route":"Sholayar","source_row":932,"taxon_group":"reptilia"},"type":"Feature"},{"geometry":{"coordinates":[76.9233341793077,10.3508374235233],"type":"Point"},"id":"roadkill-2011-933","properties":{"count":1,"date":"2011-09-05","habitat":"tea","recorded_name":"Gastropoda","route":"Sholayar","source_row":933,"taxon_group":"mollusca"},"type":"Feature"},{"geometry":{"coordinates":[76.9199013083264,10.3478115687372],"type":"Point"},"id":"roadkill-2011-934","properties":{"count":1,"date":"2011-09-05","habitat":"tea","recorded_name":"Gastropoda","route":"Sholayar","source_row":934,"taxon_group":"mollusca"},"type":"Feature"},{"geometry":{"coordinates":[76.895093381496,10.3321118734523],"type":"Point"},"id":"roadkill-2011-935","properties":{"count":1,"date":"2011-09-05","habitat":"tea","recorded_name":"Gastropoda","route":"Sholayar","source_row":935,"taxon_group":"mollusca"},"type":"Feature"},{"geometry":{"coordinates":[76.9192231111636,10.347381710356],"type":"Point"},"id":"roadkill-2011-936","properties":{"count":1,"date":"2011-09-05","habitat":"tea","recorded_name":"Squamata","route":"Sholayar","source_row":936,"taxon_group":"reptilia"},"type":"Feature"},{"geometry":{"coordinates":[76.9233434738107,10.3508644867429],"type":"Point"},"id":"roadkill-2011-937","properties":{"count":1,"date":"2011-09-05","habitat":"tea","recorded_name":"Anura","route":"Sholayar","source_row":937,"taxon_group":"amphibia"},"type":"Feature"},{"geometry":{"coordinates":[76.9226715870876,10.3499735810746],"type":"Point"},"id":"roadkill-2011-938","properties":{"count":1,"date":"2011-09-05","habitat":"tea","recorded_name":"Anura","route":"Sholayar","source_row":938,"taxon_group":"amphibia"},"type":"Feature"},{"geometry":{"coordinates":[76.9199742318433,10.3477930547633],"type":"Point"},"id":"roadkill-2011-939","properties":{"count":1,"date":"2011-09-05","habitat":"tea","recorded_name":"Anura","route":"Sholayar","source_row":939,"taxon_group":"amphibia"},"type":"Feature"},{"geometry":{"coordinates":[76.9077162753896,10.3392239865414],"type":"Point"},"id":"roadkill-2011-940","properties":{"count":1,"date":"2011-09-05","habitat":"tea","recorded_name":"Squamata","route":"Sholayar","source_row":940,"taxon_group":"reptilia"},"type":"Feature"},{"geometry":{"coordinates":[76.9226254454116,10.3498925003377],"type":"Point"},"id":"roadkill-2011-941","properties":{"count":1,"date":"2011-09-05","habitat":"tea","recorded_name":"Anura","route":"Sholayar","source_row":941,"taxon_group":"amphibia"},"type":"Feature"},{"geometry":{"coordinates":[76.8998130453118,10.341205168416],"type":"Point"},"id":"roadkill-2011-942","properties":{"count":1,"date":"2011-09-05","habitat":"tea","recorded_name":"Anura","route":"Sholayar","source_row":942,"taxon_group":"amphibia"},"type":"Feature"},{"geometry":{"coordinates":[76.9245389854315,10.3522855952142],"type":"Point"},"id":"roadkill-2011-943","properties":{"count":1,"date":"2011-09-05","habitat":"tea","recorded_name":"Diplopoda","route":"Sholayar","source_row":943,"taxon_group":"diplopoda"},"type":"Feature"},{"geometry":{"coordinates":[76.9233437492309,10.3509096830098],"type":"Point"},"id":"roadkill-2011-944","properties":{"count":1,"date":"2011-09-05","habitat":"tea","recorded_name":"Diplopoda","route":"Sholayar","source_row":944,"taxon_group":"diplopoda"},"type":"Feature"},{"geometry":{"coordinates":[76.9279986336099,10.3537021818357],"type":"Point"},"id":"roadkill-2011-945","properties":{"count":1,"date":"2011-09-05","habitat":"tea","recorded_name":"Uropeltidae","route":"Sholayar","source_row":945,"taxon_group":"reptilia"},"type":"Feature"},{"geometry":{"coordinates":[76.9166621801636,10.3420997456163],"type":"Point"},"id":"roadkill-2011-946","properties":{"count":1,"date":"2011-09-05","habitat":"tea","recorded_name":"Uropeltidae","route":"Sholayar","source_row":946,"taxon_group":"reptilia"},"type":"Feature"},{"geometry":{"coordinates":[76.9199651576322,10.3478021484657],"type":"Point"},"id":"roadkill-2011-947","properties":{"count":1,"date":"2011-09-05","habitat":"tea","recorded_name":"Gastropoda","route":"Sholayar","source_row":947,"taxon_group":"mollusca"},"type":"Feature"},{"geometry":{"coordinates":[76.895093381496,10.3321118734523],"type":"Point"},"id":"roadkill-2011-948","properties":{"count":1,"date":"2011-09-05","habitat":"tea","recorded_name":"Gastropoda","route":"Sholayar","source_row":948,"taxon_group":"mollusca"},"type":"Feature"},{"geometry":{"coordinates":[76.9192140369367,10.3473908040392],"type":"Point"},"id":"roadkill-2011-949","properties":{"count":1,"date":"2011-09-05","habitat":"tea","recorded_name":"Lycodon","route":"Sholayar","source_row":949,"taxon_group":"reptilia"},"type":"Feature"},{"geometry":{"coordinates":[76.9233344547258,10.3508826197905],"type":"Point"},"id":"roadkill-2011-950","properties":{"count":1,"date":"2011-09-05","habitat":"tea","recorded_name":"Anura","route":"Sholayar","source_row":950,"taxon_group":"amphibia"},"type":"Feature"},{"geometry":{"coordinates":[76.9226898455477,10.3499734720397],"type":"Point"},"id":"roadkill-2011-951","properties":{"count":1,"date":"2011-09-05","habitat":"tea","recorded_name":"Anura","route":"Sholayar","source_row":951,"taxon_group":"amphibia"},"type":"Feature"},{"geometry":{"coordinates":[76.9199742318433,10.3477930547633],"type":"Point"},"id":"roadkill-2011-952","properties":{"count":1,"date":"2011-09-05","habitat":"tea","recorded_name":"Anura","route":"Sholayar","source_row":952,"taxon_group":"amphibia"},"type":"Feature"},{"geometry":{"coordinates":[76.8902972164334,10.3132107640401],"type":"Point"},"id":"roadkill-2011-953","properties":{"count":1,"date":"2011-09-13","habitat":"tea","recorded_name":"Gymnophiona","route":"Sholayar","source_row":953,"taxon_group":"amphibia"},"type":"Feature"},{"geometry":{"coordinates":[76.9241159518825,10.3517819077985],"type":"Point"},"id":"roadkill-2011-954","properties":{"count":1,"date":"2011-09-13","habitat":"tea","recorded_name":"Gymnophiona","route":"Sholayar","source_row":954,"taxon_group":"amphibia"},"type":"Feature"},{"geometry":{"coordinates":[76.898223658007,10.3410608602492],"type":"Point"},"id":"roadkill-2011-955","properties":{"count":1,"date":"2011-09-13","habitat":"tea","recorded_name":"Lepidoptera","route":"Sholayar","source_row":955,"taxon_group":"insecta"},"type":"Feature"},{"geometry":{"coordinates":[76.9210720984082,10.3481752098604],"type":"Point"},"id":"roadkill-2011-956","properties":{"count":1,"date":"2011-09-13","habitat":"tea","recorded_name":"Annelida","route":"Sholayar","source_row":956,"taxon_group":"annelida"},"type":"Feature"},{"geometry":{"coordinates":[76.881169884659,10.3011326124002],"type":"Point"},"id":"roadkill-2011-957","properties":{"count":1,"date":"2011-09-13","habitat":"tea","recorded_name":"Anura","route":"Sholayar","source_row":957,"taxon_group":"amphibia"},"type":"Feature"},{"geometry":{"coordinates":[76.8842800244813,10.3037631690096],"type":"Point"},"id":"roadkill-2011-958","properties":{"count":1,"date":"2011-09-13","habitat":"tea","recorded_name":"Anura","route":"Sholayar","source_row":958,"taxon_group":"amphibia"},"type":"Feature"},{"geometry":{"coordinates":[76.8860396225415,10.3064648472029],"type":"Point"},"id":"roadkill-2011-959","properties":{"count":1,"date":"2011-09-13","habitat":"tea","recorded_name":"Anura","route":"Sholayar","source_row":959,"taxon_group":"amphibia"},"type":"Feature"},{"geometry":{"coordinates":[76.8876077215384,10.309194748124],"type":"Point"},"id":"roadkill-2011-960","properties":{"count":1,"date":"2011-09-13","habitat":"tea","recorded_name":"Anura","route":"Sholayar","source_row":960,"taxon_group":"amphibia"},"type":"Feature"},{"geometry":{"coordinates":[76.9207431726787,10.3481319739992],"type":"Point"},"id":"roadkill-2011-961","properties":{"count":1,"date":"2011-09-13","habitat":"tea","recorded_name":"Anura","route":"Sholayar","source_row":961,"taxon_group":"amphibia"},"type":"Feature"},{"geometry":{"coordinates":[76.8937635605268,10.3158391092078],"type":"Point"},"id":"roadkill-2011-962","properties":{"count":2,"date":"2011-09-13","habitat":"tea","recorded_name":"Anura","route":"Sholayar","source_row":962,"taxon_group":"amphibia"},"type":"Feature"},{"geometry":{"coordinates":[76.9237216298587,10.3514949979344],"type":"Point"},"id":"roadkill-2011-963","properties":{"count":1,"date":"2011-09-13","habitat":"tea","recorded_name":"Anura","route":"Sholayar","source_row":963,"taxon_group":"amphibia"},"type":"Feature"},{"geometry":{"coordinates":[76.8952232217967,10.3278805158009],"type":"Point"},"id":"roadkill-2011-964","properties":{"count":1,"date":"2011-09-13","habitat":"tea","recorded_name":"Craspedocephalus","route":"Sholayar","source_row":964,"taxon_group":"reptilia"},"type":"Feature"},{"geometry":{"coordinates":[76.9295881753294,10.3553559331188],"type":"Point"},"id":"roadkill-2011-965","properties":{"count":1,"date":"2011-09-13","habitat":"tea","recorded_name":"Muridae","route":"Sholayar","source_row":965,"taxon_group":"mammalia"},"type":"Feature"},{"geometry":{"coordinates":[76.9237949946073,10.3515487969908],"type":"Point"},"id":"roadkill-2011-966","properties":{"count":1,"date":"2011-09-13","habitat":"tea","recorded_name":"Diplopoda","route":"Sholayar","source_row":966,"taxon_group":"diplopoda"},"type":"Feature"},{"geometry":{"coordinates":[76.8872118161274,10.308627553963],"type":"Point"},"id":"roadkill-2011-967","properties":{"count":1,"date":"2011-09-13","habitat":"tea","recorded_name":"Uropeltidae","route":"Sholayar","source_row":967,"taxon_group":"reptilia"},"type":"Feature"},{"geometry":{"coordinates":[76.89497259365,10.3317600336498],"type":"Point"},"id":"roadkill-2011-968","properties":{"count":1,"date":"2011-09-13","habitat":"tea","recorded_name":"Uropeltidae","route":"Sholayar","source_row":968,"taxon_group":"reptilia"},"type":"Feature"},{"geometry":{"coordinates":[76.8955651616283,10.3346673440353],"type":"Point"},"id":"roadkill-2011-969","properties":{"count":1,"date":"2011-09-13","habitat":"tea","recorded_name":"Uropeltidae","route":"Sholayar","source_row":969,"taxon_group":"reptilia"},"type":"Feature"},{"geometry":{"coordinates":[76.8813540004199,10.3013936960816],"type":"Point"},"id":"roadkill-2011-970","properties":{"count":1,"date":"2011-09-13","habitat":"tea","recorded_name":"Gastropoda","route":"Sholayar","source_row":970,"taxon_group":"mollusca"},"type":"Feature"},{"geometry":{"coordinates":[76.9295604555661,10.3553018620355],"type":"Point"},"id":"roadkill-2011-971","properties":{"count":1,"date":"2011-09-13","habitat":"tea","recorded_name":"Gastropoda","route":"Sholayar","source_row":971,"taxon_group":"mollusca"},"type":"Feature"},{"geometry":{"coordinates":[76.9005893992141,10.3412638680846],"type":"Point"},"id":"roadkill-2011-972","properties":{"count":1,"date":"2011-09-13","habitat":"tea","recorded_name":"Squamata","route":"Sholayar","source_row":972,"taxon_group":"reptilia"},"type":"Feature"},{"geometry":{"coordinates":[76.926071410218,10.3535600481408],"type":"Point"},"id":"roadkill-2011-973","properties":{"count":1,"date":"2011-09-13","habitat":"tea","recorded_name":"Squamata","route":"Sholayar","source_row":973,"taxon_group":"reptilia"},"type":"Feature"},{"geometry":{"coordinates":[76.9282460640231,10.3538543720099],"type":"Point"},"id":"roadkill-2011-974","properties":{"count":1,"date":"2011-09-13","habitat":"tea","recorded_name":"Squamata","route":"Sholayar","source_row":974,"taxon_group":"reptilia"},"type":"Feature"},{"geometry":{"coordinates":[76.881169884659,10.3011326124002],"type":"Point"},"id":"roadkill-2011-975","properties":{"count":1,"date":"2011-09-13","habitat":"tea","recorded_name":"Anura","route":"Sholayar","source_row":975,"taxon_group":"amphibia"},"type":"Feature"},{"geometry":{"coordinates":[76.8861047029266,10.3066633428448],"type":"Point"},"id":"roadkill-2011-976","properties":{"count":1,"date":"2011-09-13","habitat":"tea","recorded_name":"Anura","route":"Sholayar","source_row":976,"taxon_group":"amphibia"},"type":"Feature"},{"geometry":{"coordinates":[76.8872303955289,10.3086816841672],"type":"Point"},"id":"roadkill-2011-977","properties":{"count":1,"date":"2011-09-13","habitat":"tea","recorded_name":"Anura","route":"Sholayar","source_row":977,"taxon_group":"amphibia"},"type":"Feature"},{"geometry":{"coordinates":[76.925436357789,10.3527231677443],"type":"Point"},"id":"roadkill-2011-978","properties":{"count":1,"date":"2011-09-13","habitat":"tea","recorded_name":"Anura","route":"Sholayar","source_row":978,"taxon_group":"amphibia"},"type":"Feature"},{"geometry":{"coordinates":[76.9295144218378,10.355238861208],"type":"Point"},"id":"roadkill-2011-979","properties":{"count":1,"date":"2011-09-13","habitat":"tea","recorded_name":"Anura","route":"Sholayar","source_row":979,"taxon_group":"amphibia"},"type":"Feature"},{"geometry":{"coordinates":[76.8974436667235,10.3403965151618],"type":"Point"},"id":"roadkill-2011-980","properties":{"count":1,"date":"2011-09-21","habitat":"tea","recorded_name":"Gymnophiona","route":"Sholayar","source_row":980,"taxon_group":"amphibia"},"type":"Feature"},{"geometry":{"coordinates":[76.9288081463148,10.3547007220037],"type":"Point"},"id":"roadkill-2011-981","properties":{"count":1,"date":"2011-09-21","habitat":"tea","recorded_name":"Squamata","route":"Sholayar","source_row":981,"taxon_group":"reptilia"},"type":"Feature"},{"geometry":{"coordinates":[76.929229864385,10.354987459834],"type":"Point"},"id":"roadkill-2011-982","properties":{"count":1,"date":"2011-09-21","habitat":"tea","recorded_name":"Anura","route":"Sholayar","source_row":982,"taxon_group":"amphibia"},"type":"Feature"},{"geometry":{"coordinates":[76.9293032860418,10.3550502965262],"type":"Point"},"id":"roadkill-2011-983","properties":{"count":1,"date":"2011-09-21","habitat":"tea","recorded_name":"Anura","route":"Sholayar","source_row":983,"taxon_group":"amphibia"},"type":"Feature"},{"geometry":{"coordinates":[76.9285507568489,10.3544129987927],"type":"Point"},"id":"roadkill-2011-984","properties":{"count":1,"date":"2011-09-21","habitat":"tea","recorded_name":"Anura","route":"Sholayar","source_row":984,"taxon_group":"amphibia"},"type":"Feature"},{"geometry":{"coordinates":[76.9270012752718,10.3533375327263],"type":"Point"},"id":"roadkill-2011-985","properties":{"count":1,"date":"2011-09-21","habitat":"tea","recorded_name":"Diplopoda","route":"Sholayar","source_row":985,"taxon_group":"diplopoda"},"type":"Feature"},{"geometry":{"coordinates":[76.8954695907148,10.3339537673218],"type":"Point"},"id":"roadkill-2011-986","properties":{"count":1,"date":"2011-09-21","habitat":"tea","recorded_name":"Uropeltidae","route":"Sholayar","source_row":986,"taxon_group":"reptilia"},"type":"Feature"},{"geometry":{"coordinates":[76.8995582457906,10.3413422661632],"type":"Point"},"id":"roadkill-2011-987","properties":{"count":1,"date":"2011-09-21","habitat":"tea","recorded_name":"Gastropoda","route":"Sholayar","source_row":987,"taxon_group":"mollusca"},"type":"Feature"},{"geometry":{"coordinates":[76.9284396027178,10.3541515177545],"type":"Point"},"id":"roadkill-2011-988","properties":{"count":1,"date":"2011-09-21","habitat":"tea","recorded_name":"Anura","route":"Sholayar","source_row":988,"taxon_group":"amphibia"},"type":"Feature"},{"geometry":{"coordinates":[76.9274030198155,10.3533441667776],"type":"Point"},"id":"roadkill-2011-989","properties":{"count":1,"date":"2011-09-21","habitat":"tea","recorded_name":"Anura","route":"Sholayar","source_row":989,"taxon_group":"amphibia"},"type":"Feature"},{"geometry":{"coordinates":[76.899092281035,10.3412817348172],"type":"Point"},"id":"roadkill-2011-990","properties":{"count":1,"date":"2011-09-21","habitat":"tea","recorded_name":"Anura","route":"Sholayar","source_row":990,"taxon_group":"amphibia"},"type":"Feature"},{"geometry":{"coordinates":[76.8870122663659,10.3073089107187],"type":"Point"},"id":"roadkill-2011-991","properties":{"count":2,"date":"2011-09-29","habitat":"tea","recorded_name":"Gymnophiona","route":"Sholayar","source_row":991,"taxon_group":"amphibia"},"type":"Feature"},{"geometry":{"coordinates":[76.8968814197259,10.3395048930488],"type":"Point"},"id":"roadkill-2011-992","properties":{"count":2,"date":"2011-09-29","habitat":"tea","recorded_name":"Gymnophiona","route":"Sholayar","source_row":992,"taxon_group":"amphibia"},"type":"Feature"},{"geometry":{"coordinates":[76.9184706613297,10.3422426557985],"type":"Point"},"id":"roadkill-2011-993","properties":{"count":1,"date":"2011-09-29","habitat":"tea","recorded_name":"Gymnophiona","route":"Sholayar","source_row":993,"taxon_group":"amphibia"},"type":"Feature"},{"geometry":{"coordinates":[76.8978415473953,10.3230288730916],"type":"Point"},"id":"roadkill-2011-994","properties":{"count":2,"date":"2011-09-29","habitat":"tea","recorded_name":"Annelida","route":"Sholayar","source_row":994,"taxon_group":"annelida"},"type":"Feature"},{"geometry":{"coordinates":[76.8869847741762,10.3072909916433],"type":"Point"},"id":"roadkill-2011-995","properties":{"count":4,"date":"2011-09-29","habitat":"tea","recorded_name":"Annelida","route":"Sholayar","source_row":995,"taxon_group":"annelida"},"type":"Feature"},{"geometry":{"coordinates":[76.8860582015612,10.3065189775394],"type":"Point"},"id":"roadkill-2011-996","properties":{"count":1,"date":"2011-09-29","habitat":"tea","recorded_name":"Annelida","route":"Sholayar","source_row":996,"taxon_group":"annelida"},"type":"Feature"},{"geometry":{"coordinates":[76.8860674372935,10.3065370032318],"type":"Point"},"id":"roadkill-2011-997","properties":{"count":1,"date":"2011-09-29","habitat":"tea","recorded_name":"Anura","route":"Sholayar","source_row":997,"taxon_group":"amphibia"},"type":"Feature"},{"geometry":{"coordinates":[76.8986230266544,10.3224276556918],"type":"Point"},"id":"roadkill-2011-998","properties":{"count":1,"date":"2011-09-29","habitat":"tea","recorded_name":"Anura","route":"Sholayar","source_row":998,"taxon_group":"amphibia"},"type":"Feature"},{"geometry":{"coordinates":[76.9184706613297,10.3422426557985],"type":"Point"},"id":"roadkill-2011-999","properties":{"count":1,"date":"2011-09-29","habitat":"tea","recorded_name":"Anura","route":"Sholayar","source_row":999,"taxon_group":"amphibia"},"type":"Feature"},{"geometry":{"coordinates":[76.9277969051703,10.3535587572523],"type":"Point"},"id":"roadkill-2011-1000","properties":{"count":1,"date":"2011-09-29","habitat":"tea","recorded_name":"Anura","route":"Sholayar","source_row":1000,"taxon_group":"amphibia"},"type":"Feature"},{"geometry":{"coordinates":[76.9289091768918,10.3547995515506],"type":"Point"},"id":"roadkill-2011-1001","properties":{"count":1,"date":"2011-09-29","habitat":"tea","recorded_name":"Squamata","route":"Sholayar","source_row":1001,"taxon_group":"reptilia"},"type":"Feature"},{"geometry":{"coordinates":[76.9297448671391,10.3555990613272],"type":"Point"},"id":"roadkill-2011-1002","properties":{"count":1,"date":"2011-09-29","habitat":"tea","recorded_name":"Craspedocephalus","route":"Sholayar","source_row":1002,"taxon_group":"reptilia"},"type":"Feature"},{"geometry":{"coordinates":[76.9297995326772,10.3555806544075],"type":"Point"},"id":"roadkill-2011-1003","properties":{"count":1,"date":"2011-09-29","habitat":"tea","recorded_name":"Muridae","route":"Sholayar","source_row":1003,"taxon_group":"mammalia"},"type":"Feature"},{"geometry":{"coordinates":[76.8878476947856,10.3127007802337],"type":"Point"},"id":"roadkill-2011-1004","properties":{"count":1,"date":"2011-09-29","habitat":"tea","recorded_name":"Uropeltidae","route":"Sholayar","source_row":1004,"taxon_group":"reptilia"},"type":"Feature"},{"geometry":{"coordinates":[76.89500057608,10.3318593062873],"type":"Point"},"id":"roadkill-2011-1005","properties":{"count":1,"date":"2011-09-29","habitat":"tea","recorded_name":"Uropeltidae","route":"Sholayar","source_row":1005,"taxon_group":"reptilia"},"type":"Feature"},{"geometry":{"coordinates":[76.8952005591573,10.3164725019062],"type":"Point"},"id":"roadkill-2011-1006","properties":{"count":1,"date":"2011-09-29","habitat":"tea","recorded_name":"Gastropoda","route":"Sholayar","source_row":1006,"taxon_group":"mollusca"},"type":"Feature"},{"geometry":{"coordinates":[76.9003974162979,10.3412198019013],"type":"Point"},"id":"roadkill-2011-1007","properties":{"count":1,"date":"2011-09-29","habitat":"tea","recorded_name":"Gastropoda","route":"Sholayar","source_row":1007,"taxon_group":"mollusca"},"type":"Feature"},{"geometry":{"coordinates":[76.8938565742121,10.3161278356921],"type":"Point"},"id":"roadkill-2011-1008","properties":{"count":1,"date":"2011-09-29","habitat":"tea","recorded_name":"Phasmida","route":"Sholayar","source_row":1008,"taxon_group":"insecta"},"type":"Feature"},{"geometry":{"coordinates":[76.8952005591573,10.3164725019062],"type":"Point"},"id":"roadkill-2011-1009","properties":{"count":1,"date":"2011-09-29","habitat":"tea","recorded_name":"Anura","route":"Sholayar","source_row":1009,"taxon_group":"amphibia"},"type":"Feature"},{"geometry":{"coordinates":[76.9003882328266,10.3412108163615],"type":"Point"},"id":"roadkill-2011-1010","properties":{"count":1,"date":"2011-09-29","habitat":"tea","recorded_name":"Anura","route":"Sholayar","source_row":1010,"taxon_group":"amphibia"},"type":"Feature"},{"geometry":{"coordinates":[76.9278518466897,10.353585546844],"type":"Point"},"id":"roadkill-2011-1011","properties":{"count":1,"date":"2011-09-29","habitat":"tea","recorded_name":"Anura","route":"Sholayar","source_row":1011,"taxon_group":"amphibia"},"type":"Feature"},{"geometry":{"coordinates":[76.8864166746208,10.3069327160634],"type":"Point"},"id":"roadkill-2011-1012","properties":{"count":1,"date":"2011-10-07","habitat":"tea","recorded_name":"Coleoptera","route":"Sholayar","source_row":1012,"taxon_group":"insecta"},"type":"Feature"},{"geometry":{"coordinates":[76.8884325781101,10.3112781174721],"type":"Point"},"id":"roadkill-2011-1013","properties":{"count":1,"date":"2011-10-07","habitat":"tea","recorded_name":"Annelida","route":"Sholayar","source_row":1013,"taxon_group":"annelida"},"type":"Feature"},{"geometry":{"coordinates":[76.8879433664343,10.3119047208336],"type":"Point"},"id":"roadkill-2011-1014","properties":{"count":1,"date":"2011-10-07","habitat":"tea","recorded_name":"Annelida","route":"Sholayar","source_row":1014,"taxon_group":"annelida"},"type":"Feature"},{"geometry":{"coordinates":[76.8833582487372,10.3022588920341],"type":"Point"},"id":"roadkill-2011-1015","properties":{"count":1,"date":"2011-10-07","habitat":"tea","recorded_name":"Anura","route":"Sholayar","source_row":1015,"taxon_group":"amphibia"},"type":"Feature"},{"geometry":{"coordinates":[76.92188267565,10.3493545595306],"type":"Point"},"id":"roadkill-2011-1016","properties":{"count":1,"date":"2011-10-07","habitat":"tea","recorded_name":"Anura","route":"Sholayar","source_row":1016,"taxon_group":"amphibia"},"type":"Feature"},{"geometry":{"coordinates":[76.8846976663909,10.3049178289268],"type":"Point"},"id":"roadkill-2011-1017","properties":{"count":1,"date":"2011-10-07","habitat":"tea","recorded_name":"Lampyridae","route":"Sholayar","source_row":1017,"taxon_group":"insecta"},"type":"Feature"},{"geometry":{"coordinates":[76.8951000384621,10.3164550122789],"type":"Point"},"id":"roadkill-2011-1018","properties":{"count":1,"date":"2011-10-07","habitat":"tea","recorded_name":"Lampyridae","route":"Sholayar","source_row":1018,"taxon_group":"insecta"},"type":"Feature"},{"geometry":{"coordinates":[76.9043259266172,10.3386654976793],"type":"Point"},"id":"roadkill-2011-1019","properties":{"count":1,"date":"2011-10-07","habitat":"tea","recorded_name":"Lampyridae","route":"Sholayar","source_row":1019,"taxon_group":"insecta"},"type":"Feature"},{"geometry":{"coordinates":[76.9298362712747,10.3556165922756],"type":"Point"},"id":"roadkill-2011-1020","properties":{"count":1,"date":"2011-10-07","habitat":"tea","recorded_name":"Muridae","route":"Sholayar","source_row":1020,"taxon_group":"mammalia"},"type":"Feature"},{"geometry":{"coordinates":[76.9191860999562,10.3473005744803],"type":"Point"},"id":"roadkill-2011-1021","properties":{"count":1,"date":"2011-10-07","habitat":"tea","recorded_name":"Diplopoda","route":"Sholayar","source_row":1021,"taxon_group":"diplopoda"},"type":"Feature"},{"geometry":{"coordinates":[76.9216044522325,10.3486420923308],"type":"Point"},"id":"roadkill-2011-1022","properties":{"count":1,"date":"2011-10-07","habitat":"tea","recorded_name":"Diplopoda","route":"Sholayar","source_row":1022,"taxon_group":"diplopoda"},"type":"Feature"},{"geometry":{"coordinates":[76.9217755958838,10.3482614081139],"type":"Point"},"id":"roadkill-2011-1023","properties":{"count":1,"date":"2011-10-07","habitat":"tea","recorded_name":"Uropeltidae","route":"Sholayar","source_row":1023,"taxon_group":"reptilia"},"type":"Feature"},{"geometry":{"coordinates":[76.9264288331725,10.3537838981699],"type":"Point"},"id":"roadkill-2011-1024","properties":{"count":1,"date":"2011-10-07","habitat":"tea","recorded_name":"Uropeltidae","route":"Sholayar","source_row":1024,"taxon_group":"reptilia"},"type":"Feature"},{"geometry":{"coordinates":[76.9121191277264,10.3396408370015],"type":"Point"},"id":"roadkill-2011-1025","properties":{"count":1,"date":"2011-10-07","habitat":"tea","recorded_name":"Scincidae","route":"Sholayar","source_row":1025,"taxon_group":"reptilia"},"type":"Feature"},{"geometry":{"coordinates":[76.8816682153675,10.3020427346284],"type":"Point"},"id":"roadkill-2011-1026","properties":{"count":1,"date":"2011-10-18","habitat":"tea","recorded_name":"Gymnophiona","route":"Sholayar","source_row":1026,"taxon_group":"amphibia"},"type":"Feature"},{"geometry":{"coordinates":[76.9292941014235,10.3550413120385],"type":"Point"},"id":"roadkill-2011-1027","properties":{"count":4,"date":"2011-10-18","habitat":"tea","recorded_name":"Annelida","route":"Sholayar","source_row":1027,"taxon_group":"annelida"},"type":"Feature"},{"geometry":{"coordinates":[76.8856713771839,10.3059426875842],"type":"Point"},"id":"roadkill-2011-1028","properties":{"count":1,"date":"2011-10-18","habitat":"tea","recorded_name":"Anura","route":"Sholayar","source_row":1028,"taxon_group":"amphibia"},"type":"Feature"},{"geometry":{"coordinates":[76.8878476947856,10.3127007802337],"type":"Point"},"id":"roadkill-2011-1029","properties":{"count":1,"date":"2011-10-18","habitat":"tea","recorded_name":"Anura","route":"Sholayar","source_row":1029,"taxon_group":"amphibia"},"type":"Feature"},{"geometry":{"coordinates":[76.9292757874649,10.3550323822814],"type":"Point"},"id":"roadkill-2011-1030","properties":{"count":1,"date":"2011-10-18","habitat":"tea","recorded_name":"Anura","route":"Sholayar","source_row":1030,"taxon_group":"amphibia"},"type":"Feature"},{"geometry":{"coordinates":[76.8952646960341,10.3363233808204],"type":"Point"},"id":"roadkill-2011-1031","properties":{"count":1,"date":"2011-10-18","habitat":"tea","recorded_name":"Orthoptera","route":"Sholayar","source_row":1031,"taxon_group":"insecta"},"type":"Feature"},{"geometry":{"coordinates":[76.8949623272587,10.3315702595874],"type":"Point"},"id":"roadkill-2011-1032","properties":{"count":1,"date":"2011-10-18","habitat":"tea","recorded_name":"Diplopoda","route":"Sholayar","source_row":1032,"taxon_group":"diplopoda"},"type":"Feature"},{"geometry":{"coordinates":[76.9297450330184,10.3556261789768],"type":"Point"},"id":"roadkill-2011-1033","properties":{"count":1,"date":"2011-10-18","habitat":"tea","recorded_name":"Muridae","route":"Sholayar","source_row":1033,"taxon_group":"mammalia"},"type":"Feature"},{"geometry":{"coordinates":[76.8949859221054,10.3309373396646],"type":"Point"},"id":"roadkill-2011-1034","properties":{"count":1,"date":"2011-10-18","habitat":"tea","recorded_name":"Uropeltidae","route":"Sholayar","source_row":1034,"taxon_group":"reptilia"},"type":"Feature"},{"geometry":{"coordinates":[76.9293032860418,10.3550502965262],"type":"Point"},"id":"roadkill-2011-1035","properties":{"count":1,"date":"2011-10-18","habitat":"tea","recorded_name":"Uropeltidae","route":"Sholayar","source_row":1035,"taxon_group":"reptilia"},"type":"Feature"},{"geometry":{"coordinates":[76.8825450997018,10.3021370692693],"type":"Point"},"id":"roadkill-2011-1036","properties":{"count":1,"date":"2011-10-18","habitat":"tea","recorded_name":"Anura","route":"Sholayar","source_row":1036,"taxon_group":"amphibia"},"type":"Feature"},{"geometry":{"coordinates":[76.8950523698115,10.33136181668],"type":"Point"},"id":"roadkill-2011-1037","properties":{"count":1,"date":"2011-10-18","habitat":"tea","recorded_name":"Anura","route":"Sholayar","source_row":1037,"taxon_group":"amphibia"},"type":"Feature"},{"geometry":{"coordinates":[76.9292757874649,10.3550323822814],"type":"Point"},"id":"roadkill-2011-1038","properties":{"count":1,"date":"2011-10-18","habitat":"tea","recorded_name":"Anura","route":"Sholayar","source_row":1038,"taxon_group":"amphibia"},"type":"Feature"},{"geometry":{"coordinates":[76.9293032860418,10.3550502965262],"type":"Point"},"id":"roadkill-2011-1039","properties":{"count":1,"date":"2011-10-18","habitat":"tea","recorded_name":"Anura","route":"Sholayar","source_row":1039,"taxon_group":"amphibia"},"type":"Feature"},{"geometry":{"coordinates":[76.8955873763989,10.3353271135652],"type":"Point"},"id":"roadkill-2011-1040","properties":{"count":1,"date":"2011-10-29","habitat":"tea","recorded_name":"Rhinolophus sp.","route":"Sholayar","source_row":1040,"taxon_group":"mammalia"},"type":"Feature"},{"geometry":{"coordinates":[76.8959299536351,10.3376483086148],"type":"Point"},"id":"roadkill-2011-1041","properties":{"count":1,"date":"2011-10-29","habitat":"tea","recorded_name":"Lepus nigricollis","route":"Sholayar","source_row":1041,"taxon_group":"mammalia"},"type":"Feature"},{"geometry":{"coordinates":[76.8968906573229,10.3395229181159],"type":"Point"},"id":"roadkill-2011-1042","properties":{"count":1,"date":"2011-10-29","habitat":"tea","recorded_name":"Gymnophiona","route":"Sholayar","source_row":1042,"taxon_group":"amphibia"},"type":"Feature"},{"geometry":{"coordinates":[76.8976832490586,10.3407657326959],"type":"Point"},"id":"roadkill-2011-1043","properties":{"count":1,"date":"2011-10-29","habitat":"tea","recorded_name":"Annelida","route":"Sholayar","source_row":1043,"taxon_group":"annelida"},"type":"Feature"},{"geometry":{"coordinates":[76.8955785726824,10.3353814036935],"type":"Point"},"id":"roadkill-2011-1044","properties":{"count":1,"date":"2011-10-29","habitat":"tea","recorded_name":"Annelida","route":"Sholayar","source_row":1044,"taxon_group":"annelida"},"type":"Feature"},{"geometry":{"coordinates":[76.8996674689105,10.3412873840277],"type":"Point"},"id":"roadkill-2011-1045","properties":{"count":1,"date":"2011-10-29","habitat":"tea","recorded_name":"Diplopoda","route":"Sholayar","source_row":1045,"taxon_group":"diplopoda"},"type":"Feature"},{"geometry":{"coordinates":[76.8950470329382,10.3319946292906],"type":"Point"},"id":"roadkill-2011-1046","properties":{"count":1,"date":"2011-10-29","habitat":"tea","recorded_name":"Muridae","route":"Sholayar","source_row":1046,"taxon_group":"mammalia"},"type":"Feature"},{"geometry":{"coordinates":[76.9245019170377,10.3521954210764],"type":"Point"},"id":"roadkill-2011-1047","properties":{"count":1,"date":"2011-10-29","habitat":"tea","recorded_name":"Uropeltidae","route":"Sholayar","source_row":1047,"taxon_group":"reptilia"},"type":"Feature"},{"geometry":{"coordinates":[76.8996308981478,10.3412785599231],"type":"Point"},"id":"roadkill-2011-1048","properties":{"count":1,"date":"2011-10-29","habitat":"tea","recorded_name":"Uropeltidae","route":"Sholayar","source_row":1048,"taxon_group":"reptilia"},"type":"Feature"},{"geometry":{"coordinates":[76.8961463383652,10.3371950495941],"type":"Point"},"id":"roadkill-2011-1049","properties":{"count":1,"date":"2011-10-29","habitat":"tea","recorded_name":"Uropeltidae","route":"Sholayar","source_row":1049,"taxon_group":"reptilia"},"type":"Feature"},{"geometry":{"coordinates":[76.8955183787635,10.3344777847782],"type":"Point"},"id":"roadkill-2011-1050","properties":{"count":1,"date":"2011-10-29","habitat":"tea","recorded_name":"Uropeltidae","route":"Sholayar","source_row":1050,"taxon_group":"reptilia"},"type":"Feature"},{"geometry":{"coordinates":[76.8975249193145,10.3235098400499],"type":"Point"},"id":"roadkill-2011-1051","properties":{"count":1,"date":"2011-10-29","habitat":"tea","recorded_name":"Uropeltidae","route":"Sholayar","source_row":1051,"taxon_group":"reptilia"},"type":"Feature"},{"geometry":{"coordinates":[76.8966416224186,10.3390995169489],"type":"Point"},"id":"roadkill-2011-1052","properties":{"count":1,"date":"2011-10-29","habitat":"tea","recorded_name":"Gastropoda","route":"Sholayar","source_row":1052,"taxon_group":"mollusca"},"type":"Feature"},{"geometry":{"coordinates":[76.9236298964087,10.351423229458],"type":"Point"},"id":"roadkill-2011-1053","properties":{"count":1,"date":"2011-10-29","habitat":"tea","recorded_name":"Anura","route":"Sholayar","source_row":1053,"taxon_group":"amphibia"},"type":"Feature"},{"geometry":{"coordinates":[76.8996674689105,10.3412873840277],"type":"Point"},"id":"roadkill-2011-1054","properties":{"count":1,"date":"2011-10-29","habitat":"tea","recorded_name":"Anura","route":"Sholayar","source_row":1054,"taxon_group":"amphibia"},"type":"Feature"},{"geometry":{"coordinates":[76.8966508057303,10.3391085026265],"type":"Point"},"id":"roadkill-2011-1055","properties":{"count":1,"date":"2011-10-29","habitat":"tea","recorded_name":"Anura","route":"Sholayar","source_row":1055,"taxon_group":"amphibia"},"type":"Feature"},{"geometry":{"coordinates":[76.9716411451744,10.4545605757525],"type":"Point"},"id":"roadkill-2011-1056","properties":{"count":1,"date":"2011-11-04","habitat":"forest","recorded_name":"Chilopoda","route":"Azhiyar","source_row":1056,"taxon_group":"chilopoda"},"type":"Feature"},{"geometry":{"coordinates":[76.9713844125954,10.4572920279186],"type":"Point"},"id":"roadkill-2011-1057","properties":{"count":1,"date":"2011-11-04","habitat":"forest","recorded_name":"Chilopoda","route":"Azhiyar","source_row":1057,"taxon_group":"chilopoda"},"type":"Feature"},{"geometry":{"coordinates":[76.9668834350241,10.4647501404319],"type":"Point"},"id":"roadkill-2011-1058","properties":{"count":1,"date":"2011-11-04","habitat":"forest","recorded_name":"Chilopoda","route":"Azhiyar","source_row":1058,"taxon_group":"chilopoda"},"type":"Feature"},{"geometry":{"coordinates":[76.9726633592393,10.4530175757506],"type":"Point"},"id":"roadkill-2011-1059","properties":{"count":1,"date":"2011-11-04","habitat":"forest","recorded_name":"Diplopoda","route":"Azhiyar","source_row":1059,"taxon_group":"diplopoda"},"type":"Feature"},{"geometry":{"coordinates":[76.9667660248732,10.4649587693384],"type":"Point"},"id":"roadkill-2011-1060","properties":{"count":1,"date":"2011-11-04","habitat":"forest","recorded_name":"Diplopoda","route":"Azhiyar","source_row":1060,"taxon_group":"diplopoda"},"type":"Feature"},{"geometry":{"coordinates":[76.9692203649054,10.4544489841442],"type":"Point"},"id":"roadkill-2011-1061","properties":{"count":1,"date":"2011-11-04","habitat":"forest","recorded_name":"Craspedocephalus","route":"Azhiyar","source_row":1061,"taxon_group":"reptilia"},"type":"Feature"},{"geometry":{"coordinates":[76.9665810240047,10.4660355889868],"type":"Point"},"id":"roadkill-2011-1062","properties":{"count":1,"date":"2011-11-04","habitat":"forest","recorded_name":"Python molurus","route":"Azhiyar","source_row":1062,"taxon_group":"reptilia"},"type":"Feature"},{"geometry":{"coordinates":[76.9744675437484,10.4523827012224],"type":"Point"},"id":"roadkill-2011-1063","properties":{"count":1,"date":"2011-11-04","habitat":"forest","recorded_name":"Squamata","route":"Azhiyar","source_row":1063,"taxon_group":"reptilia"},"type":"Feature"},{"geometry":{"coordinates":[76.9726633592393,10.4530175757506],"type":"Point"},"id":"roadkill-2011-1064","properties":{"count":1,"date":"2011-11-04","habitat":"forest","recorded_name":"Anura","route":"Azhiyar","source_row":1064,"taxon_group":"amphibia"},"type":"Feature"},{"geometry":{"coordinates":[76.9700589709503,10.4541997433633],"type":"Point"},"id":"roadkill-2011-1065","properties":{"count":1,"date":"2011-11-07","habitat":"forest","recorded_name":"Chilopoda","route":"Azhiyar","source_row":1065,"taxon_group":"chilopoda"},"type":"Feature"},{"geometry":{"coordinates":[76.9789864652133,10.4550212727715],"type":"Point"},"id":"roadkill-2011-1066","properties":{"count":1,"date":"2011-11-07","habitat":"forest","recorded_name":"Annelida","route":"Azhiyar","source_row":1066,"taxon_group":"annelida"},"type":"Feature"},{"geometry":{"coordinates":[76.9736468693151,10.4525776055299],"type":"Point"},"id":"roadkill-2011-1067","properties":{"count":2,"date":"2011-11-07","habitat":"forest","recorded_name":"Anura","route":"Azhiyar","source_row":1067,"taxon_group":"amphibia"},"type":"Feature"},{"geometry":{"coordinates":[76.9743852993204,10.4523741710861],"type":"Point"},"id":"roadkill-2011-1068","properties":{"count":2,"date":"2011-11-07","habitat":"forest","recorded_name":"Diplopoda","route":"Azhiyar","source_row":1068,"taxon_group":"diplopoda"},"type":"Feature"},{"geometry":{"coordinates":[76.9713479983613,10.4573103316682],"type":"Point"},"id":"roadkill-2011-1069","properties":{"count":1,"date":"2011-11-07","habitat":"forest","recorded_name":"Uropeltidae","route":"Azhiyar","source_row":1069,"taxon_group":"reptilia"},"type":"Feature"},{"geometry":{"coordinates":[76.9684459551658,10.4605372156556],"type":"Point"},"id":"roadkill-2011-1070","properties":{"count":1,"date":"2011-11-07","habitat":"forest","recorded_name":"Squamata","route":"Azhiyar","source_row":1070,"taxon_group":"reptilia"},"type":"Feature"},{"geometry":{"coordinates":[76.9719378800766,10.453826558748],"type":"Point"},"id":"roadkill-2011-1071","properties":{"count":1,"date":"2011-11-07","habitat":"forest","recorded_name":"Anura","route":"Azhiyar","source_row":1071,"taxon_group":"amphibia"},"type":"Feature"},{"geometry":{"coordinates":[76.9698091219705,10.4580249088547],"type":"Point"},"id":"roadkill-2011-1072","properties":{"count":2,"date":"2011-11-07","habitat":"forest","recorded_name":"Anura","route":"Azhiyar","source_row":1072,"taxon_group":"amphibia"},"type":"Feature"},{"geometry":{"coordinates":[76.9696426239416,10.4591377709593],"type":"Point"},"id":"roadkill-2011-1073","properties":{"count":1,"date":"2011-11-07","habitat":"forest","recorded_name":"Anura","route":"Azhiyar","source_row":1073,"taxon_group":"amphibia"},"type":"Feature"},{"geometry":{"coordinates":[76.9741387373543,10.4523756973109],"type":"Point"},"id":"roadkill-2011-1074","properties":{"count":1,"date":"2011-11-10","habitat":"forest","recorded_name":"Diplopoda","route":"Azhiyar","source_row":1074,"taxon_group":"diplopoda"},"type":"Feature"},{"geometry":{"coordinates":[76.967114988974,10.4609160450155],"type":"Point"},"id":"roadkill-2011-1075","properties":{"count":5,"date":"2011-11-10","habitat":"forest","recorded_name":"Diplopoda","route":"Azhiyar","source_row":1075,"taxon_group":"diplopoda"},"type":"Feature"},{"geometry":{"coordinates":[76.9720565958112,10.453825824641],"type":"Point"},"id":"roadkill-2011-1076","properties":{"count":1,"date":"2011-11-10","habitat":"forest","recorded_name":"Scincidae","route":"Azhiyar","source_row":1076,"taxon_group":"reptilia"},"type":"Feature"},{"geometry":{"coordinates":[76.9781770132686,10.4541042916168],"type":"Point"},"id":"roadkill-2011-1077","properties":{"count":1,"date":"2011-11-10","habitat":"forest","recorded_name":"Squamata","route":"Azhiyar","source_row":1077,"taxon_group":"reptilia"},"type":"Feature"},{"geometry":{"coordinates":[76.9743852993204,10.4523741710861],"type":"Point"},"id":"roadkill-2011-1078","properties":{"count":1,"date":"2011-11-10","habitat":"forest","recorded_name":"Anura","route":"Azhiyar","source_row":1078,"taxon_group":"amphibia"},"type":"Feature"},{"geometry":{"coordinates":[76.9696654594818,10.4584144862462],"type":"Point"},"id":"roadkill-2011-1079","properties":{"count":2,"date":"2011-11-10","habitat":"forest","recorded_name":"Anura","route":"Azhiyar","source_row":1079,"taxon_group":"amphibia"},"type":"Feature"},{"geometry":{"coordinates":[76.966083641481,10.4668160398632],"type":"Point"},"id":"roadkill-2011-1080","properties":{"count":1,"date":"2011-11-15","habitat":"forest","recorded_name":"Lepidoptera","route":"Azhiyar","source_row":1080,"taxon_group":"insecta"},"type":"Feature"},{"geometry":{"coordinates":[76.9636062843152,10.4678889223328],"type":"Point"},"id":"roadkill-2011-1081","properties":{"count":1,"date":"2011-11-15","habitat":"forest","recorded_name":"Chilopoda","route":"Azhiyar","source_row":1081,"taxon_group":"chilopoda"},"type":"Feature"},{"geometry":{"coordinates":[76.9621672241899,10.4685124656776],"type":"Point"},"id":"roadkill-2011-1082","properties":{"count":1,"date":"2011-11-15","habitat":"forest","recorded_name":"Chilopoda","route":"Azhiyar","source_row":1082,"taxon_group":"chilopoda"},"type":"Feature"},{"geometry":{"coordinates":[76.9605424969545,10.468658061757],"type":"Point"},"id":"roadkill-2011-1083","properties":{"count":2,"date":"2011-11-15","habitat":"forest","recorded_name":"Chilopoda","route":"Azhiyar","source_row":1083,"taxon_group":"chilopoda"},"type":"Feature"},{"geometry":{"coordinates":[76.9570859911486,10.4694295880322],"type":"Point"},"id":"roadkill-2011-1084","properties":{"count":1,"date":"2011-11-15","habitat":"forest","recorded_name":"Orthoptera","route":"Azhiyar","source_row":1084,"taxon_group":"insecta"},"type":"Feature"},{"geometry":{"coordinates":[76.9673974610452,10.4608148689956],"type":"Point"},"id":"roadkill-2011-1085","properties":{"count":1,"date":"2011-11-15","habitat":"forest","recorded_name":"Diplopoda","route":"Azhiyar","source_row":1085,"taxon_group":"diplopoda"},"type":"Feature"},{"geometry":{"coordinates":[76.9665707524065,10.4658548662547],"type":"Point"},"id":"roadkill-2011-1086","properties":{"count":1,"date":"2011-11-15","habitat":"forest","recorded_name":"Diplopoda","route":"Azhiyar","source_row":1086,"taxon_group":"diplopoda"},"type":"Feature"},{"geometry":{"coordinates":[76.9579962926481,10.4689539461446],"type":"Point"},"id":"roadkill-2011-1087","properties":{"count":1,"date":"2011-11-15","habitat":"forest","recorded_name":"Squamata","route":"Azhiyar","source_row":1087,"taxon_group":"reptilia"},"type":"Feature"},{"geometry":{"coordinates":[76.9687831624147,10.4604266611741],"type":"Point"},"id":"roadkill-2011-1088","properties":{"count":1,"date":"2011-11-15","habitat":"forest","recorded_name":"Anura","route":"Azhiyar","source_row":1088,"taxon_group":"amphibia"},"type":"Feature"},{"geometry":{"coordinates":[76.9618745874648,10.4684509932103],"type":"Point"},"id":"roadkill-2011-1089","properties":{"count":1,"date":"2011-11-18","habitat":"forest","recorded_name":"Agamidae","route":"Azhiyar","source_row":1089,"taxon_group":"reptilia"},"type":"Feature"},{"geometry":{"coordinates":[76.9799151767708,10.45458162377],"type":"Point"},"id":"roadkill-2011-1090","properties":{"count":1,"date":"2011-11-18","habitat":"forest","recorded_name":"Calotes grandisquamis","route":"Azhiyar","source_row":1090,"taxon_group":"reptilia"},"type":"Feature"},{"geometry":{"coordinates":[76.9621213913327,10.4684856300712],"type":"Point"},"id":"roadkill-2011-1091","properties":{"count":1,"date":"2011-11-18","habitat":"forest","recorded_name":"Calotes","route":"Azhiyar","source_row":1091,"taxon_group":"reptilia"},"type":"Feature"},{"geometry":{"coordinates":[76.9692203649054,10.4544489841442],"type":"Point"},"id":"roadkill-2011-1092","properties":{"count":1,"date":"2011-11-18","habitat":"forest","recorded_name":"Diplopoda","route":"Azhiyar","source_row":1092,"taxon_group":"diplopoda"},"type":"Feature"},{"geometry":{"coordinates":[76.9665688157602,10.4655475417597],"type":"Point"},"id":"roadkill-2011-1093","properties":{"count":1,"date":"2011-11-18","habitat":"forest","recorded_name":"Craspedocephalus","route":"Azhiyar","source_row":1093,"taxon_group":"reptilia"},"type":"Feature"},{"geometry":{"coordinates":[76.9692110049968,10.4544128847469],"type":"Point"},"id":"roadkill-2011-1094","properties":{"count":1,"date":"2011-11-18","habitat":"forest","recorded_name":"Anura","route":"Azhiyar","source_row":1094,"taxon_group":"amphibia"},"type":"Feature"},{"geometry":{"coordinates":[76.9695262801112,10.4551702386752],"type":"Point"},"id":"roadkill-2011-1095","properties":{"count":1,"date":"2011-11-22","habitat":"forest","recorded_name":"Calotes versicolor","route":"Azhiyar","source_row":1095,"taxon_group":"reptilia"},"type":"Feature"},{"geometry":{"coordinates":[76.9795779815929,10.4546921881987],"type":"Point"},"id":"roadkill-2011-1096","properties":{"count":1,"date":"2011-11-22","habitat":"forest","recorded_name":"Muridae","route":"Azhiyar","source_row":1096,"taxon_group":"mammalia"},"type":"Feature"},{"geometry":{"coordinates":[76.9755560138526,10.4526561783116],"type":"Point"},"id":"roadkill-2011-1097","properties":{"count":1,"date":"2011-11-22","habitat":"forest","recorded_name":"Diplopoda","route":"Azhiyar","source_row":1097,"taxon_group":"diplopoda"},"type":"Feature"},{"geometry":{"coordinates":[76.9719926149043,10.453817181002],"type":"Point"},"id":"roadkill-2011-1098","properties":{"count":1,"date":"2011-11-22","habitat":"forest","recorded_name":"Craspedocephalus","route":"Azhiyar","source_row":1098,"taxon_group":"reptilia"},"type":"Feature"},{"geometry":{"coordinates":[76.9641710158506,10.4676504178035],"type":"Point"},"id":"roadkill-2011-1099","properties":{"count":1,"date":"2011-11-22","habitat":"forest","recorded_name":"Craspedocephalus","route":"Azhiyar","source_row":1099,"taxon_group":"reptilia"},"type":"Feature"},{"geometry":{"coordinates":[76.9769097686017,10.4530003211296],"type":"Point"},"id":"roadkill-2011-1100","properties":{"count":1,"date":"2011-11-22","habitat":"forest","recorded_name":"Squamata","route":"Azhiyar","source_row":1100,"taxon_group":"reptilia"},"type":"Feature"},{"geometry":{"coordinates":[76.9631788797179,10.4681808154798],"type":"Point"},"id":"roadkill-2011-1101","properties":{"count":1,"date":"2011-11-22","habitat":"forest","recorded_name":"Ahaetulla","route":"Azhiyar","source_row":1101,"taxon_group":"reptilia"},"type":"Feature"},{"geometry":{"coordinates":[76.9720108218115,10.4538080291296],"type":"Point"},"id":"roadkill-2011-1102","properties":{"count":1,"date":"2011-11-22","habitat":"forest","recorded_name":"Anura","route":"Azhiyar","source_row":1102,"taxon_group":"amphibia"},"type":"Feature"},{"geometry":{"coordinates":[76.9610351960717,10.46858271359],"type":"Point"},"id":"roadkill-2011-1103","properties":{"count":1,"date":"2011-11-25","habitat":"forest","recorded_name":"Chilopoda","route":"Azhiyar","source_row":1103,"taxon_group":"chilopoda"},"type":"Feature"},{"geometry":{"coordinates":[76.9690927447973,10.460280119863],"type":"Point"},"id":"roadkill-2011-1104","properties":{"count":1,"date":"2011-11-25","habitat":"forest","recorded_name":"Craspedocephalus","route":"Azhiyar","source_row":1104,"taxon_group":"reptilia"},"type":"Feature"},{"geometry":{"coordinates":[76.9606338217152,10.468657499538],"type":"Point"},"id":"roadkill-2011-1105","properties":{"count":1,"date":"2011-11-25","habitat":"forest","recorded_name":"Craspedocephalus","route":"Azhiyar","source_row":1105,"taxon_group":"reptilia"},"type":"Feature"},{"geometry":{"coordinates":[76.9617376005147,10.4684518370461],"type":"Point"},"id":"roadkill-2011-1106","properties":{"count":1,"date":"2011-11-25","habitat":"forest","recorded_name":"Squamata","route":"Azhiyar","source_row":1106,"taxon_group":"reptilia"},"type":"Feature"},{"geometry":{"coordinates":[76.9696655735003,10.4584325641321],"type":"Point"},"id":"roadkill-2011-1107","properties":{"count":2,"date":"2011-11-25","habitat":"forest","recorded_name":"Anura","route":"Azhiyar","source_row":1107,"taxon_group":"amphibia"},"type":"Feature"},{"geometry":{"coordinates":[76.9711571489419,10.4545635679511],"type":"Point"},"id":"roadkill-2011-1108","properties":{"count":1,"date":"2011-11-29","habitat":"forest","recorded_name":"Diplopoda","route":"Azhiyar","source_row":1108,"taxon_group":"diplopoda"},"type":"Feature"},{"geometry":{"coordinates":[76.9666073427173,10.4615157724339],"type":"Point"},"id":"roadkill-2011-1109","properties":{"count":1,"date":"2011-11-29","habitat":"forest","recorded_name":"Diplopoda","route":"Azhiyar","source_row":1109,"taxon_group":"diplopoda"},"type":"Feature"},{"geometry":{"coordinates":[76.9671787436155,10.4608885335694],"type":"Point"},"id":"roadkill-2011-1110","properties":{"count":1,"date":"2011-11-29","habitat":"forest","recorded_name":"Uropeltidae","route":"Azhiyar","source_row":1110,"taxon_group":"reptilia"},"type":"Feature"},{"geometry":{"coordinates":[76.9696159686555,10.4592554465065],"type":"Point"},"id":"roadkill-2011-1111","properties":{"count":1,"date":"2011-11-29","habitat":"forest","recorded_name":"Craspedocephalus","route":"Azhiyar","source_row":1111,"taxon_group":"reptilia"},"type":"Feature"},{"geometry":{"coordinates":[76.9715651800357,10.4541000417728],"type":"Point"},"id":"roadkill-2011-1112","properties":{"count":1,"date":"2011-11-29","habitat":"forest","recorded_name":"Anura","route":"Azhiyar","source_row":1112,"taxon_group":"amphibia"},"type":"Feature"},{"geometry":{"coordinates":[76.9696604321339,10.4590653465565],"type":"Point"},"id":"roadkill-2011-1113","properties":{"count":1,"date":"2011-11-29","habitat":"forest","recorded_name":"Anura","route":"Azhiyar","source_row":1113,"taxon_group":"amphibia"},"type":"Feature"},{"geometry":{"coordinates":[76.9711387708696,10.4545456029757],"type":"Point"},"id":"roadkill-2011-1114","properties":{"count":1,"date":"2011-12-12","habitat":"forest","recorded_name":"Muridae","route":"Azhiyar","source_row":1114,"taxon_group":"mammalia"},"type":"Feature"},{"geometry":{"coordinates":[76.963233390018,10.4681352828508],"type":"Point"},"id":"roadkill-2011-1115","properties":{"count":1,"date":"2011-12-12","habitat":"forest","recorded_name":"Craspedocephalus","route":"Azhiyar","source_row":1115,"taxon_group":"reptilia"},"type":"Feature"},{"geometry":{"coordinates":[76.9724456188732,10.453244904573],"type":"Point"},"id":"roadkill-2011-1116","properties":{"count":1,"date":"2011-12-12","habitat":"forest","recorded_name":"Scincidae","route":"Azhiyar","source_row":1116,"taxon_group":"reptilia"},"type":"Feature"},{"geometry":{"coordinates":[76.9610443285431,10.4685826573555],"type":"Point"},"id":"roadkill-2011-1117","properties":{"count":1,"date":"2011-12-12","habitat":"forest","recorded_name":"Scincidae","route":"Azhiyar","source_row":1117,"taxon_group":"reptilia"},"type":"Feature"},{"geometry":{"coordinates":[76.960049683885,10.468715331225],"type":"Point"},"id":"roadkill-2011-1118","properties":{"count":1,"date":"2011-12-12","habitat":"forest","recorded_name":"Scincidae","route":"Azhiyar","source_row":1118,"taxon_group":"reptilia"},"type":"Feature"},{"geometry":{"coordinates":[76.9692108340758,10.4543857679038],"type":"Point"},"id":"roadkill-2011-1119","properties":{"count":1,"date":"2011-12-12","habitat":"forest","recorded_name":"Squamata","route":"Azhiyar","source_row":1119,"taxon_group":"reptilia"},"type":"Feature"},{"geometry":{"coordinates":[76.9668059172024,10.461143935296],"type":"Point"},"id":"roadkill-2011-1120","properties":{"count":1,"date":"2011-12-15","habitat":"forest","recorded_name":"Chilopoda","route":"Azhiyar","source_row":1120,"taxon_group":"chilopoda"},"type":"Feature"},{"geometry":{"coordinates":[76.9666580317231,10.465212536628],"type":"Point"},"id":"roadkill-2011-1121","properties":{"count":1,"date":"2011-12-15","habitat":"forest","recorded_name":"Chilopoda","route":"Azhiyar","source_row":1121,"taxon_group":"chilopoda"},"type":"Feature"},{"geometry":{"coordinates":[76.9669875365974,10.4609801068317],"type":"Point"},"id":"roadkill-2011-1122","properties":{"count":1,"date":"2011-12-15","habitat":"forest","recorded_name":"Muridae","route":"Azhiyar","source_row":1122,"taxon_group":"mammalia"},"type":"Feature"},{"geometry":{"coordinates":[76.9663516174249,10.4629636400849],"type":"Point"},"id":"roadkill-2011-1123","properties":{"count":1,"date":"2011-12-15","habitat":"forest","recorded_name":"Muridae","route":"Azhiyar","source_row":1123,"taxon_group":"mammalia"},"type":"Feature"},{"geometry":{"coordinates":[76.9764257191544,10.4529942819703],"type":"Point"},"id":"roadkill-2011-1124","properties":{"count":1,"date":"2011-12-15","habitat":"forest","recorded_name":"Craspedocephalus","route":"Azhiyar","source_row":1124,"taxon_group":"reptilia"},"type":"Feature"},{"geometry":{"coordinates":[76.9663987023285,10.4631893322514],"type":"Point"},"id":"roadkill-2011-1125","properties":{"count":1,"date":"2011-12-15","habitat":"forest","recorded_name":"Anura","route":"Azhiyar","source_row":1125,"taxon_group":"amphibia"},"type":"Feature"},{"geometry":{"coordinates":[76.9994492055287,10.3916285398155],"type":"Point"},"id":"roadkill-2011-1126","properties":{"count":1,"date":"2011-08-16","habitat":"forest_tea","recorded_name":"Gymnophiona","route":"Waverly","source_row":1126,"taxon_group":"amphibia"},"type":"Feature"},{"geometry":{"coordinates":[76.9934174967454,10.3705595272728],"type":"Point"},"id":"roadkill-2011-1127","properties":{"count":1,"date":"2011-08-16","habitat":"forest","recorded_name":"Annelida","route":"Waverly","source_row":1127,"taxon_group":"annelida"},"type":"Feature"},{"geometry":{"coordinates":[76.9938325073898,10.3683333055877],"type":"Point"},"id":"roadkill-2011-1128","properties":{"count":1,"date":"2011-08-16","habitat":"forest","recorded_name":"Anura","route":"Waverly","source_row":1128,"taxon_group":"amphibia"},"type":"Feature"},{"geometry":{"coordinates":[76.9936252667781,10.3716519833965],"type":"Point"},"id":"roadkill-2011-1129","properties":{"count":1,"date":"2011-08-16","habitat":"forest","recorded_name":"Anura","route":"Waverly","source_row":1129,"taxon_group":"amphibia"},"type":"Feature"},{"geometry":{"coordinates":[76.9932444604064,10.3720701499329],"type":"Point"},"id":"roadkill-2011-1130","properties":{"count":1,"date":"2011-08-16","habitat":"forest","recorded_name":"Diplopoda","route":"Waverly","source_row":1130,"taxon_group":"diplopoda"},"type":"Feature"},{"geometry":{"coordinates":[76.9941681976259,10.3723265551483],"type":"Point"},"id":"roadkill-2011-1131","properties":{"count":1,"date":"2011-08-16","habitat":"forest","recorded_name":"Diplopoda","route":"Waverly","source_row":1131,"taxon_group":"diplopoda"},"type":"Feature"},{"geometry":{"coordinates":[76.9984407087549,10.3909749652795],"type":"Point"},"id":"roadkill-2011-1132","properties":{"count":1,"date":"2011-08-16","habitat":"forest","recorded_name":"Diplopoda","route":"Waverly","source_row":1132,"taxon_group":"diplopoda"},"type":"Feature"},{"geometry":{"coordinates":[76.995485404302,10.3899990538074],"type":"Point"},"id":"roadkill-2011-1133","properties":{"count":1,"date":"2011-08-16","habitat":"forest","recorded_name":"Diplopoda","route":"Waverly","source_row":1133,"taxon_group":"diplopoda"},"type":"Feature"},{"geometry":{"coordinates":[76.9924700583864,10.3679982640708],"type":"Point"},"id":"roadkill-2011-1134","properties":{"count":1,"date":"2011-08-16","habitat":"forest_tea","recorded_name":"Muridae","route":"Waverly","source_row":1134,"taxon_group":"mammalia"},"type":"Feature"},{"geometry":{"coordinates":[76.9970221126981,10.3904414497514],"type":"Point"},"id":"roadkill-2011-1135","properties":{"count":1,"date":"2011-08-16","habitat":"forest","recorded_name":"Muridae","route":"Waverly","source_row":1135,"taxon_group":"mammalia"},"type":"Feature"},{"geometry":{"coordinates":[76.9932981432118,10.3675682864374],"type":"Point"},"id":"roadkill-2011-1136","properties":{"count":1,"date":"2011-08-16","habitat":"forest_tea","recorded_name":"Uropeltidae","route":"Waverly","source_row":1136,"taxon_group":"reptilia"},"type":"Feature"},{"geometry":{"coordinates":[76.9933404934373,10.3684900240894],"type":"Point"},"id":"roadkill-2011-1137","properties":{"count":1,"date":"2011-08-16","habitat":"forest","recorded_name":"Uropeltidae","route":"Waverly","source_row":1137,"taxon_group":"reptilia"},"type":"Feature"},{"geometry":{"coordinates":[76.9935439494499,10.3674582914095],"type":"Point"},"id":"roadkill-2011-1138","properties":{"count":1,"date":"2011-08-16","habitat":"forest_tea","recorded_name":"Uropeltidae","route":"Waverly","source_row":1138,"taxon_group":"reptilia"},"type":"Feature"},{"geometry":{"coordinates":[76.9932617401625,10.3675865906203],"type":"Point"},"id":"roadkill-2011-1139","properties":{"count":1,"date":"2011-08-16","habitat":"forest_tea","recorded_name":"Gastropoda","route":"Waverly","source_row":1139,"taxon_group":"mollusca"},"type":"Feature"},{"geometry":{"coordinates":[76.9920409927784,10.3694471995267],"type":"Point"},"id":"roadkill-2011-1140","properties":{"count":1,"date":"2011-08-16","habitat":"forest","recorded_name":"Gastropoda","route":"Waverly","source_row":1140,"taxon_group":"mollusca"},"type":"Feature"},{"geometry":{"coordinates":[76.993441247214,10.3714271447193],"type":"Point"},"id":"roadkill-2011-1141","properties":{"count":1,"date":"2011-08-16","habitat":"forest","recorded_name":"Gastropoda","route":"Waverly","source_row":1141,"taxon_group":"mollusca"},"type":"Feature"},{"geometry":{"coordinates":[76.9934680635317,10.3713365861892],"type":"Point"},"id":"roadkill-2011-1142","properties":{"count":1,"date":"2011-08-16","habitat":"forest","recorded_name":"Squamata","route":"Waverly","source_row":1142,"taxon_group":"reptilia"},"type":"Feature"},{"geometry":{"coordinates":[76.9929332163237,10.3690529814054],"type":"Point"},"id":"roadkill-2011-1143","properties":{"count":1,"date":"2011-08-16","habitat":"forest","recorded_name":"Lycodon","route":"Waverly","source_row":1143,"taxon_group":"reptilia"},"type":"Feature"},{"geometry":{"coordinates":[76.9934825468788,10.3707399080629],"type":"Point"},"id":"roadkill-2011-1144","properties":{"count":1,"date":"2011-08-16","habitat":"forest","recorded_name":"Anura","route":"Waverly","source_row":1144,"taxon_group":"amphibia"},"type":"Feature"},{"geometry":{"coordinates":[76.9934492325501,10.3712463108533],"type":"Point"},"id":"roadkill-2011-1145","properties":{"count":1,"date":"2011-08-16","habitat":"forest","recorded_name":"Anura","route":"Waverly","source_row":1145,"taxon_group":"amphibia"},"type":"Feature"},{"geometry":{"coordinates":[76.9933525840198,10.3718434987346],"type":"Point"},"id":"roadkill-2011-1146","properties":{"count":1,"date":"2011-08-16","habitat":"forest","recorded_name":"Anura","route":"Waverly","source_row":1146,"taxon_group":"amphibia"},"type":"Feature"},{"geometry":{"coordinates":[76.9931635535207,10.3722695146276],"type":"Point"},"id":"roadkill-2011-1147","properties":{"count":1,"date":"2011-08-16","habitat":"forest","recorded_name":"Anura","route":"Waverly","source_row":1147,"taxon_group":"amphibia"},"type":"Feature"},{"geometry":{"coordinates":[76.9932361889944,10.3722057895008],"type":"Point"},"id":"roadkill-2011-1148","properties":{"count":1,"date":"2011-08-16","habitat":"forest","recorded_name":"Anura","route":"Waverly","source_row":1148,"taxon_group":"amphibia"},"type":"Feature"},{"geometry":{"coordinates":[76.9935892638145,10.3717335597192],"type":"Point"},"id":"roadkill-2011-1149","properties":{"count":1,"date":"2011-08-16","habitat":"forest","recorded_name":"Anura","route":"Waverly","source_row":1149,"taxon_group":"amphibia"},"type":"Feature"},{"geometry":{"coordinates":[76.9980929643346,10.3908505832396],"type":"Point"},"id":"roadkill-2011-1150","properties":{"count":1,"date":"2011-08-16","habitat":"forest","recorded_name":"Anura","route":"Waverly","source_row":1150,"taxon_group":"amphibia"},"type":"Feature"},{"geometry":{"coordinates":[76.9980640806764,10.3906157444184],"type":"Point"},"id":"roadkill-2011-1151","properties":{"count":1,"date":"2011-08-16","habitat":"forest","recorded_name":"Anura","route":"Waverly","source_row":1151,"taxon_group":"amphibia"},"type":"Feature"},{"geometry":{"coordinates":[76.9945778529123,10.3908634224584],"type":"Point"},"id":"roadkill-2011-1152","properties":{"count":1,"date":"2011-08-22","habitat":"forest","recorded_name":"Gymnophiona","route":"Waverly","source_row":1152,"taxon_group":"amphibia"},"type":"Feature"},{"geometry":{"coordinates":[76.9945873270283,10.3909175987466],"type":"Point"},"id":"roadkill-2011-1153","properties":{"count":1,"date":"2011-08-22","habitat":"forest","recorded_name":"Anura","route":"Waverly","source_row":1153,"taxon_group":"amphibia"},"type":"Feature"},{"geometry":{"coordinates":[76.9932334780941,10.3703346883156],"type":"Point"},"id":"roadkill-2011-1154","properties":{"count":1,"date":"2011-08-22","habitat":"forest","recorded_name":"Muridae","route":"Waverly","source_row":1154,"taxon_group":"mammalia"},"type":"Feature"},{"geometry":{"coordinates":[76.9974418278602,10.3803330233955],"type":"Point"},"id":"roadkill-2011-1155","properties":{"count":1,"date":"2011-08-22","habitat":"tea","recorded_name":"Muridae","route":"Waverly","source_row":1155,"taxon_group":"mammalia"},"type":"Feature"},{"geometry":{"coordinates":[76.9984623015872,10.3914991032082],"type":"Point"},"id":"roadkill-2011-1156","properties":{"count":1,"date":"2011-08-22","habitat":"forest_tea","recorded_name":"Muridae","route":"Waverly","source_row":1156,"taxon_group":"mammalia"},"type":"Feature"},{"geometry":{"coordinates":[76.9944074631756,10.3870318600943],"type":"Point"},"id":"roadkill-2011-1157","properties":{"count":1,"date":"2011-08-22","habitat":"forest","recorded_name":"Diplopoda","route":"Waverly","source_row":1157,"taxon_group":"diplopoda"},"type":"Feature"},{"geometry":{"coordinates":[76.9953477086865,10.3898824008122],"type":"Point"},"id":"roadkill-2011-1158","properties":{"count":1,"date":"2011-08-22","habitat":"forest","recorded_name":"Diplopoda","route":"Waverly","source_row":1158,"taxon_group":"diplopoda"},"type":"Feature"},{"geometry":{"coordinates":[76.9934495185799,10.3712915051602],"type":"Point"},"id":"roadkill-2011-1159","properties":{"count":1,"date":"2011-08-22","habitat":"forest","recorded_name":"Anura","route":"Waverly","source_row":1159,"taxon_group":"amphibia"},"type":"Feature"},{"geometry":{"coordinates":[76.9945391544306,10.3847622014246],"type":"Point"},"id":"roadkill-2011-1160","properties":{"count":1,"date":"2011-08-22","habitat":"tea","recorded_name":"Anura","route":"Waverly","source_row":1160,"taxon_group":"amphibia"},"type":"Feature"},{"geometry":{"coordinates":[76.9995495207032,10.3916098360596],"type":"Point"},"id":"roadkill-2011-1161","properties":{"count":1,"date":"2011-08-22","habitat":"forest_tea","recorded_name":"Anura","route":"Waverly","source_row":1161,"taxon_group":"amphibia"},"type":"Feature"},{"geometry":{"coordinates":[76.9908736044504,10.3999346932863],"type":"Point"},"id":"roadkill-2011-1162","properties":{"count":1,"date":"2011-08-29","habitat":"forest","recorded_name":"Gymnophiona","route":"Waverly","source_row":1162,"taxon_group":"amphibia"},"type":"Feature"},{"geometry":{"coordinates":[76.9941861667974,10.3924477183903],"type":"Point"},"id":"roadkill-2011-1163","properties":{"count":1,"date":"2011-08-29","habitat":"forest","recorded_name":"Gymnophiona","route":"Waverly","source_row":1163,"taxon_group":"amphibia"},"type":"Feature"},{"geometry":{"coordinates":[76.9991381526497,10.3915310479041],"type":"Point"},"id":"roadkill-2011-1164","properties":{"count":1,"date":"2011-08-29","habitat":"forest_tea","recorded_name":"Gymnophiona","route":"Waverly","source_row":1164,"taxon_group":"amphibia"},"type":"Feature"},{"geometry":{"coordinates":[76.9978682745085,10.3827890291933],"type":"Point"},"id":"roadkill-2011-1165","properties":{"count":1,"date":"2011-08-29","habitat":"tea","recorded_name":"Gymnophiona","route":"Waverly","source_row":1165,"taxon_group":"amphibia"},"type":"Feature"},{"geometry":{"coordinates":[76.9940877430988,10.3927647024898],"type":"Point"},"id":"roadkill-2011-1166","properties":{"count":1,"date":"2011-08-29","habitat":"forest","recorded_name":"Blattodea","route":"Waverly","source_row":1166,"taxon_group":"insecta"},"type":"Feature"},{"geometry":{"coordinates":[76.9976272907394,10.380783828984],"type":"Point"},"id":"roadkill-2011-1167","properties":{"count":1,"date":"2011-08-29","habitat":"tea","recorded_name":"Blattodea","route":"Waverly","source_row":1167,"taxon_group":"insecta"},"type":"Feature"},{"geometry":{"coordinates":[76.9933800214639,10.3675225825816],"type":"Point"},"id":"roadkill-2011-1168","properties":{"count":1,"date":"2011-08-29","habitat":"forest_tea","recorded_name":"Squamata","route":"Waverly","source_row":1168,"taxon_group":"reptilia"},"type":"Feature"},{"geometry":{"coordinates":[76.9945368994357,10.3743219318321],"type":"Point"},"id":"roadkill-2011-1169","properties":{"count":1,"date":"2011-08-29","habitat":"forest","recorded_name":"Decapoda","route":"Waverly","source_row":1169,"taxon_group":"crustacea"},"type":"Feature"},{"geometry":{"coordinates":[76.9909370009258,10.3998529465098],"type":"Point"},"id":"roadkill-2011-1170","properties":{"count":1,"date":"2011-08-29","habitat":"forest","recorded_name":"Annelida","route":"Waverly","source_row":1170,"taxon_group":"annelida"},"type":"Feature"},{"geometry":{"coordinates":[76.993425104949,10.3717616958664],"type":"Point"},"id":"roadkill-2011-1171","properties":{"count":1,"date":"2011-08-29","habitat":"forest","recorded_name":"Anura","route":"Waverly","source_row":1171,"taxon_group":"amphibia"},"type":"Feature"},{"geometry":{"coordinates":[76.9921623064348,10.3943766099317],"type":"Point"},"id":"roadkill-2011-1172","properties":{"count":1,"date":"2011-08-29","habitat":"forest","recorded_name":"Muridae","route":"Waverly","source_row":1172,"taxon_group":"mammalia"},"type":"Feature"},{"geometry":{"coordinates":[76.9942917132692,10.391814317938],"type":"Point"},"id":"roadkill-2011-1173","properties":{"count":1,"date":"2011-08-29","habitat":"forest","recorded_name":"Muridae","route":"Waverly","source_row":1173,"taxon_group":"mammalia"},"type":"Feature"},{"geometry":{"coordinates":[76.9957595272556,10.3914707371251],"type":"Point"},"id":"roadkill-2011-1174","properties":{"count":1,"date":"2011-08-29","habitat":"forest_tea","recorded_name":"Muridae","route":"Waverly","source_row":1174,"taxon_group":"mammalia"},"type":"Feature"},{"geometry":{"coordinates":[76.9950937428577,10.3887088846406],"type":"Point"},"id":"roadkill-2011-1175","properties":{"count":1,"date":"2011-08-29","habitat":"forest","recorded_name":"Muridae","route":"Waverly","source_row":1175,"taxon_group":"mammalia"},"type":"Feature"},{"geometry":{"coordinates":[76.9964931692341,10.3847862080279],"type":"Point"},"id":"roadkill-2011-1176","properties":{"count":1,"date":"2011-08-29","habitat":"tea","recorded_name":"Muridae","route":"Waverly","source_row":1176,"taxon_group":"mammalia"},"type":"Feature"},{"geometry":{"coordinates":[76.9934334907184,10.37164413403],"type":"Point"},"id":"roadkill-2011-1177","properties":{"count":1,"date":"2011-08-29","habitat":"forest","recorded_name":"Muridae","route":"Waverly","source_row":1177,"taxon_group":"mammalia"},"type":"Feature"},{"geometry":{"coordinates":[76.9932071355794,10.3676140468884],"type":"Point"},"id":"roadkill-2011-1178","properties":{"count":1,"date":"2011-08-29","habitat":"forest_tea","recorded_name":"Muridae","route":"Waverly","source_row":1178,"taxon_group":"mammalia"},"type":"Feature"},{"geometry":{"coordinates":[76.9984681562223,10.3909838334409],"type":"Point"},"id":"roadkill-2011-1179","properties":{"count":1,"date":"2011-08-29","habitat":"forest","recorded_name":"Craspedocephalus","route":"Waverly","source_row":1179,"taxon_group":"reptilia"},"type":"Feature"},{"geometry":{"coordinates":[76.9979715179334,10.3817940759426],"type":"Point"},"id":"roadkill-2011-1180","properties":{"count":1,"date":"2011-08-29","habitat":"tea","recorded_name":"Uropeltidae","route":"Waverly","source_row":1180,"taxon_group":"reptilia"},"type":"Feature"},{"geometry":{"coordinates":[76.9939189291802,10.3704479457263],"type":"Point"},"id":"roadkill-2011-1181","properties":{"count":1,"date":"2011-08-29","habitat":"forest","recorded_name":"Uropeltidae","route":"Waverly","source_row":1181,"taxon_group":"reptilia"},"type":"Feature"},{"geometry":{"coordinates":[76.9920898823809,10.3685158563643],"type":"Point"},"id":"roadkill-2011-1182","properties":{"count":1,"date":"2011-08-29","habitat":"forest","recorded_name":"Uropeltidae","route":"Waverly","source_row":1182,"taxon_group":"reptilia"},"type":"Feature"},{"geometry":{"coordinates":[76.9935713374924,10.3674581215472],"type":"Point"},"id":"roadkill-2011-1183","properties":{"count":1,"date":"2011-08-29","habitat":"forest_tea","recorded_name":"Uropeltidae","route":"Waverly","source_row":1183,"taxon_group":"reptilia"},"type":"Feature"},{"geometry":{"coordinates":[76.9915139667957,10.3972460683613],"type":"Point"},"id":"roadkill-2011-1184","properties":{"count":1,"date":"2011-08-29","habitat":"forest","recorded_name":"Squamata","route":"Waverly","source_row":1184,"taxon_group":"reptilia"},"type":"Feature"},{"geometry":{"coordinates":[76.9909734648369,10.3998436807647],"type":"Point"},"id":"roadkill-2011-1185","properties":{"count":1,"date":"2011-08-29","habitat":"forest","recorded_name":"Anura","route":"Waverly","source_row":1185,"taxon_group":"amphibia"},"type":"Feature"},{"geometry":{"coordinates":[76.9953444863051,10.3836182560525],"type":"Point"},"id":"roadkill-2011-1186","properties":{"count":1,"date":"2011-08-29","habitat":"tea","recorded_name":"Anura","route":"Waverly","source_row":1186,"taxon_group":"amphibia"},"type":"Feature"},{"geometry":{"coordinates":[76.9969742386029,10.3843402944941],"type":"Point"},"id":"roadkill-2011-1187","properties":{"count":1,"date":"2011-08-29","habitat":"tea","recorded_name":"Anura","route":"Waverly","source_row":1187,"taxon_group":"amphibia"},"type":"Feature"},{"geometry":{"coordinates":[76.9942791251148,10.3725428077047],"type":"Point"},"id":"roadkill-2011-1188","properties":{"count":1,"date":"2011-08-29","habitat":"forest","recorded_name":"Anura","route":"Waverly","source_row":1188,"taxon_group":"amphibia"},"type":"Feature"},{"geometry":{"coordinates":[76.9922886712418,10.3681892121364],"type":"Point"},"id":"roadkill-2011-1189","properties":{"count":1,"date":"2011-08-29","habitat":"forest_tea","recorded_name":"Anura","route":"Waverly","source_row":1189,"taxon_group":"amphibia"},"type":"Feature"},{"geometry":{"coordinates":[76.9920992975264,10.3685609941313],"type":"Point"},"id":"roadkill-2011-1190","properties":{"count":1,"date":"2011-08-29","habitat":"forest","recorded_name":"Anura","route":"Waverly","source_row":1190,"taxon_group":"amphibia"},"type":"Feature"},{"geometry":{"coordinates":[76.9979652580048,10.3822460742853],"type":"Point"},"id":"roadkill-2011-1191","properties":{"count":1,"date":"2011-09-07","habitat":"tea","recorded_name":"Gymnophiona","route":"Waverly","source_row":1191,"taxon_group":"amphibia"},"type":"Feature"},{"geometry":{"coordinates":[76.9955404137297,10.3900348683763],"type":"Point"},"id":"roadkill-2011-1192","properties":{"count":1,"date":"2011-09-07","habitat":"forest","recorded_name":"Gymnophiona","route":"Waverly","source_row":1192,"taxon_group":"amphibia"},"type":"Feature"},{"geometry":{"coordinates":[76.9940704578139,10.3929184764137],"type":"Point"},"id":"roadkill-2011-1193","properties":{"count":1,"date":"2011-09-07","habitat":"forest","recorded_name":"Gymnophiona","route":"Waverly","source_row":1193,"taxon_group":"amphibia"},"type":"Feature"},{"geometry":{"coordinates":[76.9924925386477,10.3946186166631],"type":"Point"},"id":"roadkill-2011-1194","properties":{"count":1,"date":"2011-09-07","habitat":"forest","recorded_name":"Gymnophiona","route":"Waverly","source_row":1194,"taxon_group":"amphibia"},"type":"Feature"},{"geometry":{"coordinates":[76.9947874992405,10.3908078834805],"type":"Point"},"id":"roadkill-2011-1195","properties":{"count":1,"date":"2011-09-07","habitat":"forest","recorded_name":"Blattodea","route":"Waverly","source_row":1195,"taxon_group":"insecta"},"type":"Feature"},{"geometry":{"coordinates":[76.9935113871723,10.3940247353578],"type":"Point"},"id":"roadkill-2011-1196","properties":{"count":1,"date":"2011-09-07","habitat":"forest","recorded_name":"Squamata","route":"Waverly","source_row":1196,"taxon_group":"reptilia"},"type":"Feature"},{"geometry":{"coordinates":[76.995289248843,10.3835462858462],"type":"Point"},"id":"roadkill-2011-1197","properties":{"count":1,"date":"2011-09-07","habitat":"tea","recorded_name":"Anura","route":"Waverly","source_row":1197,"taxon_group":"amphibia"},"type":"Feature"},{"geometry":{"coordinates":[76.9944168223766,10.3870679587323],"type":"Point"},"id":"roadkill-2011-1198","properties":{"count":1,"date":"2011-09-07","habitat":"forest","recorded_name":"Anura","route":"Waverly","source_row":1198,"taxon_group":"amphibia"},"type":"Feature"},{"geometry":{"coordinates":[76.9951118307118,10.3886816545544],"type":"Point"},"id":"roadkill-2011-1199","properties":{"count":1,"date":"2011-09-07","habitat":"forest","recorded_name":"Anura","route":"Waverly","source_row":1199,"taxon_group":"amphibia"},"type":"Feature"},{"geometry":{"coordinates":[76.9977847845242,10.3912050311032],"type":"Point"},"id":"roadkill-2011-1200","properties":{"count":1,"date":"2011-09-07","habitat":"forest_tea","recorded_name":"Anura","route":"Waverly","source_row":1200,"taxon_group":"amphibia"},"type":"Feature"},{"geometry":{"coordinates":[76.9957595272556,10.3914707371251],"type":"Point"},"id":"roadkill-2011-1201","properties":{"count":1,"date":"2011-09-07","habitat":"forest_tea","recorded_name":"Anura","route":"Waverly","source_row":1201,"taxon_group":"amphibia"},"type":"Feature"},{"geometry":{"coordinates":[76.9949257113993,10.3910058862529],"type":"Point"},"id":"roadkill-2011-1202","properties":{"count":1,"date":"2011-09-07","habitat":"forest","recorded_name":"Anura","route":"Waverly","source_row":1202,"taxon_group":"amphibia"},"type":"Feature"},{"geometry":{"coordinates":[76.9914285661366,10.3981776379274],"type":"Point"},"id":"roadkill-2011-1203","properties":{"count":1,"date":"2011-09-07","habitat":"forest","recorded_name":"Anura","route":"Waverly","source_row":1203,"taxon_group":"amphibia"},"type":"Feature"},{"geometry":{"coordinates":[76.9925926845421,10.3686212102202],"type":"Point"},"id":"roadkill-2011-1204","properties":{"count":1,"date":"2011-09-07","habitat":"forest","recorded_name":"Muridae","route":"Waverly","source_row":1204,"taxon_group":"mammalia"},"type":"Feature"},{"geometry":{"coordinates":[76.9990895710446,10.391070352683],"type":"Point"},"id":"roadkill-2011-1205","properties":{"count":1,"date":"2011-09-07","habitat":"forest","recorded_name":"Muridae","route":"Waverly","source_row":1205,"taxon_group":"mammalia"},"type":"Feature"},{"geometry":{"coordinates":[76.9944800606541,10.3912798338312],"type":"Point"},"id":"roadkill-2011-1206","properties":{"count":1,"date":"2011-09-07","habitat":"forest","recorded_name":"Muridae","route":"Waverly","source_row":1206,"taxon_group":"mammalia"},"type":"Feature"},{"geometry":{"coordinates":[76.9939989654492,10.3931629794334],"type":"Point"},"id":"roadkill-2011-1207","properties":{"count":1,"date":"2011-09-07","habitat":"forest","recorded_name":"Muridae","route":"Waverly","source_row":1207,"taxon_group":"mammalia"},"type":"Feature"},{"geometry":{"coordinates":[76.9914834260138,10.4010698450625],"type":"Point"},"id":"roadkill-2011-1208","properties":{"count":1,"date":"2011-09-07","habitat":"forest","recorded_name":"Muridae","route":"Waverly","source_row":1208,"taxon_group":"mammalia"},"type":"Feature"},{"geometry":{"coordinates":[76.9914942759014,10.4013409539808],"type":"Point"},"id":"roadkill-2011-1209","properties":{"count":1,"date":"2011-09-07","habitat":"forest","recorded_name":"Craspedocephalus","route":"Waverly","source_row":1209,"taxon_group":"reptilia"},"type":"Feature"},{"geometry":{"coordinates":[76.9914822589269,10.3980055592803],"type":"Point"},"id":"roadkill-2011-1210","properties":{"count":1,"date":"2011-09-07","habitat":"forest","recorded_name":"Craspedocephalus","route":"Waverly","source_row":1210,"taxon_group":"reptilia"},"type":"Feature"},{"geometry":{"coordinates":[76.9974223147984,10.3786970511043],"type":"Point"},"id":"roadkill-2011-1211","properties":{"count":1,"date":"2011-09-07","habitat":"tea","recorded_name":"Uropeltidae","route":"Waverly","source_row":1211,"taxon_group":"reptilia"},"type":"Feature"},{"geometry":{"coordinates":[76.9944168223766,10.3870679587323],"type":"Point"},"id":"roadkill-2011-1212","properties":{"count":1,"date":"2011-09-07","habitat":"forest","recorded_name":"Uropeltidae","route":"Waverly","source_row":1212,"taxon_group":"reptilia"},"type":"Feature"},{"geometry":{"coordinates":[76.9933905893338,10.3720782825727],"type":"Point"},"id":"roadkill-2011-1213","properties":{"count":1,"date":"2011-09-07","habitat":"forest","recorded_name":"Gastropoda","route":"Waverly","source_row":1213,"taxon_group":"mollusca"},"type":"Feature"},{"geometry":{"coordinates":[76.991276732372,10.3987118948616],"type":"Point"},"id":"roadkill-2011-1214","properties":{"count":1,"date":"2011-09-07","habitat":"forest","recorded_name":"Squamata","route":"Waverly","source_row":1214,"taxon_group":"reptilia"},"type":"Feature"},{"geometry":{"coordinates":[76.992583669488,10.368639344555],"type":"Point"},"id":"roadkill-2011-1215","properties":{"count":1,"date":"2011-09-07","habitat":"forest","recorded_name":"Anura","route":"Waverly","source_row":1215,"taxon_group":"amphibia"},"type":"Feature"},{"geometry":{"coordinates":[76.9929773766475,10.3688176878461],"type":"Point"},"id":"roadkill-2011-1216","properties":{"count":1,"date":"2011-09-07","habitat":"forest","recorded_name":"Anura","route":"Waverly","source_row":1216,"taxon_group":"amphibia"},"type":"Feature"},{"geometry":{"coordinates":[76.9968515741333,10.3779593868999],"type":"Point"},"id":"roadkill-2011-1217","properties":{"count":1,"date":"2011-09-07","habitat":"tea","recorded_name":"Anura","route":"Waverly","source_row":1217,"taxon_group":"amphibia"},"type":"Feature"},{"geometry":{"coordinates":[76.9990621235618,10.3910614845796],"type":"Point"},"id":"roadkill-2011-1218","properties":{"count":1,"date":"2011-09-07","habitat":"forest","recorded_name":"Anura","route":"Waverly","source_row":1218,"taxon_group":"amphibia"},"type":"Feature"},{"geometry":{"coordinates":[76.9953562567213,10.3912291879793],"type":"Point"},"id":"roadkill-2011-1219","properties":{"count":1,"date":"2011-09-07","habitat":"forest","recorded_name":"Anura","route":"Waverly","source_row":1219,"taxon_group":"amphibia"},"type":"Feature"},{"geometry":{"coordinates":[76.9916599405138,10.4015478261803],"type":"Point"},"id":"roadkill-2011-1220","properties":{"count":1,"date":"2011-09-15","habitat":"forest","recorded_name":"Gymnophiona","route":"Waverly","source_row":1220,"taxon_group":"amphibia"},"type":"Feature"},{"geometry":{"coordinates":[76.9937866219463,10.371180943048],"type":"Point"},"id":"roadkill-2011-1221","properties":{"count":1,"date":"2011-09-15","habitat":"forest","recorded_name":"Gymnophiona","route":"Waverly","source_row":1221,"taxon_group":"amphibia"},"type":"Feature"},{"geometry":{"coordinates":[76.9940563040441,10.3849279076986],"type":"Point"},"id":"roadkill-2011-1222","properties":{"count":1,"date":"2011-09-15","habitat":"tea","recorded_name":"Gymnophiona","route":"Waverly","source_row":1222,"taxon_group":"amphibia"},"type":"Feature"},{"geometry":{"coordinates":[76.9916599405138,10.4015478261803],"type":"Point"},"id":"roadkill-2011-1223","properties":{"count":1,"date":"2011-09-15","habitat":"forest","recorded_name":"Anura","route":"Waverly","source_row":1223,"taxon_group":"amphibia"},"type":"Feature"},{"geometry":{"coordinates":[76.9921919631247,10.3687773611403],"type":"Point"},"id":"roadkill-2011-1224","properties":{"count":2,"date":"2011-09-15","habitat":"forest","recorded_name":"Muridae","route":"Waverly","source_row":1224,"taxon_group":"mammalia"},"type":"Feature"},{"geometry":{"coordinates":[76.9939947683256,10.3708903966179],"type":"Point"},"id":"roadkill-2011-1225","properties":{"count":1,"date":"2011-09-15","habitat":"forest","recorded_name":"Muridae","route":"Waverly","source_row":1225,"taxon_group":"mammalia"},"type":"Feature"},{"geometry":{"coordinates":[76.9935012634019,10.3708121056807],"type":"Point"},"id":"roadkill-2011-1226","properties":{"count":1,"date":"2011-09-15","habitat":"forest","recorded_name":"Muridae","route":"Waverly","source_row":1226,"taxon_group":"mammalia"},"type":"Feature"},{"geometry":{"coordinates":[76.9941115893503,10.3720376516992],"type":"Point"},"id":"roadkill-2011-1227","properties":{"count":1,"date":"2011-09-15","habitat":"forest","recorded_name":"Muridae","route":"Waverly","source_row":1227,"taxon_group":"mammalia"},"type":"Feature"},{"geometry":{"coordinates":[76.9992114801923,10.3915757867103],"type":"Point"},"id":"roadkill-2011-1228","properties":{"count":1,"date":"2011-09-15","habitat":"forest_tea","recorded_name":"Muridae","route":"Waverly","source_row":1228,"taxon_group":"mammalia"},"type":"Feature"},{"geometry":{"coordinates":[76.9938170751427,10.3702225973325],"type":"Point"},"id":"roadkill-2011-1229","properties":{"count":1,"date":"2011-09-15","habitat":"forest","recorded_name":"Craspedocephalus","route":"Waverly","source_row":1229,"taxon_group":"reptilia"},"type":"Feature"},{"geometry":{"coordinates":[76.9958860460914,10.3754344131376],"type":"Point"},"id":"roadkill-2011-1230","properties":{"count":1,"date":"2011-09-15","habitat":"forest_tea","recorded_name":"Craspedocephalus","route":"Waverly","source_row":1230,"taxon_group":"reptilia"},"type":"Feature"},{"geometry":{"coordinates":[76.9988903202951,10.3913246915071],"type":"Point"},"id":"roadkill-2011-1231","properties":{"count":1,"date":"2011-09-15","habitat":"forest_tea","recorded_name":"Craspedocephalus","route":"Waverly","source_row":1231,"taxon_group":"reptilia"},"type":"Feature"},{"geometry":{"coordinates":[76.9981968990481,10.3914013258504],"type":"Point"},"id":"roadkill-2011-1232","properties":{"count":1,"date":"2011-09-15","habitat":"forest_tea","recorded_name":"Craspedocephalus","route":"Waverly","source_row":1232,"taxon_group":"reptilia"},"type":"Feature"},{"geometry":{"coordinates":[76.9964930544951,10.3847681303539],"type":"Point"},"id":"roadkill-2011-1233","properties":{"count":1,"date":"2011-09-15","habitat":"tea","recorded_name":"Uropeltidae","route":"Waverly","source_row":1233,"taxon_group":"reptilia"},"type":"Feature"},{"geometry":{"coordinates":[76.993941798795,10.3855884812676],"type":"Point"},"id":"roadkill-2011-1234","properties":{"count":1,"date":"2011-09-15","habitat":"tea","recorded_name":"Uropeltidae","route":"Waverly","source_row":1234,"taxon_group":"reptilia"},"type":"Feature"},{"geometry":{"coordinates":[76.9992481727144,10.3916026755146],"type":"Point"},"id":"roadkill-2011-1235","properties":{"count":1,"date":"2011-09-15","habitat":"forest_tea","recorded_name":"Uropeltidae","route":"Waverly","source_row":1235,"taxon_group":"reptilia"},"type":"Feature"},{"geometry":{"coordinates":[76.99298639168,10.3687995535037],"type":"Point"},"id":"roadkill-2011-1236","properties":{"count":1,"date":"2011-09-15","habitat":"forest","recorded_name":"Squamata","route":"Waverly","source_row":1236,"taxon_group":"reptilia"},"type":"Feature"},{"geometry":{"coordinates":[76.9937866219463,10.371180943048],"type":"Point"},"id":"roadkill-2011-1237","properties":{"count":1,"date":"2011-09-15","habitat":"forest","recorded_name":"Squamata","route":"Waverly","source_row":1237,"taxon_group":"reptilia"},"type":"Feature"},{"geometry":{"coordinates":[76.9917686011926,10.3956445456716],"type":"Point"},"id":"roadkill-2011-1238","properties":{"count":1,"date":"2011-09-15","habitat":"forest","recorded_name":"Squamata","route":"Waverly","source_row":1238,"taxon_group":"reptilia"},"type":"Feature"},{"geometry":{"coordinates":[76.9977939719798,10.39121401306],"type":"Point"},"id":"roadkill-2011-1239","properties":{"count":1,"date":"2011-09-23","habitat":"forest_tea","recorded_name":"Gymnophiona","route":"Waverly","source_row":1239,"taxon_group":"amphibia"},"type":"Feature"},{"geometry":{"coordinates":[76.9934497474046,10.3713276606057],"type":"Point"},"id":"roadkill-2011-1240","properties":{"count":1,"date":"2011-09-23","habitat":"forest","recorded_name":"Diplopoda","route":"Waverly","source_row":1240,"taxon_group":"diplopoda"},"type":"Feature"},{"geometry":{"coordinates":[76.9950604920995,10.3892243257812],"type":"Point"},"id":"roadkill-2011-1241","properties":{"count":1,"date":"2011-09-23","habitat":"forest","recorded_name":"Diplopoda","route":"Waverly","source_row":1241,"taxon_group":"diplopoda"},"type":"Feature"},{"geometry":{"coordinates":[76.9942981854259,10.3726692383501],"type":"Point"},"id":"roadkill-2011-1242","properties":{"count":1,"date":"2011-09-23","habitat":"forest","recorded_name":"Diplopoda","route":"Waverly","source_row":1242,"taxon_group":"diplopoda"},"type":"Feature"},{"geometry":{"coordinates":[76.9966396861919,10.3906065359385],"type":"Point"},"id":"roadkill-2011-1243","properties":{"count":1,"date":"2011-09-23","habitat":"forest","recorded_name":"Craspedocephalus","route":"Waverly","source_row":1243,"taxon_group":"reptilia"},"type":"Feature"},{"geometry":{"coordinates":[76.993489287735,10.3674767088537],"type":"Point"},"id":"roadkill-2011-1244","properties":{"count":1,"date":"2011-09-23","habitat":"forest_tea","recorded_name":"Uropeltidae","route":"Waverly","source_row":1244,"taxon_group":"reptilia"},"type":"Feature"},{"geometry":{"coordinates":[76.9922909305785,10.3945023597043],"type":"Point"},"id":"roadkill-2011-1245","properties":{"count":1,"date":"2011-09-23","habitat":"forest","recorded_name":"Uropeltidae","route":"Waverly","source_row":1245,"taxon_group":"reptilia"},"type":"Feature"},{"geometry":{"coordinates":[76.9963627980652,10.3915754529061],"type":"Point"},"id":"roadkill-2011-1246","properties":{"count":1,"date":"2011-09-23","habitat":"forest_tea","recorded_name":"Soricidae","route":"Waverly","source_row":1246,"taxon_group":"mammalia"},"type":"Feature"},{"geometry":{"coordinates":[76.9942738545893,10.3918777034008],"type":"Point"},"id":"roadkill-2011-1247","properties":{"count":1,"date":"2011-09-23","habitat":"forest","recorded_name":"Scincidae","route":"Waverly","source_row":1247,"taxon_group":"reptilia"},"type":"Feature"},{"geometry":{"coordinates":[76.9953562567213,10.3912291879793],"type":"Point"},"id":"roadkill-2011-1248","properties":{"count":1,"date":"2011-09-23","habitat":"forest","recorded_name":"Squamata","route":"Waverly","source_row":1248,"taxon_group":"reptilia"},"type":"Feature"},{"geometry":{"coordinates":[76.9956584656923,10.3913719348364],"type":"Point"},"id":"roadkill-2011-1249","properties":{"count":1,"date":"2011-10-01","habitat":"forest_tea","recorded_name":"Rhinolophus sp.","route":"Waverly","source_row":1249,"taxon_group":"mammalia"},"type":"Feature"},{"geometry":{"coordinates":[76.9997688710413,10.3916446251254],"type":"Point"},"id":"roadkill-2011-1250","properties":{"count":1,"date":"2011-10-01","habitat":"forest_tea","recorded_name":"Calotes","route":"Waverly","source_row":1250,"taxon_group":"reptilia"},"type":"Feature"},{"geometry":{"coordinates":[76.9941290470921,10.3719109943749],"type":"Point"},"id":"roadkill-2011-1251","properties":{"count":1,"date":"2011-10-01","habitat":"forest","recorded_name":"Squamata","route":"Waverly","source_row":1251,"taxon_group":"reptilia"},"type":"Feature"},{"geometry":{"coordinates":[76.9971407618276,10.3832455161699],"type":"Point"},"id":"roadkill-2011-1252","properties":{"count":1,"date":"2011-10-01","habitat":"tea","recorded_name":"Squamata","route":"Waverly","source_row":1252,"taxon_group":"reptilia"},"type":"Feature"},{"geometry":{"coordinates":[76.993170732518,10.3676323510629],"type":"Point"},"id":"roadkill-2011-1253","properties":{"count":1,"date":"2011-10-01","habitat":"forest_tea","recorded_name":"Anura","route":"Waverly","source_row":1253,"taxon_group":"amphibia"},"type":"Feature"},{"geometry":{"coordinates":[76.9914822223601,10.4008800290955],"type":"Point"},"id":"roadkill-2011-1254","properties":{"count":1,"date":"2011-10-01","habitat":"forest","recorded_name":"Anura","route":"Waverly","source_row":1254,"taxon_group":"amphibia"},"type":"Feature"},{"geometry":{"coordinates":[76.9951047062823,10.3745986211886],"type":"Point"},"id":"roadkill-2011-1255","properties":{"count":1,"date":"2011-10-01","habitat":"forest","recorded_name":"Craspedocephalus","route":"Waverly","source_row":1255,"taxon_group":"reptilia"},"type":"Feature"},{"geometry":{"coordinates":[76.9977052539433,10.3901840986059],"type":"Point"},"id":"roadkill-2011-1256","properties":{"count":1,"date":"2011-10-01","habitat":"forest","recorded_name":"Craspedocephalus","route":"Waverly","source_row":1256,"taxon_group":"reptilia"},"type":"Feature"},{"geometry":{"coordinates":[76.9943242049115,10.3868606327319],"type":"Point"},"id":"roadkill-2011-1257","properties":{"count":1,"date":"2011-10-01","habitat":"forest","recorded_name":"Platacanthomys lasiurus","route":"Waverly","source_row":1257,"taxon_group":"mammalia"},"type":"Feature"},{"geometry":{"coordinates":[76.9928708543358,10.3692974270563],"type":"Point"},"id":"roadkill-2011-1258","properties":{"count":1,"date":"2011-10-01","habitat":"forest","recorded_name":"Diplopoda","route":"Waverly","source_row":1258,"taxon_group":"diplopoda"},"type":"Feature"},{"geometry":{"coordinates":[76.9987356273625,10.3914070081802],"type":"Point"},"id":"roadkill-2011-1259","properties":{"count":1,"date":"2011-10-01","habitat":"forest_tea","recorded_name":"Diplopoda","route":"Waverly","source_row":1259,"taxon_group":"diplopoda"},"type":"Feature"},{"geometry":{"coordinates":[76.9931798618726,10.367632294452],"type":"Point"},"id":"roadkill-2011-1260","properties":{"count":1,"date":"2011-10-01","habitat":"forest_tea","recorded_name":"Muridae","route":"Waverly","source_row":1260,"taxon_group":"mammalia"},"type":"Feature"},{"geometry":{"coordinates":[76.9955832808575,10.3752012750556],"type":"Point"},"id":"roadkill-2011-1261","properties":{"count":1,"date":"2011-10-01","habitat":"forest_tea","recorded_name":"Muridae","route":"Waverly","source_row":1261,"taxon_group":"mammalia"},"type":"Feature"},{"geometry":{"coordinates":[76.9959430461452,10.391614222192],"type":"Point"},"id":"roadkill-2011-1262","properties":{"count":1,"date":"2011-10-01","habitat":"forest_tea","recorded_name":"Muridae","route":"Waverly","source_row":1262,"taxon_group":"mammalia"},"type":"Feature"},{"geometry":{"coordinates":[76.9941234032199,10.3926288927134],"type":"Point"},"id":"roadkill-2011-1263","properties":{"count":1,"date":"2011-10-01","habitat":"forest","recorded_name":"Muridae","route":"Waverly","source_row":1263,"taxon_group":"mammalia"},"type":"Feature"},{"geometry":{"coordinates":[76.9944645770938,10.3729936170261],"type":"Point"},"id":"roadkill-2011-1264","properties":{"count":1,"date":"2011-10-01","habitat":"forest","recorded_name":"Diplopoda","route":"Waverly","source_row":1264,"taxon_group":"diplopoda"},"type":"Feature"},{"geometry":{"coordinates":[76.9985536017565,10.3914985342942],"type":"Point"},"id":"roadkill-2011-1265","properties":{"count":1,"date":"2011-10-01","habitat":"forest_tea","recorded_name":"Diplopoda","route":"Waverly","source_row":1265,"taxon_group":"diplopoda"},"type":"Feature"},{"geometry":{"coordinates":[76.9973666980035,10.3900686975232],"type":"Point"},"id":"roadkill-2011-1266","properties":{"count":1,"date":"2011-10-01","habitat":"forest","recorded_name":"Ptyas mucosa","route":"Waverly","source_row":1266,"taxon_group":"reptilia"},"type":"Feature"},{"geometry":{"coordinates":[76.9929331019665,10.3690349036745],"type":"Point"},"id":"roadkill-2011-1267","properties":{"count":1,"date":"2011-10-01","habitat":"forest","recorded_name":"Uropeltidae","route":"Waverly","source_row":1267,"taxon_group":"reptilia"},"type":"Feature"},{"geometry":{"coordinates":[76.9957970862915,10.3901959769822],"type":"Point"},"id":"roadkill-2011-1268","properties":{"count":1,"date":"2011-10-01","habitat":"forest","recorded_name":"Uropeltidae","route":"Waverly","source_row":1268,"taxon_group":"reptilia"},"type":"Feature"},{"geometry":{"coordinates":[76.9938817078295,10.3933896886148],"type":"Point"},"id":"roadkill-2011-1269","properties":{"count":1,"date":"2011-10-01","habitat":"forest","recorded_name":"Uropeltidae","route":"Waverly","source_row":1269,"taxon_group":"reptilia"},"type":"Feature"},{"geometry":{"coordinates":[76.9998330111563,10.391680381881],"type":"Point"},"id":"roadkill-2011-1270","properties":{"count":1,"date":"2011-10-01","habitat":"forest_tea","recorded_name":"Squamata","route":"Waverly","source_row":1270,"taxon_group":"reptilia"},"type":"Feature"},{"geometry":{"coordinates":[76.9936734930426,10.3936711985329],"type":"Point"},"id":"roadkill-2011-1271","properties":{"count":1,"date":"2011-10-01","habitat":"forest","recorded_name":"Squamata","route":"Waverly","source_row":1271,"taxon_group":"reptilia"},"type":"Feature"},{"geometry":{"coordinates":[76.99144518521,10.400798906359],"type":"Point"},"id":"roadkill-2011-1272","properties":{"count":1,"date":"2011-10-01","habitat":"forest","recorded_name":"Squamata","route":"Waverly","source_row":1272,"taxon_group":"reptilia"},"type":"Feature"},{"geometry":{"coordinates":[76.9980737851519,10.3907060757935],"type":"Point"},"id":"roadkill-2011-1273","properties":{"count":1,"date":"2011-10-01","habitat":"forest","recorded_name":"Phasmida","route":"Waverly","source_row":1273,"taxon_group":"insecta"},"type":"Feature"},{"geometry":{"coordinates":[76.9932950181016,10.3685174237784],"type":"Point"},"id":"roadkill-2011-1274","properties":{"count":1,"date":"2011-10-01","habitat":"forest","recorded_name":"Anura","route":"Waverly","source_row":1274,"taxon_group":"amphibia"},"type":"Feature"},{"geometry":{"coordinates":[76.9928828427316,10.3697493137203],"type":"Point"},"id":"roadkill-2011-1275","properties":{"count":1,"date":"2011-10-01","habitat":"forest","recorded_name":"Anura","route":"Waverly","source_row":1275,"taxon_group":"amphibia"},"type":"Feature"},{"geometry":{"coordinates":[76.9971402454144,10.3831641666614],"type":"Point"},"id":"roadkill-2011-1276","properties":{"count":1,"date":"2011-10-01","habitat":"tea","recorded_name":"Anura","route":"Waverly","source_row":1276,"taxon_group":"amphibia"},"type":"Feature"},{"geometry":{"coordinates":[76.9968464025528,10.3915272463545],"type":"Point"},"id":"roadkill-2011-1277","properties":{"count":1,"date":"2011-10-01","habitat":"forest_tea","recorded_name":"Anura","route":"Waverly","source_row":1277,"taxon_group":"amphibia"},"type":"Feature"},{"geometry":{"coordinates":[76.9939270142519,10.3933351716837],"type":"Point"},"id":"roadkill-2011-1278","properties":{"count":1,"date":"2011-10-01","habitat":"forest","recorded_name":"Anura","route":"Waverly","source_row":1278,"taxon_group":"amphibia"},"type":"Feature"},{"geometry":{"coordinates":[76.9980491477857,10.3825167277331],"type":"Point"},"id":"roadkill-2011-1279","properties":{"count":1,"date":"2011-10-11","habitat":"tea","recorded_name":"Calotes","route":"Waverly","source_row":1279,"taxon_group":"reptilia"},"type":"Feature"},{"geometry":{"coordinates":[76.9932344664618,10.3676048381876],"type":"Point"},"id":"roadkill-2011-1280","properties":{"count":1,"date":"2011-10-11","habitat":"forest_tea","recorded_name":"Annelida","route":"Waverly","source_row":1280,"taxon_group":"annelida"},"type":"Feature"},{"geometry":{"coordinates":[76.9931524166315,10.3676234254187],"type":"Point"},"id":"roadkill-2011-1281","properties":{"count":1,"date":"2011-10-11","habitat":"forest_tea","recorded_name":"Anura","route":"Waverly","source_row":1281,"taxon_group":"amphibia"},"type":"Feature"},{"geometry":{"coordinates":[76.9917422282906,10.4015653931208],"type":"Point"},"id":"roadkill-2011-1282","properties":{"count":1,"date":"2011-10-11","habitat":"forest","recorded_name":"Anura","route":"Waverly","source_row":1282,"taxon_group":"amphibia"},"type":"Feature"},{"geometry":{"coordinates":[76.9925610091044,10.367943464921],"type":"Point"},"id":"roadkill-2011-1283","properties":{"count":1,"date":"2011-10-11","habitat":"forest_tea","recorded_name":"Anura","route":"Waverly","source_row":1283,"taxon_group":"amphibia"},"type":"Feature"},{"geometry":{"coordinates":[76.9926199012,10.3685939238177],"type":"Point"},"id":"roadkill-2011-1284","properties":{"count":1,"date":"2011-10-11","habitat":"forest","recorded_name":"Anura","route":"Waverly","source_row":1284,"taxon_group":"amphibia"},"type":"Feature"},{"geometry":{"coordinates":[76.9930407105752,10.3687269029079],"type":"Point"},"id":"roadkill-2011-1285","properties":{"count":1,"date":"2011-10-11","habitat":"forest","recorded_name":"Anura","route":"Waverly","source_row":1285,"taxon_group":"amphibia"},"type":"Feature"},{"geometry":{"coordinates":[76.9962880170115,10.3769143437559],"type":"Point"},"id":"roadkill-2011-1286","properties":{"count":1,"date":"2011-10-11","habitat":"forest_tea","recorded_name":"Anura","route":"Waverly","source_row":1286,"taxon_group":"amphibia"},"type":"Feature"},{"geometry":{"coordinates":[76.997237689234,10.382693522402],"type":"Point"},"id":"roadkill-2011-1287","properties":{"count":1,"date":"2011-10-11","habitat":"tea","recorded_name":"Anura","route":"Waverly","source_row":1287,"taxon_group":"amphibia"},"type":"Feature"},{"geometry":{"coordinates":[76.9944911228251,10.3872663593433],"type":"Point"},"id":"roadkill-2011-1288","properties":{"count":1,"date":"2011-10-11","habitat":"forest","recorded_name":"Anura","route":"Waverly","source_row":1288,"taxon_group":"amphibia"},"type":"Feature"},{"geometry":{"coordinates":[76.9949704084134,10.3879774764336],"type":"Point"},"id":"roadkill-2011-1289","properties":{"count":1,"date":"2011-10-11","habitat":"forest","recorded_name":"Anura","route":"Waverly","source_row":1289,"taxon_group":"amphibia"},"type":"Feature"},{"geometry":{"coordinates":[76.9915509460709,10.3973181523239],"type":"Point"},"id":"roadkill-2011-1290","properties":{"count":1,"date":"2011-10-11","habitat":"forest","recorded_name":"Anura","route":"Waverly","source_row":1290,"taxon_group":"amphibia"},"type":"Feature"},{"geometry":{"coordinates":[76.9920047608957,10.3694926202303],"type":"Point"},"id":"roadkill-2011-1291","properties":{"count":1,"date":"2011-10-11","habitat":"forest","recorded_name":"Lampyridae","route":"Waverly","source_row":1291,"taxon_group":"insecta"},"type":"Feature"},{"geometry":{"coordinates":[76.9961436796734,10.3757491841392],"type":"Point"},"id":"roadkill-2011-1292","properties":{"count":1,"date":"2011-10-11","habitat":"forest_tea","recorded_name":"Lampyridae","route":"Waverly","source_row":1292,"taxon_group":"insecta"},"type":"Feature"},{"geometry":{"coordinates":[76.9980733830141,10.3906428040191],"type":"Point"},"id":"roadkill-2011-1293","properties":{"count":1,"date":"2011-10-11","habitat":"forest","recorded_name":"Lampyridae","route":"Waverly","source_row":1293,"taxon_group":"insecta"},"type":"Feature"},{"geometry":{"coordinates":[76.9921345577226,10.368361912643],"type":"Point"},"id":"roadkill-2011-1294","properties":{"count":1,"date":"2011-10-11","habitat":"forest","recorded_name":"Craspedocephalus","route":"Waverly","source_row":1294,"taxon_group":"reptilia"},"type":"Feature"},{"geometry":{"coordinates":[76.9995223031457,10.3916371232724],"type":"Point"},"id":"roadkill-2011-1295","properties":{"count":1,"date":"2011-10-11","habitat":"forest_tea","recorded_name":"Muridae","route":"Waverly","source_row":1295,"taxon_group":"mammalia"},"type":"Feature"},{"geometry":{"coordinates":[76.9917689962424,10.3697471798266],"type":"Point"},"id":"roadkill-2011-1296","properties":{"count":1,"date":"2011-10-11","habitat":"forest","recorded_name":"Diplopoda","route":"Waverly","source_row":1296,"taxon_group":"diplopoda"},"type":"Feature"},{"geometry":{"coordinates":[76.9932151048409,10.3703167238429],"type":"Point"},"id":"roadkill-2011-1297","properties":{"count":1,"date":"2011-10-11","habitat":"forest","recorded_name":"Diplopoda","route":"Waverly","source_row":1297,"taxon_group":"diplopoda"},"type":"Feature"},{"geometry":{"coordinates":[76.9961788798597,10.3755410637728],"type":"Point"},"id":"roadkill-2011-1298","properties":{"count":1,"date":"2011-10-11","habitat":"forest_tea","recorded_name":"Diplopoda","route":"Waverly","source_row":1298,"taxon_group":"diplopoda"},"type":"Feature"},{"geometry":{"coordinates":[76.9940661604888,10.3864825898828],"type":"Point"},"id":"roadkill-2011-1299","properties":{"count":1,"date":"2011-10-11","habitat":"forest","recorded_name":"Diplopoda","route":"Waverly","source_row":1299,"taxon_group":"diplopoda"},"type":"Feature"},{"geometry":{"coordinates":[76.9953014191883,10.3912204899363],"type":"Point"},"id":"roadkill-2011-1300","properties":{"count":1,"date":"2011-10-11","habitat":"forest","recorded_name":"Diplopoda","route":"Waverly","source_row":1300,"taxon_group":"diplopoda"},"type":"Feature"},{"geometry":{"coordinates":[76.9963347410856,10.3857182306193],"type":"Point"},"id":"roadkill-2011-1301","properties":{"count":1,"date":"2011-10-11","habitat":"tea","recorded_name":"Diplopoda","route":"Waverly","source_row":1301,"taxon_group":"diplopoda"},"type":"Feature"},{"geometry":{"coordinates":[76.9935378028086,10.3938709046492],"type":"Point"},"id":"roadkill-2011-1302","properties":{"count":1,"date":"2011-10-11","habitat":"forest","recorded_name":"Diplopoda","route":"Waverly","source_row":1302,"taxon_group":"diplopoda"},"type":"Feature"},{"geometry":{"coordinates":[76.9949556556773,10.3741295081391],"type":"Point"},"id":"roadkill-2011-1303","properties":{"count":1,"date":"2011-10-11","habitat":"forest","recorded_name":"Diplopoda","route":"Waverly","source_row":1303,"taxon_group":"diplopoda"},"type":"Feature"},{"geometry":{"coordinates":[76.9908736044504,10.3999346932863],"type":"Point"},"id":"roadkill-2011-1304","properties":{"count":1,"date":"2011-10-11","habitat":"forest","recorded_name":"Ptyas mucosa","route":"Waverly","source_row":1304,"taxon_group":"reptilia"},"type":"Feature"},{"geometry":{"coordinates":[76.9917056495751,10.4015565812774],"type":"Point"},"id":"roadkill-2011-1305","properties":{"count":1,"date":"2011-10-11","habitat":"forest","recorded_name":"Scorpiones","route":"Waverly","source_row":1305,"taxon_group":"arachnida"},"type":"Feature"},{"geometry":{"coordinates":[76.9946442993383,10.3840655292512],"type":"Point"},"id":"roadkill-2011-1306","properties":{"count":1,"date":"2011-10-11","habitat":"tea","recorded_name":"Uropeltidae","route":"Waverly","source_row":1306,"taxon_group":"reptilia"},"type":"Feature"},{"geometry":{"coordinates":[76.9925933140757,10.3946722256577],"type":"Point"},"id":"roadkill-2011-1307","properties":{"count":1,"date":"2011-10-11","habitat":"forest","recorded_name":"Uropeltidae","route":"Waverly","source_row":1307,"taxon_group":"reptilia"},"type":"Feature"},{"geometry":{"coordinates":[76.9971466023239,10.3913536325893],"type":"Point"},"id":"roadkill-2011-1308","properties":{"count":1,"date":"2011-10-21","habitat":"forest_tea","recorded_name":"Calotes","route":"Waverly","source_row":1308,"taxon_group":"reptilia"},"type":"Feature"},{"geometry":{"coordinates":[76.9954271617693,10.3750576176876],"type":"Point"},"id":"roadkill-2011-1309","properties":{"count":1,"date":"2011-10-21","habitat":"forest_tea","recorded_name":"Annelida","route":"Waverly","source_row":1309,"taxon_group":"annelida"},"type":"Feature"},{"geometry":{"coordinates":[76.9979906383508,10.3819295447497],"type":"Point"},"id":"roadkill-2011-1310","properties":{"count":1,"date":"2011-10-21","habitat":"tea","recorded_name":"Annelida","route":"Waverly","source_row":1310,"taxon_group":"annelida"},"type":"Feature"},{"geometry":{"coordinates":[76.9971363132498,10.3782287919877],"type":"Point"},"id":"roadkill-2011-1311","properties":{"count":1,"date":"2011-10-21","habitat":"tea","recorded_name":"Anura","route":"Waverly","source_row":1311,"taxon_group":"amphibia"},"type":"Feature"},{"geometry":{"coordinates":[76.9949427318951,10.3879324525287],"type":"Point"},"id":"roadkill-2011-1312","properties":{"count":1,"date":"2011-10-21","habitat":"forest","recorded_name":"Anura","route":"Waverly","source_row":1312,"taxon_group":"amphibia"},"type":"Feature"},{"geometry":{"coordinates":[76.99784915417,10.3912769436189],"type":"Point"},"id":"roadkill-2011-1313","properties":{"count":1,"date":"2011-10-21","habitat":"forest_tea","recorded_name":"Anura","route":"Waverly","source_row":1313,"taxon_group":"amphibia"},"type":"Feature"},{"geometry":{"coordinates":[76.9913836024661,10.3982863878459],"type":"Point"},"id":"roadkill-2011-1314","properties":{"count":1,"date":"2011-10-21","habitat":"forest","recorded_name":"Anura","route":"Waverly","source_row":1314,"taxon_group":"amphibia"},"type":"Feature"},{"geometry":{"coordinates":[76.9965843494411,10.3775723630146],"type":"Point"},"id":"roadkill-2011-1315","properties":{"count":1,"date":"2011-10-21","habitat":"tea","recorded_name":"Diplopoda","route":"Waverly","source_row":1315,"taxon_group":"diplopoda"},"type":"Feature"},{"geometry":{"coordinates":[76.9946574679238,10.3875816973227],"type":"Point"},"id":"roadkill-2011-1316","properties":{"count":2,"date":"2011-10-21","habitat":"forest","recorded_name":"Diplopoda","route":"Waverly","source_row":1316,"taxon_group":"diplopoda"},"type":"Feature"},{"geometry":{"coordinates":[76.9959135493883,10.3754523206373],"type":"Point"},"id":"roadkill-2011-1317","properties":{"count":1,"date":"2011-10-21","habitat":"forest_tea","recorded_name":"Muridae","route":"Waverly","source_row":1317,"taxon_group":"mammalia"},"type":"Feature"},{"geometry":{"coordinates":[76.9977968409614,10.390228724112],"type":"Point"},"id":"roadkill-2011-1318","properties":{"count":1,"date":"2011-10-21","habitat":"forest","recorded_name":"Muridae","route":"Waverly","source_row":1318,"taxon_group":"mammalia"},"type":"Feature"},{"geometry":{"coordinates":[76.9908471875195,10.4000885240577],"type":"Point"},"id":"roadkill-2011-1319","properties":{"count":1,"date":"2011-10-21","habitat":"forest","recorded_name":"Craspedocephalus","route":"Waverly","source_row":1319,"taxon_group":"reptilia"},"type":"Feature"},{"geometry":{"coordinates":[76.9979135238459,10.391348856116],"type":"Point"},"id":"roadkill-2011-1320","properties":{"count":1,"date":"2011-10-21","habitat":"forest_tea","recorded_name":"Uropeltidae","route":"Waverly","source_row":1320,"taxon_group":"reptilia"},"type":"Feature"},{"geometry":{"coordinates":[76.9951461513582,10.3912124166351],"type":"Point"},"id":"roadkill-2011-1321","properties":{"count":1,"date":"2011-10-21","habitat":"forest","recorded_name":"Uropeltidae","route":"Waverly","source_row":1321,"taxon_group":"reptilia"},"type":"Feature"},{"geometry":{"coordinates":[76.9952097837274,10.3897295923729],"type":"Point"},"id":"roadkill-2011-1322","properties":{"count":1,"date":"2011-10-21","habitat":"forest","recorded_name":"Scincidae","route":"Waverly","source_row":1322,"taxon_group":"reptilia"},"type":"Feature"},{"geometry":{"coordinates":[76.9961714122498,10.3758032469839],"type":"Point"},"id":"roadkill-2011-1323","properties":{"count":4,"date":"2011-10-21","habitat":"forest_tea","recorded_name":"Gastropoda","route":"Waverly","source_row":1323,"taxon_group":"mollusca"},"type":"Feature"},{"geometry":{"coordinates":[76.9973778137617,10.3788781117664],"type":"Point"},"id":"roadkill-2011-1324","properties":{"count":1,"date":"2011-10-21","habitat":"tea","recorded_name":"Gastropoda","route":"Waverly","source_row":1324,"taxon_group":"mollusca"},"type":"Feature"},{"geometry":{"coordinates":[76.9945959409052,10.3908361923734],"type":"Point"},"id":"roadkill-2011-1325","properties":{"count":1,"date":"2011-10-21","habitat":"forest","recorded_name":"Squamata","route":"Waverly","source_row":1325,"taxon_group":"reptilia"},"type":"Feature"},{"geometry":{"coordinates":[76.9909119591196,10.4002237099011],"type":"Point"},"id":"roadkill-2011-1326","properties":{"count":1,"date":"2011-10-21","habitat":"forest","recorded_name":"Squamata","route":"Waverly","source_row":1326,"taxon_group":"reptilia"},"type":"Feature"},{"geometry":{"coordinates":[76.9954270472013,10.3750395399909],"type":"Point"},"id":"roadkill-2011-1327","properties":{"count":1,"date":"2011-10-21","habitat":"forest_tea","recorded_name":"Anura","route":"Waverly","source_row":1327,"taxon_group":"amphibia"},"type":"Feature"},{"geometry":{"coordinates":[76.997350596873,10.3789053986448],"type":"Point"},"id":"roadkill-2011-1328","properties":{"count":1,"date":"2011-10-21","habitat":"tea","recorded_name":"Anura","route":"Waverly","source_row":1328,"taxon_group":"amphibia"},"type":"Feature"},{"geometry":{"coordinates":[76.9913746441082,10.3983135611441],"type":"Point"},"id":"roadkill-2011-1329","properties":{"count":1,"date":"2011-10-21","habitat":"forest","recorded_name":"Anura","route":"Waverly","source_row":1329,"taxon_group":"amphibia"},"type":"Feature"},{"geometry":{"coordinates":[76.9935114445084,10.3940337742061],"type":"Point"},"id":"roadkill-2011-1330","properties":{"count":1,"date":"2011-10-31","habitat":"forest","recorded_name":"Gymnophiona","route":"Waverly","source_row":1330,"taxon_group":"amphibia"},"type":"Feature"},{"geometry":{"coordinates":[76.9990904907264,10.3912149737874],"type":"Point"},"id":"roadkill-2011-1331","properties":{"count":1,"date":"2011-10-31","habitat":"forest","recorded_name":"Calotes","route":"Waverly","source_row":1331,"taxon_group":"reptilia"},"type":"Feature"},{"geometry":{"coordinates":[76.9945784837528,10.3909628497438],"type":"Point"},"id":"roadkill-2011-1332","properties":{"count":1,"date":"2011-10-31","habitat":"forest","recorded_name":"Annelida","route":"Waverly","source_row":1332,"taxon_group":"annelida"},"type":"Feature"},{"geometry":{"coordinates":[76.9927853336433,10.3947162283154],"type":"Point"},"id":"roadkill-2011-1333","properties":{"count":1,"date":"2011-10-31","habitat":"forest","recorded_name":"Insecta","route":"Waverly","source_row":1333,"taxon_group":"insecta"},"type":"Feature"},{"geometry":{"coordinates":[76.9964864489587,10.3851658959758],"type":"Point"},"id":"roadkill-2011-1334","properties":{"count":1,"date":"2011-10-31","habitat":"tea","recorded_name":"Muridae","route":"Waverly","source_row":1334,"taxon_group":"mammalia"},"type":"Feature"},{"geometry":{"coordinates":[76.9977103658576,10.3909885542083],"type":"Point"},"id":"roadkill-2011-1335","properties":{"count":1,"date":"2011-10-31","habitat":"forest_tea","recorded_name":"Muridae","route":"Waverly","source_row":1335,"taxon_group":"mammalia"},"type":"Feature"},{"geometry":{"coordinates":[76.9938009903114,10.370566187296],"type":"Point"},"id":"roadkill-2011-1336","properties":{"count":1,"date":"2011-10-31","habitat":"forest","recorded_name":"Craspedocephalus","route":"Waverly","source_row":1336,"taxon_group":"reptilia"},"type":"Feature"},{"geometry":{"coordinates":[76.994112383079,10.3865726946816],"type":"Point"},"id":"roadkill-2011-1337","properties":{"count":1,"date":"2011-10-31","habitat":"forest","recorded_name":"Pycnonotus cafer","route":"Waverly","source_row":1337,"taxon_group":"aves"},"type":"Feature"},{"geometry":{"coordinates":[76.9941865710623,10.3723445195325],"type":"Point"},"id":"roadkill-2011-1338","properties":{"count":1,"date":"2011-10-31","habitat":"forest","recorded_name":"Uropeltidae","route":"Waverly","source_row":1338,"taxon_group":"reptilia"},"type":"Feature"},{"geometry":{"coordinates":[76.9951094591501,10.3911855272867],"type":"Point"},"id":"roadkill-2011-1339","properties":{"count":1,"date":"2011-10-31","habitat":"forest","recorded_name":"Uropeltidae","route":"Waverly","source_row":1339,"taxon_group":"reptilia"},"type":"Feature"},{"geometry":{"coordinates":[76.9934322893701,10.3714543179422],"type":"Point"},"id":"roadkill-2011-1340","properties":{"count":1,"date":"2011-10-31","habitat":"forest","recorded_name":"Gastropoda","route":"Waverly","source_row":1340,"taxon_group":"mollusca"},"type":"Feature"},{"geometry":{"coordinates":[76.9932179872253,10.3722149416369],"type":"Point"},"id":"roadkill-2011-1341","properties":{"count":1,"date":"2011-10-31","habitat":"forest","recorded_name":"Gastropoda","route":"Waverly","source_row":1341,"taxon_group":"mollusca"},"type":"Feature"},{"geometry":{"coordinates":[76.9939303769438,10.3852269839653],"type":"Point"},"id":"roadkill-2011-1342","properties":{"count":1,"date":"2011-10-31","habitat":"tea","recorded_name":"Gastropoda","route":"Waverly","source_row":1342,"taxon_group":"mollusca"},"type":"Feature"},{"geometry":{"coordinates":[76.9933707285572,10.3718253077339],"type":"Point"},"id":"roadkill-2011-1343","properties":{"count":1,"date":"2011-10-31","habitat":"forest","recorded_name":"Anura","route":"Waverly","source_row":1343,"taxon_group":"amphibia"},"type":"Feature"},{"geometry":{"coordinates":[76.9931998426591,10.3722331326345],"type":"Point"},"id":"roadkill-2011-1344","properties":{"count":1,"date":"2011-10-31","habitat":"forest","recorded_name":"Anura","route":"Waverly","source_row":1344,"taxon_group":"amphibia"},"type":"Feature"},{"geometry":{"coordinates":[76.9979069210479,10.3816860077314],"type":"Point"},"id":"roadkill-2011-1345","properties":{"count":1,"date":"2011-10-31","habitat":"tea","recorded_name":"Anura","route":"Waverly","source_row":1345,"taxon_group":"amphibia"},"type":"Feature"},{"geometry":{"coordinates":[76.9939391630129,10.3851726941327],"type":"Point"},"id":"roadkill-2011-1346","properties":{"count":1,"date":"2011-10-31","habitat":"tea","recorded_name":"Anura","route":"Waverly","source_row":1346,"taxon_group":"amphibia"},"type":"Feature"},{"geometry":{"coordinates":[76.9977103658576,10.3909885542083],"type":"Point"},"id":"roadkill-2011-1347","properties":{"count":1,"date":"2011-10-31","habitat":"forest_tea","recorded_name":"Anura","route":"Waverly","source_row":1347,"taxon_group":"amphibia"},"type":"Feature"},{"geometry":{"coordinates":[76.9951094591501,10.3911855272867],"type":"Point"},"id":"roadkill-2011-1348","properties":{"count":3,"date":"2011-10-31","habitat":"forest","recorded_name":"Anura","route":"Waverly","source_row":1348,"taxon_group":"amphibia"},"type":"Feature"},{"geometry":{"coordinates":[76.9950360747516,10.3911317485737],"type":"Point"},"id":"roadkill-2011-1349","properties":{"count":1,"date":"2011-10-31","habitat":"forest","recorded_name":"Anura","route":"Waverly","source_row":1349,"taxon_group":"amphibia"},"type":"Feature"},{"geometry":{"coordinates":[76.9935115018445,10.3940428130543],"type":"Point"},"id":"roadkill-2011-1350","properties":{"count":1,"date":"2011-10-31","habitat":"forest","recorded_name":"Anura","route":"Waverly","source_row":1350,"taxon_group":"amphibia"},"type":"Feature"},{"geometry":{"coordinates":[76.9850954780964,10.4463146875637],"type":"Point"},"id":"roadkill-2011-1351","properties":{"count":1,"date":"2011-11-03","habitat":"forest","recorded_name":"Anura","route":"Attakatti - 1 hpb","source_row":1351,"taxon_group":"amphibia"},"type":"Feature"},{"geometry":{"coordinates":[76.9816528994917,10.4492286403499],"type":"Point"},"id":"roadkill-2011-1352","properties":{"count":1,"date":"2011-11-03","habitat":"forest","recorded_name":"Uropeltidae","route":"Attakatti - 1 hpb","source_row":1352,"taxon_group":"reptilia"},"type":"Feature"},{"geometry":{"coordinates":[76.9821050001138,10.4499580099496],"type":"Point"},"id":"roadkill-2011-1353","properties":{"count":1,"date":"2011-11-03","habitat":"forest","recorded_name":"Uropeltidae","route":"Attakatti - 1 hpb","source_row":1353,"taxon_group":"reptilia"},"type":"Feature"},{"geometry":{"coordinates":[76.9752098969651,10.4499103838398],"type":"Point"},"id":"roadkill-2011-1354","properties":{"count":1,"date":"2011-11-03","habitat":"forest","recorded_name":"Uropeltidae","route":"Attakatti - 1 hpb","source_row":1354,"taxon_group":"reptilia"},"type":"Feature"},{"geometry":{"coordinates":[76.9845431987601,10.4485056149109],"type":"Point"},"id":"roadkill-2011-1355","properties":{"count":1,"date":"2011-11-03","habitat":"forest","recorded_name":"Squamata","route":"Attakatti - 1 hpb","source_row":1355,"taxon_group":"reptilia"},"type":"Feature"},{"geometry":{"coordinates":[76.981521767539,10.4501514572073],"type":"Point"},"id":"roadkill-2011-1356","properties":{"count":1,"date":"2011-11-03","habitat":"forest","recorded_name":"Squamata","route":"Attakatti - 1 hpb","source_row":1356,"taxon_group":"reptilia"},"type":"Feature"},{"geometry":{"coordinates":[76.9851128806544,10.446178990977],"type":"Point"},"id":"roadkill-2011-1357","properties":{"count":1,"date":"2011-11-03","habitat":"forest","recorded_name":"Anura","route":"Attakatti - 1 hpb","source_row":1357,"taxon_group":"amphibia"},"type":"Feature"},{"geometry":{"coordinates":[76.9845431987601,10.4485056149109],"type":"Point"},"id":"roadkill-2011-1358","properties":{"count":1,"date":"2011-11-03","habitat":"forest","recorded_name":"Anura","route":"Attakatti - 1 hpb","source_row":1358,"taxon_group":"amphibia"},"type":"Feature"},{"geometry":{"coordinates":[76.9807883003528,10.4496950109582],"type":"Point"},"id":"roadkill-2011-1359","properties":{"count":3,"date":"2011-11-03","habitat":"forest","recorded_name":"Anura","route":"Attakatti - 1 hpb","source_row":1359,"taxon_group":"amphibia"},"type":"Feature"},{"geometry":{"coordinates":[76.981503331984,10.4501244540037],"type":"Point"},"id":"roadkill-2011-1360","properties":{"count":1,"date":"2011-11-03","habitat":"forest","recorded_name":"Anura","route":"Attakatti - 1 hpb","source_row":1360,"taxon_group":"amphibia"},"type":"Feature"},{"geometry":{"coordinates":[76.9798415482873,10.4544916884709],"type":"Point"},"id":"roadkill-2011-1361","properties":{"count":1,"date":"2011-11-06","habitat":"forest","recorded_name":"Calotes versicolor","route":"Attakatti - 1 hpb","source_row":1361,"taxon_group":"reptilia"},"type":"Feature"},{"geometry":{"coordinates":[76.9831641055405,10.4513615475679],"type":"Point"},"id":"roadkill-2011-1362","properties":{"count":1,"date":"2011-11-06","habitat":"forest","recorded_name":"Chilopoda","route":"Attakatti - 1 hpb","source_row":1362,"taxon_group":"chilopoda"},"type":"Feature"},{"geometry":{"coordinates":[76.9776429129268,10.450519019129],"type":"Point"},"id":"roadkill-2011-1363","properties":{"count":1,"date":"2011-11-06","habitat":"forest","recorded_name":"Chilopoda","route":"Attakatti - 1 hpb","source_row":1363,"taxon_group":"chilopoda"},"type":"Feature"},{"geometry":{"coordinates":[76.9828626972511,10.4513543821652],"type":"Point"},"id":"roadkill-2011-1364","properties":{"count":1,"date":"2011-11-06","habitat":"forest","recorded_name":"Squamata","route":"Attakatti - 1 hpb","source_row":1364,"taxon_group":"reptilia"},"type":"Feature"},{"geometry":{"coordinates":[76.9837554585344,10.4481308661713],"type":"Point"},"id":"roadkill-2011-1365","properties":{"count":1,"date":"2011-11-06","habitat":"forest","recorded_name":"Squamata","route":"Attakatti - 1 hpb","source_row":1365,"taxon_group":"reptilia"},"type":"Feature"},{"geometry":{"coordinates":[76.9846499679035,10.448062028827],"type":"Point"},"id":"roadkill-2011-1366","properties":{"count":1,"date":"2011-11-06","habitat":"forest","recorded_name":"Anura","route":"Attakatti - 1 hpb","source_row":1366,"taxon_group":"amphibia"},"type":"Feature"},{"geometry":{"coordinates":[76.9783912903643,10.4518883452618],"type":"Point"},"id":"roadkill-2011-1367","properties":{"count":1,"date":"2011-11-06","habitat":"forest","recorded_name":"Anura","route":"Attakatti - 1 hpb","source_row":1367,"taxon_group":"amphibia"},"type":"Feature"},{"geometry":{"coordinates":[76.9832280858214,10.4513701890008],"type":"Point"},"id":"roadkill-2011-1368","properties":{"count":1,"date":"2011-11-09","habitat":"forest","recorded_name":"Gymnophiona","route":"Attakatti - 1 hpb","source_row":1368,"taxon_group":"amphibia"},"type":"Feature"},{"geometry":{"coordinates":[76.9775606690655,10.4505104897372],"type":"Point"},"id":"roadkill-2011-1369","properties":{"count":1,"date":"2011-11-09","habitat":"forest","recorded_name":"Decapoda","route":"Attakatti - 1 hpb","source_row":1369,"taxon_group":"crustacea"},"type":"Feature"},{"geometry":{"coordinates":[76.9832105928237,10.4486133325926],"type":"Point"},"id":"roadkill-2011-1370","properties":{"count":1,"date":"2011-11-09","habitat":"forest","recorded_name":"Diplopoda","route":"Attakatti - 1 hpb","source_row":1370,"taxon_group":"diplopoda"},"type":"Feature"},{"geometry":{"coordinates":[76.9780632068844,10.4505525702298],"type":"Point"},"id":"roadkill-2011-1371","properties":{"count":1,"date":"2011-11-09","habitat":"forest","recorded_name":"Diplopoda","route":"Attakatti - 1 hpb","source_row":1371,"taxon_group":"diplopoda"},"type":"Feature"},{"geometry":{"coordinates":[76.9817808591888,10.4492459239869],"type":"Point"},"id":"roadkill-2011-1372","properties":{"count":1,"date":"2011-11-09","habitat":"forest","recorded_name":"Uropeltidae","route":"Attakatti - 1 hpb","source_row":1372,"taxon_group":"reptilia"},"type":"Feature"},{"geometry":{"coordinates":[76.9842432852268,10.4487334608945],"type":"Point"},"id":"roadkill-2011-1373","properties":{"count":1,"date":"2011-11-09","habitat":"forest","recorded_name":"Anura","route":"Attakatti - 1 hpb","source_row":1373,"taxon_group":"amphibia"},"type":"Feature"},{"geometry":{"coordinates":[76.9782367692458,10.4505605331915],"type":"Point"},"id":"roadkill-2011-1374","properties":{"count":1,"date":"2011-11-09","habitat":"forest","recorded_name":"Anura","route":"Attakatti - 1 hpb","source_row":1374,"taxon_group":"amphibia"},"type":"Feature"},{"geometry":{"coordinates":[76.9763013875171,10.4506629221849],"type":"Point"},"id":"roadkill-2011-1375","properties":{"count":1,"date":"2011-11-14","habitat":"forest","recorded_name":"Calotes versicolor","route":"Attakatti - 1 hpb","source_row":1375,"taxon_group":"reptilia"},"type":"Feature"},{"geometry":{"coordinates":[76.9856917931728,10.4467448600986],"type":"Point"},"id":"roadkill-2011-1376","properties":{"count":1,"date":"2011-11-14","habitat":"forest","recorded_name":"Lampyridae","route":"Attakatti - 1 hpb","source_row":1376,"taxon_group":"insecta"},"type":"Feature"},{"geometry":{"coordinates":[76.9856838670357,10.4469347330178],"type":"Point"},"id":"roadkill-2011-1377","properties":{"count":1,"date":"2011-11-14","habitat":"forest","recorded_name":"Orthoptera","route":"Attakatti - 1 hpb","source_row":1377,"taxon_group":"insecta"},"type":"Feature"},{"geometry":{"coordinates":[76.9808341885377,10.4497308830055],"type":"Point"},"id":"roadkill-2011-1378","properties":{"count":1,"date":"2011-11-14","habitat":"forest","recorded_name":"Orthoptera","route":"Attakatti - 1 hpb","source_row":1378,"taxon_group":"insecta"},"type":"Feature"},{"geometry":{"coordinates":[76.9757152339478,10.4503953750877],"type":"Point"},"id":"roadkill-2011-1379","properties":{"count":1,"date":"2011-11-14","habitat":"forest","recorded_name":"Squamata","route":"Attakatti - 1 hpb","source_row":1379,"taxon_group":"reptilia"},"type":"Feature"},{"geometry":{"coordinates":[76.9837281206482,10.4481400753691],"type":"Point"},"id":"roadkill-2011-1380","properties":{"count":1,"date":"2011-11-14","habitat":"forest","recorded_name":"Scorpiones","route":"Attakatti - 1 hpb","source_row":1380,"taxon_group":"arachnida"},"type":"Feature"},{"geometry":{"coordinates":[76.9856976527223,10.4462295881517],"type":"Point"},"id":"roadkill-2011-1381","properties":{"count":1,"date":"2011-11-14","habitat":"forest","recorded_name":"Uropeltidae","route":"Attakatti - 1 hpb","source_row":1381,"taxon_group":"reptilia"},"type":"Feature"},{"geometry":{"coordinates":[76.9842525891206,10.4487605207069],"type":"Point"},"id":"roadkill-2011-1382","properties":{"count":1,"date":"2011-11-14","habitat":"forest","recorded_name":"Anura","route":"Attakatti - 1 hpb","source_row":1382,"taxon_group":"amphibia"},"type":"Feature"},{"geometry":{"coordinates":[76.9831551579897,10.449951483314],"type":"Point"},"id":"roadkill-2011-1383","properties":{"count":2,"date":"2011-11-14","habitat":"forest","recorded_name":"Anura","route":"Attakatti - 1 hpb","source_row":1383,"taxon_group":"amphibia"},"type":"Feature"},{"geometry":{"coordinates":[76.9784972924901,10.4527644952945],"type":"Point"},"id":"roadkill-2011-1384","properties":{"count":1,"date":"2011-11-14","habitat":"forest","recorded_name":"Funambulus palmarum","route":"Attakatti - 1 hpb","source_row":1384,"taxon_group":"mammalia"},"type":"Feature"},{"geometry":{"coordinates":[76.9862545129526,10.4461990050022],"type":"Point"},"id":"roadkill-2011-1385","properties":{"count":1,"date":"2011-11-17","habitat":"forest","recorded_name":"Chilopoda","route":"Attakatti - 1 hpb","source_row":1385,"taxon_group":"chilopoda"},"type":"Feature"},{"geometry":{"coordinates":[76.9798415482873,10.4544916884709],"type":"Point"},"id":"roadkill-2011-1386","properties":{"count":1,"date":"2011-11-17","habitat":"forest","recorded_name":"Decapoda","route":"Attakatti - 1 hpb","source_row":1386,"taxon_group":"crustacea"},"type":"Feature"},{"geometry":{"coordinates":[76.9822756382368,10.4495049879341],"type":"Point"},"id":"roadkill-2011-1387","properties":{"count":1,"date":"2011-11-17","habitat":"forest","recorded_name":"Craspedocephalus","route":"Attakatti - 1 hpb","source_row":1387,"taxon_group":"reptilia"},"type":"Feature"},{"geometry":{"coordinates":[76.9823596428638,10.4512309596998],"type":"Point"},"id":"roadkill-2011-1388","properties":{"count":1,"date":"2011-11-17","habitat":"forest","recorded_name":"Craspedocephalus","route":"Attakatti - 1 hpb","source_row":1388,"taxon_group":"reptilia"},"type":"Feature"},{"geometry":{"coordinates":[76.9786200207652,10.450512959972],"type":"Point"},"id":"roadkill-2011-1389","properties":{"count":1,"date":"2011-11-17","habitat":"forest","recorded_name":"Squamata","route":"Attakatti - 1 hpb","source_row":1389,"taxon_group":"reptilia"},"type":"Feature"},{"geometry":{"coordinates":[76.9793206831332,10.4544406864716],"type":"Point"},"id":"roadkill-2011-1390","properties":{"count":1,"date":"2011-11-17","habitat":"forest","recorded_name":"Squamata","route":"Attakatti - 1 hpb","source_row":1390,"taxon_group":"reptilia"},"type":"Feature"},{"geometry":{"coordinates":[76.9798141524202,10.4544918585633],"type":"Point"},"id":"roadkill-2011-1391","properties":{"count":1,"date":"2011-11-17","habitat":"forest","recorded_name":"Anura","route":"Attakatti - 1 hpb","source_row":1391,"taxon_group":"amphibia"},"type":"Feature"},{"geometry":{"coordinates":[76.9826863970165,10.4494753177039],"type":"Point"},"id":"roadkill-2011-1392","properties":{"count":1,"date":"2011-11-21","habitat":"forest","recorded_name":"Diplopoda","route":"Attakatti - 1 hpb","source_row":1392,"taxon_group":"diplopoda"},"type":"Feature"},{"geometry":{"coordinates":[76.982911882119,10.4490309939097],"type":"Point"},"id":"roadkill-2011-1393","properties":{"count":2,"date":"2011-11-21","habitat":"forest","recorded_name":"Anura","route":"Attakatti - 1 hpb","source_row":1393,"taxon_group":"amphibia"},"type":"Feature"},{"geometry":{"coordinates":[76.9856846133463,10.4470522382186],"type":"Point"},"id":"roadkill-2011-1394","properties":{"count":1,"date":"2011-11-24","habitat":"forest","recorded_name":"Decapoda","route":"Attakatti - 1 hpb","source_row":1394,"taxon_group":"crustacea"},"type":"Feature"},{"geometry":{"coordinates":[76.9833591671728,10.4490010959102],"type":"Point"},"id":"roadkill-2011-1395","properties":{"count":1,"date":"2011-11-24","habitat":"forest","recorded_name":"Diplopoda","route":"Attakatti - 1 hpb","source_row":1395,"taxon_group":"diplopoda"},"type":"Feature"},{"geometry":{"coordinates":[76.9859989981931,10.4462277129132],"type":"Point"},"id":"roadkill-2011-1396","properties":{"count":1,"date":"2011-11-24","habitat":"forest","recorded_name":"Uropeltidae","route":"Attakatti - 1 hpb","source_row":1396,"taxon_group":"reptilia"},"type":"Feature"},{"geometry":{"coordinates":[76.982789929219,10.4514000306723],"type":"Point"},"id":"roadkill-2011-1397","properties":{"count":1,"date":"2011-11-24","habitat":"forest","recorded_name":"Uropeltidae","route":"Attakatti - 1 hpb","source_row":1397,"taxon_group":"reptilia"},"type":"Feature"},{"geometry":{"coordinates":[76.9856846133463,10.4470522382186],"type":"Point"},"id":"roadkill-2011-1398","properties":{"count":1,"date":"2011-11-24","habitat":"forest","recorded_name":"Anura","route":"Attakatti - 1 hpb","source_row":1398,"taxon_group":"amphibia"},"type":"Feature"},{"geometry":{"coordinates":[76.9820445740459,10.4505097787794],"type":"Point"},"id":"roadkill-2011-1399","properties":{"count":1,"date":"2011-11-28","habitat":"forest","recorded_name":"Calotes grandisquamis","route":"Attakatti - 1 hpb","source_row":1399,"taxon_group":"reptilia"},"type":"Feature"},{"geometry":{"coordinates":[76.9827041871503,10.4508401312623],"type":"Point"},"id":"roadkill-2011-1400","properties":{"count":1,"date":"2011-11-28","habitat":"forest","recorded_name":"Diplopoda","route":"Attakatti - 1 hpb","source_row":1400,"taxon_group":"diplopoda"},"type":"Feature"},{"geometry":{"coordinates":[76.9828728174961,10.4500707483875],"type":"Point"},"id":"roadkill-2011-1401","properties":{"count":1,"date":"2011-11-28","habitat":"forest","recorded_name":"Craspedocephalus","route":"Attakatti - 1 hpb","source_row":1401,"taxon_group":"reptilia"},"type":"Feature"},{"geometry":{"coordinates":[76.9815453035919,10.4509829209383],"type":"Point"},"id":"roadkill-2011-1402","properties":{"count":1,"date":"2011-12-10","habitat":"forest","recorded_name":"Calotes","route":"Attakatti - 1 hpb","source_row":1402,"taxon_group":"reptilia"},"type":"Feature"},{"geometry":{"coordinates":[76.9829732673991,10.4500701240015],"type":"Point"},"id":"roadkill-2011-1403","properties":{"count":1,"date":"2011-12-10","habitat":"forest","recorded_name":"Squamata","route":"Attakatti - 1 hpb","source_row":1403,"taxon_group":"reptilia"},"type":"Feature"},{"geometry":{"coordinates":[76.9790118315769,10.4503749406972],"type":"Point"},"id":"roadkill-2011-1404","properties":{"count":1,"date":"2011-12-10","habitat":"forest","recorded_name":"Squamata","route":"Attakatti - 1 hpb","source_row":1404,"taxon_group":"reptilia"},"type":"Feature"},{"geometry":{"coordinates":[76.9806512419482,10.4511240623168],"type":"Point"},"id":"roadkill-2011-1405","properties":{"count":1,"date":"2011-12-14","habitat":"forest","recorded_name":"Squamata","route":"Attakatti - 1 hpb","source_row":1405,"taxon_group":"reptilia"},"type":"Feature"},{"geometry":{"coordinates":[76.9791988183086,10.4539442842004],"type":"Point"},"id":"roadkill-2011-1406","properties":{"count":1,"date":"2011-12-14","habitat":"forest","recorded_name":"Muridae","route":"Attakatti - 1 hpb","source_row":1406,"taxon_group":"mammalia"},"type":"Feature"},{"geometry":{"coordinates":[76.9791950392627,10.4533477172297],"type":"Point"},"id":"roadkill-2011-1407","properties":{"count":1,"date":"2011-12-14","habitat":"forest","recorded_name":"Squamata","route":"Attakatti - 1 hpb","source_row":1407,"taxon_group":"reptilia"},"type":"Feature"},{"geometry":{"coordinates":[76.9755484037382,10.4500077197231],"type":"Point"},"id":"roadkill-2011-1408","properties":{"count":1,"date":"2011-12-17","habitat":"forest","recorded_name":"Macaca radiata","route":"Attakatti - 1 hpb","source_row":1408,"taxon_group":"mammalia"},"type":"Feature"},{"geometry":{"coordinates":[76.9837828537785,10.4481306958429],"type":"Point"},"id":"roadkill-2011-1409","properties":{"count":2,"date":"2011-12-17","habitat":"forest","recorded_name":"Chilopoda","route":"Attakatti - 1 hpb","source_row":1409,"taxon_group":"chilopoda"},"type":"Feature"},{"geometry":{"coordinates":[76.9903119749812,10.433726748644],"type":"Point"},"id":"roadkill-2011-1410","properties":{"count":1,"date":"2011-11-02","habitat":"forest","recorded_name":"Chilopoda","route":"Waterfalls","source_row":1410,"taxon_group":"chilopoda"},"type":"Feature"},{"geometry":{"coordinates":[76.9873937402727,10.4357787388415],"type":"Point"},"id":"roadkill-2011-1411","properties":{"count":1,"date":"2011-11-02","habitat":"forest","recorded_name":"Chilopoda","route":"Waterfalls","source_row":1411,"taxon_group":"chilopoda"},"type":"Feature"},{"geometry":{"coordinates":[76.9902209556824,10.4352097447379],"type":"Point"},"id":"roadkill-2011-1412","properties":{"count":1,"date":"2011-11-02","habitat":"forest","recorded_name":"Decapoda","route":"Waterfalls","source_row":1412,"taxon_group":"crustacea"},"type":"Feature"},{"geometry":{"coordinates":[76.9860945979622,10.4382726051462],"type":"Point"},"id":"roadkill-2011-1413","properties":{"count":1,"date":"2011-11-02","habitat":"forest","recorded_name":"Decapoda","route":"Waterfalls","source_row":1413,"taxon_group":"crustacea"},"type":"Feature"},{"geometry":{"coordinates":[76.988911288891,10.4259798286947],"type":"Point"},"id":"roadkill-2011-1414","properties":{"count":1,"date":"2011-11-02","habitat":"forest","recorded_name":"Anura","route":"Waterfalls","source_row":1414,"taxon_group":"amphibia"},"type":"Feature"},{"geometry":{"coordinates":[76.9883199400907,10.4277642323097],"type":"Point"},"id":"roadkill-2011-1415","properties":{"count":1,"date":"2011-11-02","habitat":"forest","recorded_name":"Anura","route":"Waterfalls","source_row":1415,"taxon_group":"amphibia"},"type":"Feature"},{"geometry":{"coordinates":[76.9902209556824,10.4352097447379],"type":"Point"},"id":"roadkill-2011-1416","properties":{"count":1,"date":"2011-11-02","habitat":"forest","recorded_name":"Diplopoda","route":"Waterfalls","source_row":1416,"taxon_group":"diplopoda"},"type":"Feature"},{"geometry":{"coordinates":[76.985629884381,10.4312339384882],"type":"Point"},"id":"roadkill-2011-1417","properties":{"count":1,"date":"2011-11-02","habitat":"forest","recorded_name":"Uropeltidae","route":"Waterfalls","source_row":1417,"taxon_group":"reptilia"},"type":"Feature"},{"geometry":{"coordinates":[76.9866498640419,10.4336772279599],"type":"Point"},"id":"roadkill-2011-1418","properties":{"count":1,"date":"2011-11-02","habitat":"forest","recorded_name":"Uropeltidae","route":"Waterfalls","source_row":1418,"taxon_group":"reptilia"},"type":"Feature"},{"geometry":{"coordinates":[76.9843927319654,10.4319828404701],"type":"Point"},"id":"roadkill-2011-1419","properties":{"count":1,"date":"2011-11-02","habitat":"forest","recorded_name":"Squamata","route":"Waterfalls","source_row":1419,"taxon_group":"reptilia"},"type":"Feature"},{"geometry":{"coordinates":[76.9874337793257,10.4334554112155],"type":"Point"},"id":"roadkill-2011-1420","properties":{"count":1,"date":"2011-11-02","habitat":"forest","recorded_name":"Squamata","route":"Waterfalls","source_row":1420,"taxon_group":"reptilia"},"type":"Feature"},{"geometry":{"coordinates":[76.9873688141634,10.4361675801983],"type":"Point"},"id":"roadkill-2011-1421","properties":{"count":1,"date":"2011-11-02","habitat":"forest","recorded_name":"Squamata","route":"Waterfalls","source_row":1421,"taxon_group":"reptilia"},"type":"Feature"},{"geometry":{"coordinates":[76.9883731776722,10.4275198423666],"type":"Point"},"id":"roadkill-2011-1422","properties":{"count":1,"date":"2011-11-02","habitat":"forest","recorded_name":"Anura","route":"Waterfalls","source_row":1422,"taxon_group":"amphibia"},"type":"Feature"},{"geometry":{"coordinates":[76.9876258390122,10.4306249417385],"type":"Point"},"id":"roadkill-2011-1423","properties":{"count":1,"date":"2011-11-02","habitat":"forest","recorded_name":"Anura","route":"Waterfalls","source_row":1423,"taxon_group":"amphibia"},"type":"Feature"},{"geometry":{"coordinates":[76.9872190546957,10.4327155309924],"type":"Point"},"id":"roadkill-2011-1424","properties":{"count":1,"date":"2011-11-02","habitat":"forest","recorded_name":"Anura","route":"Waterfalls","source_row":1424,"taxon_group":"amphibia"},"type":"Feature"},{"geometry":{"coordinates":[76.989482405914,10.4339488565208],"type":"Point"},"id":"roadkill-2011-1425","properties":{"count":3,"date":"2011-11-02","habitat":"forest","recorded_name":"Anura","route":"Waterfalls","source_row":1425,"taxon_group":"amphibia"},"type":"Feature"},{"geometry":{"coordinates":[76.9903027862225,10.433717766686],"type":"Point"},"id":"roadkill-2011-1426","properties":{"count":1,"date":"2011-11-02","habitat":"forest","recorded_name":"Anura","route":"Waterfalls","source_row":1426,"taxon_group":"amphibia"},"type":"Feature"},{"geometry":{"coordinates":[76.9900020909608,10.4352563042719],"type":"Point"},"id":"roadkill-2011-1427","properties":{"count":1,"date":"2011-11-02","habitat":"forest","recorded_name":"Anura","route":"Waterfalls","source_row":1427,"taxon_group":"amphibia"},"type":"Feature"},{"geometry":{"coordinates":[76.9853783178625,10.4390815499688],"type":"Point"},"id":"roadkill-2011-1428","properties":{"count":1,"date":"2011-11-02","habitat":"forest","recorded_name":"Anura","route":"Waterfalls","source_row":1428,"taxon_group":"amphibia"},"type":"Feature"},{"geometry":{"coordinates":[76.9884989477051,10.4271936483259],"type":"Point"},"id":"roadkill-2011-1429","properties":{"count":1,"date":"2011-11-05","habitat":"forest","recorded_name":"Lampyridae","route":"Waterfalls","source_row":1429,"taxon_group":"insecta"},"type":"Feature"},{"geometry":{"coordinates":[76.986633551727,10.4339846628906],"type":"Point"},"id":"roadkill-2011-1430","properties":{"count":1,"date":"2011-11-05","habitat":"forest","recorded_name":"Diplopoda","route":"Waterfalls","source_row":1430,"taxon_group":"diplopoda"},"type":"Feature"},{"geometry":{"coordinates":[76.9892165085059,10.4352160011841],"type":"Point"},"id":"roadkill-2011-1431","properties":{"count":1,"date":"2011-11-05","habitat":"forest","recorded_name":"Scorpiones","route":"Waterfalls","source_row":1431,"taxon_group":"arachnida"},"type":"Feature"},{"geometry":{"coordinates":[76.9890372875487,10.4256897900512],"type":"Point"},"id":"roadkill-2011-1432","properties":{"count":1,"date":"2011-11-05","habitat":"forest","recorded_name":"Uropeltidae","route":"Waterfalls","source_row":1432,"taxon_group":"reptilia"},"type":"Feature"},{"geometry":{"coordinates":[76.986633551727,10.4339846628906],"type":"Point"},"id":"roadkill-2011-1433","properties":{"count":1,"date":"2011-11-05","habitat":"forest","recorded_name":"Squamata","route":"Waterfalls","source_row":1433,"taxon_group":"reptilia"},"type":"Feature"},{"geometry":{"coordinates":[76.9878849395659,10.4354773882937],"type":"Point"},"id":"roadkill-2011-1434","properties":{"count":1,"date":"2011-11-05","habitat":"forest","recorded_name":"Squamata","route":"Waterfalls","source_row":1434,"taxon_group":"reptilia"},"type":"Feature"},{"geometry":{"coordinates":[76.9866608883211,10.4339754536798],"type":"Point"},"id":"roadkill-2011-1435","properties":{"count":1,"date":"2011-11-05","habitat":"forest","recorded_name":"Anura","route":"Waterfalls","source_row":1435,"taxon_group":"amphibia"},"type":"Feature"},{"geometry":{"coordinates":[76.990184487814,10.4352190111438],"type":"Point"},"id":"roadkill-2011-1436","properties":{"count":1,"date":"2011-11-08","habitat":"forest","recorded_name":"Chilopoda","route":"Waterfalls","source_row":1436,"taxon_group":"chilopoda"},"type":"Feature"},{"geometry":{"coordinates":[76.9854747950289,10.439894480251],"type":"Point"},"id":"roadkill-2011-1437","properties":{"count":1,"date":"2011-11-08","habitat":"forest","recorded_name":"Chilopoda","route":"Waterfalls","source_row":1437,"taxon_group":"chilopoda"},"type":"Feature"},{"geometry":{"coordinates":[76.9854873380397,10.4317952563006],"type":"Point"},"id":"roadkill-2011-1438","properties":{"count":1,"date":"2011-11-08","habitat":"forest","recorded_name":"Decapoda","route":"Waterfalls","source_row":1438,"taxon_group":"crustacea"},"type":"Feature"},{"geometry":{"coordinates":[76.9868764831281,10.4334136813415],"type":"Point"},"id":"roadkill-2011-1439","properties":{"count":1,"date":"2011-11-08","habitat":"forest","recorded_name":"Annelida","route":"Waterfalls","source_row":1439,"taxon_group":"annelida"},"type":"Feature"},{"geometry":{"coordinates":[76.9863089659524,10.4332002687847],"type":"Point"},"id":"roadkill-2011-1440","properties":{"count":1,"date":"2011-11-08","habitat":"forest","recorded_name":"Diplopoda","route":"Waterfalls","source_row":1440,"taxon_group":"diplopoda"},"type":"Feature"},{"geometry":{"coordinates":[76.9842263641912,10.431667500422],"type":"Point"},"id":"roadkill-2011-1441","properties":{"count":1,"date":"2011-11-08","habitat":"forest","recorded_name":"Muridae","route":"Waterfalls","source_row":1441,"taxon_group":"mammalia"},"type":"Feature"},{"geometry":{"coordinates":[76.9871993578522,10.4324896730412],"type":"Point"},"id":"roadkill-2011-1442","properties":{"count":1,"date":"2011-11-08","habitat":"forest","recorded_name":"Muridae","route":"Waterfalls","source_row":1442,"taxon_group":"mammalia"},"type":"Feature"},{"geometry":{"coordinates":[76.9853951023218,10.4374091890478],"type":"Point"},"id":"roadkill-2011-1443","properties":{"count":1,"date":"2011-11-08","habitat":"forest","recorded_name":"Muridae","route":"Waterfalls","source_row":1443,"taxon_group":"mammalia"},"type":"Feature"},{"geometry":{"coordinates":[76.9869931584768,10.4374082900333],"type":"Point"},"id":"roadkill-2011-1444","properties":{"count":1,"date":"2011-11-08","habitat":"forest","recorded_name":"Muridae","route":"Waterfalls","source_row":1444,"taxon_group":"mammalia"},"type":"Feature"},{"geometry":{"coordinates":[76.9870241903467,10.4336658608649],"type":"Point"},"id":"roadkill-2011-1445","properties":{"count":1,"date":"2011-11-08","habitat":"forest","recorded_name":"Scorpiones","route":"Waterfalls","source_row":1445,"taxon_group":"arachnida"},"type":"Feature"},{"geometry":{"coordinates":[76.9855048514798,10.4374356244524],"type":"Point"},"id":"roadkill-2011-1446","properties":{"count":1,"date":"2011-11-08","habitat":"forest","recorded_name":"Scorpiones","route":"Waterfalls","source_row":1446,"taxon_group":"arachnida"},"type":"Feature"},{"geometry":{"coordinates":[76.9856870211567,10.4373621780978],"type":"Point"},"id":"roadkill-2011-1447","properties":{"count":1,"date":"2011-11-08","habitat":"forest","recorded_name":"Uropeltidae","route":"Waterfalls","source_row":1447,"taxon_group":"reptilia"},"type":"Feature"},{"geometry":{"coordinates":[76.9856480895514,10.4312247861399],"type":"Point"},"id":"roadkill-2011-1448","properties":{"count":1,"date":"2011-11-08","habitat":"forest","recorded_name":"Squamata","route":"Waterfalls","source_row":1448,"taxon_group":"reptilia"},"type":"Feature"},{"geometry":{"coordinates":[76.9864419660816,10.4340129718499],"type":"Point"},"id":"roadkill-2011-1449","properties":{"count":1,"date":"2011-11-08","habitat":"forest","recorded_name":"Squamata","route":"Waterfalls","source_row":1449,"taxon_group":"reptilia"},"type":"Feature"},{"geometry":{"coordinates":[76.9863089659524,10.4332002687847],"type":"Point"},"id":"roadkill-2011-1450","properties":{"count":1,"date":"2011-11-08","habitat":"forest","recorded_name":"Anura","route":"Waterfalls","source_row":1450,"taxon_group":"amphibia"},"type":"Feature"},{"geometry":{"coordinates":[76.9903852047495,10.4351906429709],"type":"Point"},"id":"roadkill-2011-1451","properties":{"count":1,"date":"2011-11-11","habitat":"forest","recorded_name":"Calotes versicolor","route":"Waterfalls","source_row":1451,"taxon_group":"reptilia"},"type":"Feature"},{"geometry":{"coordinates":[76.9874359102639,10.4323526135067],"type":"Point"},"id":"roadkill-2011-1452","properties":{"count":1,"date":"2011-11-11","habitat":"forest","recorded_name":"Chilopoda","route":"Waterfalls","source_row":1452,"taxon_group":"chilopoda"},"type":"Feature"},{"geometry":{"coordinates":[76.9903760734158,10.4351906998665],"type":"Point"},"id":"roadkill-2011-1453","properties":{"count":1,"date":"2011-11-11","habitat":"forest","recorded_name":"Chilopoda","route":"Waterfalls","source_row":1453,"taxon_group":"chilopoda"},"type":"Feature"},{"geometry":{"coordinates":[76.9888680831435,10.4321177219881],"type":"Point"},"id":"roadkill-2011-1454","properties":{"count":1,"date":"2011-11-11","habitat":"forest","recorded_name":"Annelida","route":"Waterfalls","source_row":1454,"taxon_group":"annelida"},"type":"Feature"},{"geometry":{"coordinates":[76.9873356478553,10.4309431191167],"type":"Point"},"id":"roadkill-2011-1455","properties":{"count":1,"date":"2011-11-11","habitat":"forest","recorded_name":"Muridae","route":"Waterfalls","source_row":1455,"taxon_group":"mammalia"},"type":"Feature"},{"geometry":{"coordinates":[76.9891890570396,10.4352071329213],"type":"Point"},"id":"roadkill-2011-1456","properties":{"count":1,"date":"2011-11-11","habitat":"forest","recorded_name":"Muridae","route":"Waterfalls","source_row":1456,"taxon_group":"mammalia"},"type":"Feature"},{"geometry":{"coordinates":[76.9849374567072,10.4314822994789],"type":"Point"},"id":"roadkill-2011-1457","properties":{"count":1,"date":"2011-11-11","habitat":"forest","recorded_name":"Squamata","route":"Waterfalls","source_row":1457,"taxon_group":"reptilia"},"type":"Feature"},{"geometry":{"coordinates":[76.9903760734158,10.4351906998665],"type":"Point"},"id":"roadkill-2011-1458","properties":{"count":1,"date":"2011-11-11","habitat":"forest","recorded_name":"Scorpiones","route":"Waterfalls","source_row":1458,"taxon_group":"arachnida"},"type":"Feature"},{"geometry":{"coordinates":[76.9878720242431,10.4334436455603],"type":"Point"},"id":"roadkill-2011-1459","properties":{"count":1,"date":"2011-11-11","habitat":"forest","recorded_name":"Uropeltidae","route":"Waterfalls","source_row":1459,"taxon_group":"reptilia"},"type":"Feature"},{"geometry":{"coordinates":[76.9876262323233,10.432125449249],"type":"Point"},"id":"roadkill-2011-1460","properties":{"count":1,"date":"2011-11-11","habitat":"forest","recorded_name":"Scincidae","route":"Waterfalls","source_row":1460,"taxon_group":"reptilia"},"type":"Feature"},{"geometry":{"coordinates":[76.9878920295792,10.4294029918869],"type":"Point"},"id":"roadkill-2011-1461","properties":{"count":1,"date":"2011-11-11","habitat":"forest","recorded_name":"Gastropoda","route":"Waterfalls","source_row":1461,"taxon_group":"mollusca"},"type":"Feature"},{"geometry":{"coordinates":[76.987330121828,10.4329498598445],"type":"Point"},"id":"roadkill-2011-1462","properties":{"count":1,"date":"2011-11-11","habitat":"forest","recorded_name":"Squamata","route":"Waterfalls","source_row":1462,"taxon_group":"reptilia"},"type":"Feature"},{"geometry":{"coordinates":[76.9855310181372,10.4401201112221],"type":"Point"},"id":"roadkill-2011-1463","properties":{"count":1,"date":"2011-11-11","habitat":"forest","recorded_name":"Squamata","route":"Waterfalls","source_row":1463,"taxon_group":"reptilia"},"type":"Feature"},{"geometry":{"coordinates":[76.9878920295792,10.4294029918869],"type":"Point"},"id":"roadkill-2011-1464","properties":{"count":1,"date":"2011-11-11","habitat":"forest","recorded_name":"Anura","route":"Waterfalls","source_row":1464,"taxon_group":"amphibia"},"type":"Feature"},{"geometry":{"coordinates":[76.9883731776722,10.4275198423666],"type":"Point"},"id":"roadkill-2011-1465","properties":{"count":1,"date":"2011-11-16","habitat":"forest","recorded_name":"Gymnophiona","route":"Waterfalls","source_row":1465,"taxon_group":"amphibia"},"type":"Feature"},{"geometry":{"coordinates":[76.9871631870439,10.4311068975229],"type":"Point"},"id":"roadkill-2011-1466","properties":{"count":1,"date":"2011-11-16","habitat":"forest","recorded_name":"Diplopoda","route":"Waterfalls","source_row":1466,"taxon_group":"diplopoda"},"type":"Feature"},{"geometry":{"coordinates":[76.9854163350428,10.4393163334271],"type":"Point"},"id":"roadkill-2011-1467","properties":{"count":1,"date":"2011-11-16","habitat":"forest","recorded_name":"Diplopoda","route":"Waterfalls","source_row":1467,"taxon_group":"diplopoda"},"type":"Feature"},{"geometry":{"coordinates":[76.9889831323893,10.4257895582923],"type":"Point"},"id":"roadkill-2011-1468","properties":{"count":1,"date":"2011-11-16","habitat":"forest","recorded_name":"Muridae","route":"Waterfalls","source_row":1468,"taxon_group":"mammalia"},"type":"Feature"},{"geometry":{"coordinates":[76.9878418897941,10.4301354802578],"type":"Point"},"id":"roadkill-2011-1469","properties":{"count":1,"date":"2011-11-16","habitat":"forest","recorded_name":"Muridae","route":"Waterfalls","source_row":1469,"taxon_group":"mammalia"},"type":"Feature"},{"geometry":{"coordinates":[76.985406916775,10.4392711958655],"type":"Point"},"id":"roadkill-2011-1470","properties":{"count":1,"date":"2011-11-16","habitat":"forest","recorded_name":"Muridae","route":"Waterfalls","source_row":1470,"taxon_group":"mammalia"},"type":"Feature"},{"geometry":{"coordinates":[76.9878861113775,10.4299092247991],"type":"Point"},"id":"roadkill-2011-1471","properties":{"count":1,"date":"2011-11-16","habitat":"forest","recorded_name":"Uropeltidae","route":"Waterfalls","source_row":1471,"taxon_group":"reptilia"},"type":"Feature"},{"geometry":{"coordinates":[76.986423072516,10.433913657889],"type":"Point"},"id":"roadkill-2011-1472","properties":{"count":1,"date":"2011-11-16","habitat":"forest","recorded_name":"Uropeltidae","route":"Waterfalls","source_row":1472,"taxon_group":"reptilia"},"type":"Feature"},{"geometry":{"coordinates":[76.9871303236037,10.4331228476702],"type":"Point"},"id":"roadkill-2011-1473","properties":{"count":1,"date":"2011-11-16","habitat":"forest","recorded_name":"Craspedocephalus","route":"Waterfalls","source_row":1473,"taxon_group":"reptilia"},"type":"Feature"},{"geometry":{"coordinates":[76.98879556877,10.4264505876468],"type":"Point"},"id":"roadkill-2011-1474","properties":{"count":1,"date":"2011-11-16","habitat":"forest","recorded_name":"Squamata","route":"Waterfalls","source_row":1474,"taxon_group":"reptilia"},"type":"Feature"},{"geometry":{"coordinates":[76.9878920295792,10.4294029918869],"type":"Point"},"id":"roadkill-2011-1475","properties":{"count":1,"date":"2011-11-16","habitat":"forest","recorded_name":"Craspedocephalus","route":"Waterfalls","source_row":1475,"taxon_group":"reptilia"},"type":"Feature"},{"geometry":{"coordinates":[76.990630601048,10.4350083298707],"type":"Point"},"id":"roadkill-2011-1476","properties":{"count":1,"date":"2011-11-16","habitat":"forest","recorded_name":"Squamata","route":"Waterfalls","source_row":1476,"taxon_group":"reptilia"},"type":"Feature"},{"geometry":{"coordinates":[76.9882130631491,10.428189740197],"type":"Point"},"id":"roadkill-2011-1477","properties":{"count":2,"date":"2011-11-16","habitat":"forest","recorded_name":"Anura","route":"Waterfalls","source_row":1477,"taxon_group":"amphibia"},"type":"Feature"},{"geometry":{"coordinates":[76.9878329307213,10.4301626536313],"type":"Point"},"id":"roadkill-2011-1478","properties":{"count":1,"date":"2011-11-16","habitat":"forest","recorded_name":"Anura","route":"Waterfalls","source_row":1478,"taxon_group":"amphibia"},"type":"Feature"},{"geometry":{"coordinates":[76.9871450393018,10.4311250888107],"type":"Point"},"id":"roadkill-2011-1479","properties":{"count":1,"date":"2011-11-16","habitat":"forest","recorded_name":"Anura","route":"Waterfalls","source_row":1479,"taxon_group":"amphibia"},"type":"Feature"},{"geometry":{"coordinates":[76.9879700792678,10.4287516828803],"type":"Point"},"id":"roadkill-2011-1480","properties":{"count":1,"date":"2011-11-19","habitat":"forest","recorded_name":"Chilopoda","route":"Waterfalls","source_row":1480,"taxon_group":"chilopoda"},"type":"Feature"},{"geometry":{"coordinates":[76.9866135682428,10.4337136105371],"type":"Point"},"id":"roadkill-2011-1481","properties":{"count":2,"date":"2011-11-19","habitat":"forest","recorded_name":"Chilopoda","route":"Waterfalls","source_row":1481,"taxon_group":"chilopoda"},"type":"Feature"},{"geometry":{"coordinates":[76.9888211063379,10.4319101125501],"type":"Point"},"id":"roadkill-2011-1482","properties":{"count":1,"date":"2011-11-19","habitat":"forest","recorded_name":"Chilopoda","route":"Waterfalls","source_row":1482,"taxon_group":"chilopoda"},"type":"Feature"},{"geometry":{"coordinates":[76.9879305389361,10.4354680653057],"type":"Point"},"id":"roadkill-2011-1483","properties":{"count":1,"date":"2011-11-19","habitat":"forest","recorded_name":"Chilopoda","route":"Waterfalls","source_row":1483,"taxon_group":"chilopoda"},"type":"Feature"},{"geometry":{"coordinates":[76.9891067600886,10.4351895669665],"type":"Point"},"id":"roadkill-2011-1484","properties":{"count":1,"date":"2011-11-19","habitat":"forest","recorded_name":"Craspedocephalus","route":"Waterfalls","source_row":1484,"taxon_group":"reptilia"},"type":"Feature"},{"geometry":{"coordinates":[76.9885348409771,10.4270939937007],"type":"Point"},"id":"roadkill-2011-1485","properties":{"count":5,"date":"2011-11-19","habitat":"forest","recorded_name":"Anura","route":"Waterfalls","source_row":1485,"taxon_group":"amphibia"},"type":"Feature"},{"geometry":{"coordinates":[76.9879264314756,10.4290683269186],"type":"Point"},"id":"roadkill-2011-1486","properties":{"count":1,"date":"2011-11-19","habitat":"forest","recorded_name":"Anura","route":"Waterfalls","source_row":1486,"taxon_group":"amphibia"},"type":"Feature"},{"geometry":{"coordinates":[76.9879125295591,10.4297553938071],"type":"Point"},"id":"roadkill-2011-1487","properties":{"count":2,"date":"2011-11-19","habitat":"forest","recorded_name":"Anura","route":"Waterfalls","source_row":1487,"taxon_group":"amphibia"},"type":"Feature"},{"geometry":{"coordinates":[76.9872485140084,10.4330407596101],"type":"Point"},"id":"roadkill-2011-1488","properties":{"count":2,"date":"2011-11-19","habitat":"forest","recorded_name":"Anura","route":"Waterfalls","source_row":1488,"taxon_group":"amphibia"},"type":"Feature"},{"geometry":{"coordinates":[76.988903115306,10.4318824844822],"type":"Point"},"id":"roadkill-2011-1489","properties":{"count":2,"date":"2011-11-19","habitat":"forest","recorded_name":"Anura","route":"Waterfalls","source_row":1489,"taxon_group":"amphibia"},"type":"Feature"},{"geometry":{"coordinates":[76.9890702347254,10.4351897944011],"type":"Point"},"id":"roadkill-2011-1490","properties":{"count":5,"date":"2011-11-19","habitat":"forest","recorded_name":"Anura","route":"Waterfalls","source_row":1490,"taxon_group":"amphibia"},"type":"Feature"},{"geometry":{"coordinates":[76.9876936402967,10.4355508924344],"type":"Point"},"id":"roadkill-2011-1491","properties":{"count":4,"date":"2011-11-19","habitat":"forest","recorded_name":"Anura","route":"Waterfalls","source_row":1491,"taxon_group":"amphibia"},"type":"Feature"},{"geometry":{"coordinates":[76.9855968891856,10.4404270351713],"type":"Point"},"id":"roadkill-2011-1492","properties":{"count":1,"date":"2011-11-23","habitat":"forest","recorded_name":"Diplopoda","route":"Waterfalls","source_row":1492,"taxon_group":"diplopoda"},"type":"Feature"},{"geometry":{"coordinates":[76.9892753715692,10.4329829505589],"type":"Point"},"id":"roadkill-2011-1493","properties":{"count":1,"date":"2011-11-23","habitat":"forest","recorded_name":"Muridae","route":"Waterfalls","source_row":1493,"taxon_group":"mammalia"},"type":"Feature"},{"geometry":{"coordinates":[76.9888667237952,10.4261518509732],"type":"Point"},"id":"roadkill-2011-1494","properties":{"count":1,"date":"2011-11-23","habitat":"forest","recorded_name":"Lycodon","route":"Waterfalls","source_row":1494,"taxon_group":"reptilia"},"type":"Feature"},{"geometry":{"coordinates":[76.9890793660663,10.4351897375428],"type":"Point"},"id":"roadkill-2011-1495","properties":{"count":1,"date":"2011-11-23","habitat":"forest","recorded_name":"Squamata","route":"Waterfalls","source_row":1495,"taxon_group":"reptilia"},"type":"Feature"},{"geometry":{"coordinates":[76.9855968891856,10.4404270351713],"type":"Point"},"id":"roadkill-2011-1496","properties":{"count":1,"date":"2011-11-23","habitat":"forest","recorded_name":"Craspedocephalus","route":"Waterfalls","source_row":1496,"taxon_group":"reptilia"},"type":"Feature"},{"geometry":{"coordinates":[76.9890268746488,10.4326771645307],"type":"Point"},"id":"roadkill-2011-1497","properties":{"count":1,"date":"2011-11-23","habitat":"forest","recorded_name":"Anura","route":"Waterfalls","source_row":1497,"taxon_group":"amphibia"},"type":"Feature"},{"geometry":{"coordinates":[76.990564899838,10.4347285240886],"type":"Point"},"id":"roadkill-2011-1498","properties":{"count":1,"date":"2011-11-26","habitat":"forest","recorded_name":"Chilopoda","route":"Waterfalls","source_row":1498,"taxon_group":"chilopoda"},"type":"Feature"},{"geometry":{"coordinates":[76.9859564149395,10.432325655593],"type":"Point"},"id":"roadkill-2011-1499","properties":{"count":1,"date":"2011-11-26","habitat":"forest","recorded_name":"Muridae","route":"Waterfalls","source_row":1499,"taxon_group":"mammalia"},"type":"Feature"},{"geometry":{"coordinates":[76.9868764831281,10.4334136813415],"type":"Point"},"id":"roadkill-2011-1500","properties":{"count":1,"date":"2011-11-26","habitat":"forest","recorded_name":"Squamata","route":"Waterfalls","source_row":1500,"taxon_group":"reptilia"},"type":"Feature"},{"geometry":{"coordinates":[76.9859092106029,10.4320818899035],"type":"Point"},"id":"roadkill-2011-1501","properties":{"count":3,"date":"2011-11-26","habitat":"forest","recorded_name":"Anura","route":"Waterfalls","source_row":1501,"taxon_group":"amphibia"},"type":"Feature"},{"geometry":{"coordinates":[76.9869424675351,10.433738682875],"type":"Point"},"id":"roadkill-2011-1502","properties":{"count":2,"date":"2011-11-26","habitat":"forest","recorded_name":"Anura","route":"Waterfalls","source_row":1502,"taxon_group":"amphibia"},"type":"Feature"},{"geometry":{"coordinates":[76.9905462923208,10.4346744048343],"type":"Point"},"id":"roadkill-2011-1503","properties":{"count":1,"date":"2011-11-26","habitat":"forest","recorded_name":"Anura","route":"Waterfalls","source_row":1503,"taxon_group":"amphibia"},"type":"Feature"},{"geometry":{"coordinates":[76.9879757938441,10.4354045091786],"type":"Point"},"id":"roadkill-2011-1504","properties":{"count":4,"date":"2011-11-26","habitat":"forest","recorded_name":"Anura","route":"Waterfalls","source_row":1504,"taxon_group":"amphibia"},"type":"Feature"},{"geometry":{"coordinates":[76.9873446643496,10.4309249846078],"type":"Point"},"id":"roadkill-2011-1505","properties":{"count":1,"date":"2011-11-30","habitat":"forest","recorded_name":"Chilopoda","route":"Waterfalls","source_row":1505,"taxon_group":"chilopoda"},"type":"Feature"},{"geometry":{"coordinates":[76.9852492728371,10.4388925285342],"type":"Point"},"id":"roadkill-2011-1506","properties":{"count":1,"date":"2011-11-30","habitat":"forest","recorded_name":"Chilopoda","route":"Waterfalls","source_row":1506,"taxon_group":"chilopoda"},"type":"Feature"},{"geometry":{"coordinates":[76.9890176285324,10.4326591436713],"type":"Point"},"id":"roadkill-2011-1507","properties":{"count":1,"date":"2011-11-30","habitat":"forest","recorded_name":"Diplopoda","route":"Waterfalls","source_row":1507,"taxon_group":"diplopoda"},"type":"Feature"},{"geometry":{"coordinates":[76.9891738363655,10.43281183776],"type":"Point"},"id":"roadkill-2011-1508","properties":{"count":1,"date":"2011-11-30","habitat":"forest","recorded_name":"Muridae","route":"Waterfalls","source_row":1508,"taxon_group":"mammalia"},"type":"Feature"},{"geometry":{"coordinates":[76.9892629815453,10.4252816213884],"type":"Point"},"id":"roadkill-2011-1509","properties":{"count":1,"date":"2011-11-30","habitat":"forest","recorded_name":"Craspedocephalus","route":"Waterfalls","source_row":1509,"taxon_group":"reptilia"},"type":"Feature"},{"geometry":{"coordinates":[76.9864957215538,10.4338499316239],"type":"Point"},"id":"roadkill-2011-1510","properties":{"count":1,"date":"2011-11-30","habitat":"forest","recorded_name":"Craspedocephalus","route":"Waterfalls","source_row":1510,"taxon_group":"reptilia"},"type":"Feature"},{"geometry":{"coordinates":[76.9873684123905,10.4361043081891],"type":"Point"},"id":"roadkill-2011-1511","properties":{"count":1,"date":"2011-11-30","habitat":"forest","recorded_name":"Squamata","route":"Waterfalls","source_row":1511,"taxon_group":"reptilia"},"type":"Feature"},{"geometry":{"coordinates":[76.9874988625242,10.4307613197173],"type":"Point"},"id":"roadkill-2011-1512","properties":{"count":1,"date":"2011-11-30","habitat":"forest","recorded_name":"Anura","route":"Waterfalls","source_row":1512,"taxon_group":"amphibia"},"type":"Feature"},{"geometry":{"coordinates":[76.9893127007585,10.4331092670412],"type":"Point"},"id":"roadkill-2011-1513","properties":{"count":1,"date":"2011-11-30","habitat":"forest","recorded_name":"Anura","route":"Waterfalls","source_row":1513,"taxon_group":"amphibia"},"type":"Feature"},{"geometry":{"coordinates":[76.9891738363655,10.43281183776],"type":"Point"},"id":"roadkill-2011-1514","properties":{"count":1,"date":"2011-11-30","habitat":"forest","recorded_name":"Anura","route":"Waterfalls","source_row":1514,"taxon_group":"amphibia"},"type":"Feature"},{"geometry":{"coordinates":[76.9878418897941,10.4301354802578],"type":"Point"},"id":"roadkill-2011-1515","properties":{"count":1,"date":"2011-12-13","habitat":"forest","recorded_name":"Muridae","route":"Waterfalls","source_row":1515,"taxon_group":"mammalia"},"type":"Feature"},{"geometry":{"coordinates":[76.9887775361242,10.4264868566773],"type":"Point"},"id":"roadkill-2011-1516","properties":{"count":1,"date":"2011-12-13","habitat":"forest","recorded_name":"Funambulus palmarum","route":"Waterfalls","source_row":1516,"taxon_group":"mammalia"},"type":"Feature"},{"geometry":{"coordinates":[76.9878945540589,10.4298007016939],"type":"Point"},"id":"roadkill-2011-1517","properties":{"count":1,"date":"2011-12-13","habitat":"forest","recorded_name":"Scincidae","route":"Waterfalls","source_row":1517,"taxon_group":"reptilia"},"type":"Feature"},{"geometry":{"coordinates":[76.984921944622,10.4319162788916],"type":"Point"},"id":"roadkill-2011-1518","properties":{"count":1,"date":"2011-12-13","habitat":"forest","recorded_name":"Squamata","route":"Waterfalls","source_row":1518,"taxon_group":"reptilia"},"type":"Feature"},{"geometry":{"coordinates":[76.9871646112474,10.4327701049082],"type":"Point"},"id":"roadkill-2011-1519","properties":{"count":1,"date":"2011-12-16","habitat":"forest","recorded_name":"Chilopoda","route":"Waterfalls","source_row":1519,"taxon_group":"chilopoda"},"type":"Feature"},{"geometry":{"coordinates":[76.9890702347254,10.4351897944011],"type":"Point"},"id":"roadkill-2011-1520","properties":{"count":1,"date":"2011-12-16","habitat":"forest","recorded_name":"Chilopoda","route":"Waterfalls","source_row":1520,"taxon_group":"chilopoda"},"type":"Feature"},{"geometry":{"coordinates":[76.9847188221964,10.4315650105675],"type":"Point"},"id":"roadkill-2011-1521","properties":{"count":1,"date":"2011-12-16","habitat":"forest","recorded_name":"Squamata","route":"Waterfalls","source_row":1521,"taxon_group":"reptilia"},"type":"Feature"},{"geometry":{"coordinates":[76.9888666090289,10.4261337732615],"type":"Point"},"id":"roadkill-2011-1522","properties":{"count":1,"date":"2011-12-16","habitat":"forest","recorded_name":"Squamata","route":"Waterfalls","source_row":1522,"taxon_group":"reptilia"},"type":"Feature"},{"geometry":{"coordinates":[76.9868083880394,10.4313170056894],"type":"Point"},"id":"roadkill-2011-1523","properties":{"count":1,"date":"2011-12-16","habitat":"forest","recorded_name":"Diplopoda","route":"Waterfalls","source_row":1523,"taxon_group":"diplopoda"},"type":"Feature"},{"geometry":{"coordinates":[76.9879122426799,10.4297101995117],"type":"Point"},"id":"roadkill-2011-1524","properties":{"count":1,"date":"2011-12-16","habitat":"forest","recorded_name":"Squamata","route":"Waterfalls","source_row":1524,"taxon_group":"reptilia"},"type":"Feature"},{"geometry":{"coordinates":[76.986673472171,10.4330804926034],"type":"Point"},"id":"roadkill-2011-1525","properties":{"count":1,"date":"2011-12-16","habitat":"forest","recorded_name":"Squamata","route":"Waterfalls","source_row":1525,"taxon_group":"reptilia"},"type":"Feature"},{"geometry":{"coordinates":[76.9892348286324,10.4352249263074],"type":"Point"},"id":"roadkill-2011-1526","properties":{"count":1,"date":"2011-12-16","habitat":"forest","recorded_name":"Squamata","route":"Waterfalls","source_row":1526,"taxon_group":"reptilia"},"type":"Feature"},{"geometry":{"coordinates":[76.9902286440641,10.4335464837231],"type":"Point"},"id":"roadkill-2011-1527","properties":{"count":1,"date":"2011-12-16","habitat":"forest","recorded_name":"Uropeltidae","route":"Waterfalls","source_row":1527,"taxon_group":"reptilia"},"type":"Feature"},{"geometry":{"coordinates":[76.9871646112474,10.4327701049082],"type":"Point"},"id":"roadkill-2011-1528","properties":{"count":1,"date":"2011-12-16","habitat":"forest","recorded_name":"Squamata","route":"Waterfalls","source_row":1528,"taxon_group":"reptilia"},"type":"Feature"},{"geometry":{"coordinates":[76.988831519284,10.426359971873],"type":"Point"},"id":"roadkill-2011-1529","properties":{"count":1,"date":"2011-12-16","habitat":"forest","recorded_name":"Anura","route":"Waterfalls","source_row":1529,"taxon_group":"amphibia"},"type":"Feature"},{"geometry":{"coordinates":[76.9870540711222,10.4311798897882],"type":"Point"},"id":"roadkill-2011-1530","properties":{"count":1,"date":"2011-12-16","habitat":"forest","recorded_name":"Anura","route":"Waterfalls","source_row":1530,"taxon_group":"amphibia"},"type":"Feature"},{"geometry":{"coordinates":[76.9901844242174,10.4337727392401],"type":"Point"},"id":"roadkill-2011-1531","properties":{"count":1,"date":"2011-12-16","habitat":"forest","recorded_name":"Anura","route":"Waterfalls","source_row":1531,"taxon_group":"amphibia"},"type":"Feature"},{"geometry":{"coordinates":[76.935111158219,10.2805928926594],"type":"Point"},"id":"roadkill-2011-1532","properties":{"count":1,"date":"2011-06-16","habitat":"tea","recorded_name":"Annelida","route":"Nallamudi","source_row":1532,"taxon_group":"annelida"},"type":"Feature"},{"geometry":{"coordinates":[76.9337728178805,10.2751500237423],"type":"Point"},"id":"roadkill-2011-1533","properties":{"count":1,"date":"2011-06-16","habitat":"tea","recorded_name":"Annelida","route":"Nallamudi","source_row":1533,"taxon_group":"annelida"},"type":"Feature"},{"geometry":{"coordinates":[76.9342990022546,10.2701208858945],"type":"Point"},"id":"roadkill-2011-1534","properties":{"count":1,"date":"2011-06-16","habitat":"tea","recorded_name":"Annelida","route":"Nallamudi","source_row":1534,"taxon_group":"annelida"},"type":"Feature"},{"geometry":{"coordinates":[76.9348917009505,10.2685263873322],"type":"Point"},"id":"roadkill-2011-1535","properties":{"count":1,"date":"2011-06-16","habitat":"tea","recorded_name":"Annelida","route":"Nallamudi","source_row":1535,"taxon_group":"annelida"},"type":"Feature"},{"geometry":{"coordinates":[76.9348293380151,10.2597674180387],"type":"Point"},"id":"roadkill-2011-1536","properties":{"count":1,"date":"2011-06-16","habitat":"tea","recorded_name":"Annelida","route":"Nallamudi","source_row":1536,"taxon_group":"annelida"},"type":"Feature"},{"geometry":{"coordinates":[76.9457560119916,10.2973426193769],"type":"Point"},"id":"roadkill-2011-1537","properties":{"count":1,"date":"2011-06-16","habitat":"tea","recorded_name":"Anura","route":"Nallamudi","source_row":1537,"taxon_group":"amphibia"},"type":"Feature"},{"geometry":{"coordinates":[76.9421456498188,10.2876016338561],"type":"Point"},"id":"roadkill-2011-1538","properties":{"count":1,"date":"2011-06-16","habitat":"tea","recorded_name":"Anura","route":"Nallamudi","source_row":1538,"taxon_group":"amphibia"},"type":"Feature"},{"geometry":{"coordinates":[76.9387715931767,10.2866275031361],"type":"Point"},"id":"roadkill-2011-1539","properties":{"count":1,"date":"2011-06-16","habitat":"tea","recorded_name":"Anura","route":"Nallamudi","source_row":1539,"taxon_group":"amphibia"},"type":"Feature"},{"geometry":{"coordinates":[76.9350925655906,10.2790381995753],"type":"Point"},"id":"roadkill-2011-1540","properties":{"count":1,"date":"2011-06-16","habitat":"tea","recorded_name":"Anura","route":"Nallamudi","source_row":1540,"taxon_group":"amphibia"},"type":"Feature"},{"geometry":{"coordinates":[76.9337640324658,10.2571794065884],"type":"Point"},"id":"roadkill-2011-1541","properties":{"count":1,"date":"2011-06-16","habitat":"tea","recorded_name":"Anura","route":"Nallamudi","source_row":1541,"taxon_group":"amphibia"},"type":"Feature"},{"geometry":{"coordinates":[76.9364722829841,10.2657870095779],"type":"Point"},"id":"roadkill-2011-1542","properties":{"count":1,"date":"2011-06-16","habitat":"tea","recorded_name":"Anura","route":"Nallamudi","source_row":1542,"taxon_group":"amphibia"},"type":"Feature"},{"geometry":{"coordinates":[76.9485715513183,10.3188034714239],"type":"Point"},"id":"roadkill-2011-1543","properties":{"count":1,"date":"2011-06-16","habitat":"tea","recorded_name":"Anura","route":"Nallamudi","source_row":1543,"taxon_group":"amphibia"},"type":"Feature"},{"geometry":{"coordinates":[76.9350684308899,10.2795716776734],"type":"Point"},"id":"roadkill-2011-1544","properties":{"count":1,"date":"2011-06-16","habitat":"tea","recorded_name":"Anura","route":"Nallamudi","source_row":1544,"taxon_group":"amphibia"},"type":"Feature"},{"geometry":{"coordinates":[76.9350185031602,10.2788668901567],"type":"Point"},"id":"roadkill-2011-1545","properties":{"count":1,"date":"2011-06-16","habitat":"tea","recorded_name":"Anura","route":"Nallamudi","source_row":1545,"taxon_group":"amphibia"},"type":"Feature"},{"geometry":{"coordinates":[76.9345112860233,10.2780111597304],"type":"Point"},"id":"roadkill-2011-1546","properties":{"count":1,"date":"2011-06-16","habitat":"tea","recorded_name":"Anura","route":"Nallamudi","source_row":1546,"taxon_group":"amphibia"},"type":"Feature"},{"geometry":{"coordinates":[76.933723827611,10.2760994705655],"type":"Point"},"id":"roadkill-2011-1547","properties":{"count":1,"date":"2011-06-16","habitat":"tea","recorded_name":"Anura","route":"Nallamudi","source_row":1547,"taxon_group":"amphibia"},"type":"Feature"},{"geometry":{"coordinates":[76.9342183921479,10.2748761787487],"type":"Point"},"id":"roadkill-2011-1548","properties":{"count":1,"date":"2011-06-16","habitat":"tea","recorded_name":"Anura","route":"Nallamudi","source_row":1548,"taxon_group":"amphibia"},"type":"Feature"},{"geometry":{"coordinates":[76.93435232899,10.2728866752623],"type":"Point"},"id":"roadkill-2011-1549","properties":{"count":1,"date":"2011-06-16","habitat":"tea","recorded_name":"Anura","route":"Nallamudi","source_row":1549,"taxon_group":"amphibia"},"type":"Feature"},{"geometry":{"coordinates":[76.9339911018371,10.2720210313423],"type":"Point"},"id":"roadkill-2011-1550","properties":{"count":1,"date":"2011-06-16","habitat":"tea","recorded_name":"Anura","route":"Nallamudi","source_row":1550,"taxon_group":"amphibia"},"type":"Feature"},{"geometry":{"coordinates":[76.9368866672628,10.2648896202006],"type":"Point"},"id":"roadkill-2011-1551","properties":{"count":1,"date":"2011-06-16","habitat":"tea","recorded_name":"Anura","route":"Nallamudi","source_row":1551,"taxon_group":"amphibia"},"type":"Feature"},{"geometry":{"coordinates":[76.9478229930572,10.3173164744521],"type":"Point"},"id":"roadkill-2011-1552","properties":{"count":1,"date":"2011-06-16","habitat":"tea","recorded_name":"Anura","route":"Nallamudi","source_row":1552,"taxon_group":"amphibia"},"type":"Feature"},{"geometry":{"coordinates":[76.9477395609611,10.3171090697121],"type":"Point"},"id":"roadkill-2011-1553","properties":{"count":1,"date":"2011-06-16","habitat":"tea","recorded_name":"Anura","route":"Nallamudi","source_row":1553,"taxon_group":"amphibia"},"type":"Feature"},{"geometry":{"coordinates":[76.9474054025522,10.3147246624952],"type":"Point"},"id":"roadkill-2011-1554","properties":{"count":1,"date":"2011-06-16","habitat":"tea","recorded_name":"Anura","route":"Nallamudi","source_row":1554,"taxon_group":"amphibia"},"type":"Feature"},{"geometry":{"coordinates":[76.9472071561763,10.3136591989076],"type":"Point"},"id":"roadkill-2011-1555","properties":{"count":1,"date":"2011-06-16","habitat":"tea","recorded_name":"Anura","route":"Nallamudi","source_row":1555,"taxon_group":"amphibia"},"type":"Feature"},{"geometry":{"coordinates":[76.94623409602,10.3053396942662],"type":"Point"},"id":"roadkill-2011-1556","properties":{"count":1,"date":"2011-06-16","habitat":"tea","recorded_name":"Anura","route":"Nallamudi","source_row":1556,"taxon_group":"amphibia"},"type":"Feature"},{"geometry":{"coordinates":[76.9454132387184,10.2890735379586],"type":"Point"},"id":"roadkill-2011-1557","properties":{"count":1,"date":"2011-06-17","habitat":"tea","recorded_name":"Anura","route":"Nallamudi","source_row":1557,"taxon_group":"amphibia"},"type":"Feature"},{"geometry":{"coordinates":[76.9387624106859,10.2866185185702],"type":"Point"},"id":"roadkill-2011-1558","properties":{"count":1,"date":"2011-06-17","habitat":"tea","recorded_name":"Anura","route":"Nallamudi","source_row":1558,"taxon_group":"amphibia"},"type":"Feature"},{"geometry":{"coordinates":[76.9347213864122,10.2810381585379],"type":"Point"},"id":"roadkill-2011-1559","properties":{"count":1,"date":"2011-06-17","habitat":"tea","recorded_name":"Anura","route":"Nallamudi","source_row":1559,"taxon_group":"amphibia"},"type":"Feature"},{"geometry":{"coordinates":[76.9451827175634,10.2946522957108],"type":"Point"},"id":"roadkill-2011-1560","properties":{"count":1,"date":"2011-06-17","habitat":"tea","recorded_name":"Diplopoda","route":"Nallamudi","source_row":1560,"taxon_group":"diplopoda"},"type":"Feature"},{"geometry":{"coordinates":[76.945391172914,10.2899414627459],"type":"Point"},"id":"roadkill-2011-1561","properties":{"count":1,"date":"2011-06-17","habitat":"tea","recorded_name":"Diplopoda","route":"Nallamudi","source_row":1561,"taxon_group":"diplopoda"},"type":"Feature"},{"geometry":{"coordinates":[76.9454630842942,10.2897602406019],"type":"Point"},"id":"roadkill-2011-1562","properties":{"count":1,"date":"2011-06-17","habitat":"tea","recorded_name":"Diplopoda","route":"Nallamudi","source_row":1562,"taxon_group":"diplopoda"},"type":"Feature"},{"geometry":{"coordinates":[76.9455346953393,10.2984648479854],"type":"Point"},"id":"roadkill-2011-1563","properties":{"count":1,"date":"2011-06-17","habitat":"tea","recorded_name":"Diplopoda","route":"Nallamudi","source_row":1563,"taxon_group":"diplopoda"},"type":"Feature"},{"geometry":{"coordinates":[76.9450993653383,10.288496895433],"type":"Point"},"id":"roadkill-2011-1564","properties":{"count":1,"date":"2011-06-17","habitat":"tea","recorded_name":"Diplopoda","route":"Nallamudi","source_row":1564,"taxon_group":"diplopoda"},"type":"Feature"},{"geometry":{"coordinates":[76.9474542663889,10.315248657688],"type":"Point"},"id":"roadkill-2011-1565","properties":{"count":1,"date":"2011-06-17","habitat":"tea","recorded_name":"Gastropoda","route":"Nallamudi","source_row":1565,"taxon_group":"mollusca"},"type":"Feature"},{"geometry":{"coordinates":[76.9350925655906,10.2790381995753],"type":"Point"},"id":"roadkill-2011-1566","properties":{"count":1,"date":"2011-06-17","habitat":"tea","recorded_name":"Gastropoda","route":"Nallamudi","source_row":1566,"taxon_group":"mollusca"},"type":"Feature"},{"geometry":{"coordinates":[76.9348798908182,10.2785874913554],"type":"Point"},"id":"roadkill-2011-1567","properties":{"count":1,"date":"2011-06-17","habitat":"tea","recorded_name":"Gastropoda","route":"Nallamudi","source_row":1567,"taxon_group":"mollusca"},"type":"Feature"},{"geometry":{"coordinates":[76.9345389423337,10.2780561924728],"type":"Point"},"id":"roadkill-2011-1568","properties":{"count":1,"date":"2011-06-17","habitat":"tea","recorded_name":"Gastropoda","route":"Nallamudi","source_row":1568,"taxon_group":"mollusca"},"type":"Feature"},{"geometry":{"coordinates":[76.9339268217037,10.2764598422817],"type":"Point"},"id":"roadkill-2011-1569","properties":{"count":1,"date":"2011-06-17","habitat":"tea","recorded_name":"Gastropoda","route":"Nallamudi","source_row":1569,"taxon_group":"mollusca"},"type":"Feature"},{"geometry":{"coordinates":[76.9337978335001,10.2762617413137],"type":"Point"},"id":"roadkill-2011-1570","properties":{"count":1,"date":"2011-06-17","habitat":"tea","recorded_name":"Gastropoda","route":"Nallamudi","source_row":1570,"taxon_group":"mollusca"},"type":"Feature"},{"geometry":{"coordinates":[76.9340827653476,10.2690826249341],"type":"Point"},"id":"roadkill-2011-1571","properties":{"count":1,"date":"2011-06-17","habitat":"tea","recorded_name":"Gastropoda","route":"Nallamudi","source_row":1571,"taxon_group":"mollusca"},"type":"Feature"},{"geometry":{"coordinates":[76.9456662327031,10.2975872257205],"type":"Point"},"id":"roadkill-2011-1572","properties":{"count":1,"date":"2011-06-17","habitat":"tea","recorded_name":"Gastropoda","route":"Nallamudi","source_row":1572,"taxon_group":"mollusca"},"type":"Feature"},{"geometry":{"coordinates":[76.9461134095748,10.2960839799571],"type":"Point"},"id":"roadkill-2011-1573","properties":{"count":1,"date":"2011-06-17","habitat":"tea","recorded_name":"Gastropoda","route":"Nallamudi","source_row":1573,"taxon_group":"mollusca"},"type":"Feature"},{"geometry":{"coordinates":[76.9441844732519,10.2881498491665],"type":"Point"},"id":"roadkill-2011-1574","properties":{"count":1,"date":"2011-06-17","habitat":"tea","recorded_name":"Gastropoda","route":"Nallamudi","source_row":1574,"taxon_group":"mollusca"},"type":"Feature"},{"geometry":{"coordinates":[76.9344851801703,10.2812203600416],"type":"Point"},"id":"roadkill-2011-1575","properties":{"count":1,"date":"2011-06-17","habitat":"tea","recorded_name":"Gastropoda","route":"Nallamudi","source_row":1575,"taxon_group":"mollusca"},"type":"Feature"},{"geometry":{"coordinates":[76.9344941422892,10.2811931878517],"type":"Point"},"id":"roadkill-2011-1576","properties":{"count":1,"date":"2011-06-17","habitat":"tea","recorded_name":"Gastropoda","route":"Nallamudi","source_row":1576,"taxon_group":"mollusca"},"type":"Feature"},{"geometry":{"coordinates":[76.9348938122249,10.2808744168872],"type":"Point"},"id":"roadkill-2011-1577","properties":{"count":1,"date":"2011-06-17","habitat":"tea","recorded_name":"Gastropoda","route":"Nallamudi","source_row":1577,"taxon_group":"mollusca"},"type":"Feature"},{"geometry":{"coordinates":[76.9348846850514,10.2808744713886],"type":"Point"},"id":"roadkill-2011-1578","properties":{"count":1,"date":"2011-06-17","habitat":"tea","recorded_name":"Gastropoda","route":"Nallamudi","source_row":1578,"taxon_group":"mollusca"},"type":"Feature"},{"geometry":{"coordinates":[76.9350296741521,10.2807018539655],"type":"Point"},"id":"roadkill-2011-1579","properties":{"count":1,"date":"2011-06-17","habitat":"tea","recorded_name":"Gastropoda","route":"Nallamudi","source_row":1579,"taxon_group":"mollusca"},"type":"Feature"},{"geometry":{"coordinates":[76.9350087707833,10.2787675131079],"type":"Point"},"id":"roadkill-2011-1580","properties":{"count":1,"date":"2011-06-17","habitat":"tea","recorded_name":"Gastropoda","route":"Nallamudi","source_row":1580,"taxon_group":"mollusca"},"type":"Feature"},{"geometry":{"coordinates":[76.9457512633545,10.3084702647283],"type":"Point"},"id":"roadkill-2011-1581","properties":{"count":1,"date":"2011-06-17","habitat":"tea","recorded_name":"Squamata","route":"Nallamudi","source_row":1581,"taxon_group":"reptilia"},"type":"Feature"},{"geometry":{"coordinates":[76.9489271585275,10.3202205219194],"type":"Point"},"id":"roadkill-2011-1582","properties":{"count":1,"date":"2011-06-17","habitat":"tea","recorded_name":"Anura","route":"Nallamudi","source_row":1582,"taxon_group":"amphibia"},"type":"Feature"},{"geometry":{"coordinates":[76.9455974800388,10.2982836804549],"type":"Point"},"id":"roadkill-2011-1583","properties":{"count":1,"date":"2011-06-17","habitat":"tea","recorded_name":"Anura","route":"Nallamudi","source_row":1583,"taxon_group":"amphibia"},"type":"Feature"},{"geometry":{"coordinates":[76.9461981396393,10.3054303056256],"type":"Point"},"id":"roadkill-2011-1584","properties":{"count":1,"date":"2011-06-17","habitat":"tea","recorded_name":"Animalia","route":"Nallamudi","source_row":1584,"taxon_group":"ui"},"type":"Feature"},{"geometry":{"coordinates":[76.9467946922223,10.3044685281708],"type":"Point"},"id":"roadkill-2011-1585","properties":{"count":1,"date":"2011-06-17","habitat":"tea","recorded_name":"Aves","route":"Nallamudi","source_row":1585,"taxon_group":"aves"},"type":"Feature"},{"geometry":{"coordinates":[76.9341432367026,10.2715229478133],"type":"Point"},"id":"roadkill-2011-1586","properties":{"count":1,"date":"2011-07-05","habitat":"tea","recorded_name":"Annelida","route":"Nallamudi","source_row":1586,"taxon_group":"annelida"},"type":"Feature"},{"geometry":{"coordinates":[76.9387899029859,10.2866364330603],"type":"Point"},"id":"roadkill-2011-1587","properties":{"count":1,"date":"2011-07-05","habitat":"tea","recorded_name":"Anura","route":"Nallamudi","source_row":1587,"taxon_group":"amphibia"},"type":"Feature"},{"geometry":{"coordinates":[76.945769412055,10.3114260687541],"type":"Point"},"id":"roadkill-2011-1588","properties":{"count":1,"date":"2011-07-05","habitat":"tea","recorded_name":"Anura","route":"Nallamudi","source_row":1588,"taxon_group":"amphibia"},"type":"Feature"},{"geometry":{"coordinates":[76.9350274652018,10.2788397179688],"type":"Point"},"id":"roadkill-2011-1589","properties":{"count":1,"date":"2011-07-05","habitat":"tea","recorded_name":"Anura","route":"Nallamudi","source_row":1589,"taxon_group":"amphibia"},"type":"Feature"},{"geometry":{"coordinates":[76.9349991484637,10.2786862145197],"type":"Point"},"id":"roadkill-2011-1590","properties":{"count":1,"date":"2011-07-05","habitat":"tea","recorded_name":"Anura","route":"Nallamudi","source_row":1590,"taxon_group":"amphibia"},"type":"Feature"},{"geometry":{"coordinates":[76.9345595068529,10.2784357313442],"type":"Point"},"id":"roadkill-2011-1591","properties":{"count":1,"date":"2011-07-05","habitat":"tea","recorded_name":"Anura","route":"Nallamudi","source_row":1591,"taxon_group":"amphibia"},"type":"Feature"},{"geometry":{"coordinates":[76.9340044018179,10.2772096633937],"type":"Point"},"id":"roadkill-2011-1592","properties":{"count":1,"date":"2011-07-05","habitat":"tea","recorded_name":"Anura","route":"Nallamudi","source_row":1592,"taxon_group":"amphibia"},"type":"Feature"},{"geometry":{"coordinates":[76.9339833434552,10.2767487711841],"type":"Point"},"id":"roadkill-2011-1593","properties":{"count":1,"date":"2011-07-05","habitat":"tea","recorded_name":"Anura","route":"Nallamudi","source_row":1593,"taxon_group":"amphibia"},"type":"Feature"},{"geometry":{"coordinates":[76.9336742346083,10.2754489174972],"type":"Point"},"id":"roadkill-2011-1594","properties":{"count":1,"date":"2011-07-05","habitat":"tea","recorded_name":"Anura","route":"Nallamudi","source_row":1594,"taxon_group":"amphibia"},"type":"Feature"},{"geometry":{"coordinates":[76.9341432367026,10.2715229478133],"type":"Point"},"id":"roadkill-2011-1595","properties":{"count":1,"date":"2011-07-05","habitat":"tea","recorded_name":"Anura","route":"Nallamudi","source_row":1595,"taxon_group":"amphibia"},"type":"Feature"},{"geometry":{"coordinates":[76.9354457620635,10.2605773049254],"type":"Point"},"id":"roadkill-2011-1596","properties":{"count":1,"date":"2011-07-05","habitat":"tea","recorded_name":"Anura","route":"Nallamudi","source_row":1596,"taxon_group":"amphibia"},"type":"Feature"},{"geometry":{"coordinates":[76.9462791801965,10.3052490279556],"type":"Point"},"id":"roadkill-2011-1597","properties":{"count":1,"date":"2011-07-05","habitat":"tea","recorded_name":"Anura","route":"Nallamudi","source_row":1597,"taxon_group":"amphibia"},"type":"Feature"},{"geometry":{"coordinates":[76.9454807610598,10.2986007648025],"type":"Point"},"id":"roadkill-2011-1598","properties":{"count":1,"date":"2011-07-05","habitat":"tea","recorded_name":"Anura","route":"Nallamudi","source_row":1598,"taxon_group":"amphibia"},"type":"Feature"},{"geometry":{"coordinates":[76.9455255122874,10.2984558637154],"type":"Point"},"id":"roadkill-2011-1599","properties":{"count":1,"date":"2011-07-05","habitat":"tea","recorded_name":"Anura","route":"Nallamudi","source_row":1599,"taxon_group":"amphibia"},"type":"Feature"},{"geometry":{"coordinates":[76.9455527842869,10.2984376207065],"type":"Point"},"id":"roadkill-2011-1600","properties":{"count":1,"date":"2011-07-05","habitat":"tea","recorded_name":"Anura","route":"Nallamudi","source_row":1600,"taxon_group":"amphibia"},"type":"Feature"},{"geometry":{"coordinates":[76.9456686716706,10.2979849489066],"type":"Point"},"id":"roadkill-2011-1601","properties":{"count":1,"date":"2011-07-05","habitat":"tea","recorded_name":"Anura","route":"Nallamudi","source_row":1601,"taxon_group":"amphibia"},"type":"Feature"},{"geometry":{"coordinates":[76.9452763491252,10.292057396152],"type":"Point"},"id":"roadkill-2011-1602","properties":{"count":1,"date":"2011-07-05","habitat":"tea","recorded_name":"Anura","route":"Nallamudi","source_row":1602,"taxon_group":"amphibia"},"type":"Feature"},{"geometry":{"coordinates":[76.9416971397052,10.287396414482],"type":"Point"},"id":"roadkill-2011-1603","properties":{"count":1,"date":"2011-07-06","habitat":"tea","recorded_name":"Anura","route":"Nallamudi","source_row":1603,"taxon_group":"amphibia"},"type":"Feature"},{"geometry":{"coordinates":[76.9351742778366,10.2804659618988],"type":"Point"},"id":"roadkill-2011-1604","properties":{"count":1,"date":"2011-07-06","habitat":"tea","recorded_name":"Anura","route":"Nallamudi","source_row":1604,"taxon_group":"amphibia"},"type":"Feature"},{"geometry":{"coordinates":[76.9499606524731,10.3205397020737],"type":"Point"},"id":"roadkill-2011-1605","properties":{"count":1,"date":"2011-07-06","habitat":"tea","recorded_name":"Gymnophiona","route":"Nallamudi","source_row":1605,"taxon_group":"amphibia"},"type":"Feature"},{"geometry":{"coordinates":[76.9457046804766,10.3083168738159],"type":"Point"},"id":"roadkill-2011-1606","properties":{"count":1,"date":"2011-07-06","habitat":"tea","recorded_name":"Gymnophiona","route":"Nallamudi","source_row":1606,"taxon_group":"amphibia"},"type":"Feature"},{"geometry":{"coordinates":[76.9466345809379,10.3036649777126],"type":"Point"},"id":"roadkill-2011-1607","properties":{"count":1,"date":"2011-07-06","habitat":"tea","recorded_name":"Gymnophiona","route":"Nallamudi","source_row":1607,"taxon_group":"amphibia"},"type":"Feature"},{"geometry":{"coordinates":[76.9455527842869,10.2984376207065],"type":"Point"},"id":"roadkill-2011-1608","properties":{"count":1,"date":"2011-07-06","habitat":"tea","recorded_name":"Chilopoda","route":"Nallamudi","source_row":1608,"taxon_group":"chilopoda"},"type":"Feature"},{"geometry":{"coordinates":[76.9466912897948,10.3039810183997],"type":"Point"},"id":"roadkill-2011-1609","properties":{"count":1,"date":"2011-07-06","habitat":"tea","recorded_name":"Gastropoda","route":"Nallamudi","source_row":1609,"taxon_group":"mollusca"},"type":"Feature"},{"geometry":{"coordinates":[76.9345580766378,10.2782007112629],"type":"Point"},"id":"roadkill-2011-1610","properties":{"count":1,"date":"2011-07-06","habitat":"tea","recorded_name":"Gastropoda","route":"Nallamudi","source_row":1610,"taxon_group":"mollusca"},"type":"Feature"},{"geometry":{"coordinates":[76.9424379453981,10.2876360387547],"type":"Point"},"id":"roadkill-2011-1611","properties":{"count":1,"date":"2011-07-06","habitat":"tea","recorded_name":"Gastropoda","route":"Nallamudi","source_row":1611,"taxon_group":"mollusca"},"type":"Feature"},{"geometry":{"coordinates":[76.937614823947,10.2855316018486],"type":"Point"},"id":"roadkill-2011-1612","properties":{"count":1,"date":"2011-07-06","habitat":"tea","recorded_name":"Gastropoda","route":"Nallamudi","source_row":1612,"taxon_group":"mollusca"},"type":"Feature"},{"geometry":{"coordinates":[76.9345041571655,10.2828383281047],"type":"Point"},"id":"roadkill-2011-1613","properties":{"count":1,"date":"2011-07-06","habitat":"tea","recorded_name":"Gastropoda","route":"Nallamudi","source_row":1613,"taxon_group":"mollusca"},"type":"Feature"},{"geometry":{"coordinates":[76.9344851801703,10.2812203600416],"type":"Point"},"id":"roadkill-2011-1614","properties":{"count":1,"date":"2011-07-06","habitat":"tea","recorded_name":"Gastropoda","route":"Nallamudi","source_row":1614,"taxon_group":"mollusca"},"type":"Feature"},{"geometry":{"coordinates":[76.9345124516813,10.2812021180998],"type":"Point"},"id":"roadkill-2011-1615","properties":{"count":1,"date":"2011-07-06","habitat":"tea","recorded_name":"Gastropoda","route":"Nallamudi","source_row":1615,"taxon_group":"mollusca"},"type":"Feature"},{"geometry":{"coordinates":[76.9346306098478,10.2811200565882],"type":"Point"},"id":"roadkill-2011-1616","properties":{"count":1,"date":"2011-07-06","habitat":"tea","recorded_name":"Gastropoda","route":"Nallamudi","source_row":1616,"taxon_group":"mollusca"},"type":"Feature"},{"geometry":{"coordinates":[76.9350857496551,10.2794179017566],"type":"Point"},"id":"roadkill-2011-1617","properties":{"count":1,"date":"2011-07-06","habitat":"tea","recorded_name":"Gastropoda","route":"Nallamudi","source_row":1617,"taxon_group":"mollusca"},"type":"Feature"},{"geometry":{"coordinates":[76.9346330738057,10.2785256878354],"type":"Point"},"id":"roadkill-2011-1618","properties":{"count":1,"date":"2011-07-06","habitat":"tea","recorded_name":"Gastropoda","route":"Nallamudi","source_row":1618,"taxon_group":"mollusca"},"type":"Feature"},{"geometry":{"coordinates":[76.9368611542438,10.2636965508781],"type":"Point"},"id":"roadkill-2011-1619","properties":{"count":1,"date":"2011-07-06","habitat":"tea","recorded_name":"Uropeltidae","route":"Nallamudi","source_row":1619,"taxon_group":"reptilia"},"type":"Feature"},{"geometry":{"coordinates":[76.9336758286858,10.2757110554617],"type":"Point"},"id":"roadkill-2011-1620","properties":{"count":1,"date":"2011-08-13","habitat":"tea","recorded_name":"Orthoptera","route":"Nallamudi","source_row":1620,"taxon_group":"insecta"},"type":"Feature"},{"geometry":{"coordinates":[76.9349038882462,10.2600200817017],"type":"Point"},"id":"roadkill-2011-1621","properties":{"count":1,"date":"2011-08-13","habitat":"tea","recorded_name":"Annelida","route":"Nallamudi","source_row":1621,"taxon_group":"annelida"},"type":"Feature"},{"geometry":{"coordinates":[76.9466438196851,10.3036830010697],"type":"Point"},"id":"roadkill-2011-1622","properties":{"count":1,"date":"2011-08-13","habitat":"tea","recorded_name":"Anura","route":"Nallamudi","source_row":1622,"taxon_group":"amphibia"},"type":"Feature"},{"geometry":{"coordinates":[76.9456599320889,10.2980482779442],"type":"Point"},"id":"roadkill-2011-1623","properties":{"count":1,"date":"2011-08-13","habitat":"tea","recorded_name":"Diplopoda","route":"Nallamudi","source_row":1623,"taxon_group":"diplopoda"},"type":"Feature"},{"geometry":{"coordinates":[76.9453488588482,10.290484087123],"type":"Point"},"id":"roadkill-2011-1624","properties":{"count":1,"date":"2011-08-13","habitat":"tea","recorded_name":"Diplopoda","route":"Nallamudi","source_row":1624,"taxon_group":"diplopoda"},"type":"Feature"},{"geometry":{"coordinates":[76.9454072678633,10.2895888254575],"type":"Point"},"id":"roadkill-2011-1625","properties":{"count":1,"date":"2011-08-13","habitat":"tea","recorded_name":"Diplopoda","route":"Nallamudi","source_row":1625,"taxon_group":"diplopoda"},"type":"Feature"},{"geometry":{"coordinates":[76.9411549814077,10.2868030561755],"type":"Point"},"id":"roadkill-2011-1626","properties":{"count":1,"date":"2011-08-13","habitat":"tea","recorded_name":"Diplopoda","route":"Nallamudi","source_row":1626,"taxon_group":"diplopoda"},"type":"Feature"},{"geometry":{"coordinates":[76.9459535263183,10.3116780656424],"type":"Point"},"id":"roadkill-2011-1627","properties":{"count":1,"date":"2011-08-13","habitat":"tea","recorded_name":"Uropeltidae","route":"Nallamudi","source_row":1627,"taxon_group":"reptilia"},"type":"Feature"},{"geometry":{"coordinates":[76.946323515646,10.3035493369063],"type":"Point"},"id":"roadkill-2011-1628","properties":{"count":1,"date":"2011-08-13","habitat":"tea","recorded_name":"Uropeltidae","route":"Nallamudi","source_row":1628,"taxon_group":"reptilia"},"type":"Feature"},{"geometry":{"coordinates":[76.936330831817,10.2845268509823],"type":"Point"},"id":"roadkill-2011-1629","properties":{"count":1,"date":"2011-08-13","habitat":"tea","recorded_name":"Uropeltidae","route":"Nallamudi","source_row":1629,"taxon_group":"reptilia"},"type":"Feature"},{"geometry":{"coordinates":[76.9353448202551,10.2604875110316],"type":"Point"},"id":"roadkill-2011-1630","properties":{"count":1,"date":"2011-08-13","habitat":"tea","recorded_name":"Uropeltidae","route":"Nallamudi","source_row":1630,"taxon_group":"reptilia"},"type":"Feature"},{"geometry":{"coordinates":[76.9411734569987,10.2868391035315],"type":"Point"},"id":"roadkill-2011-1631","properties":{"count":1,"date":"2011-08-13","habitat":"tea","recorded_name":"Gastropoda","route":"Nallamudi","source_row":1631,"taxon_group":"mollusca"},"type":"Feature"},{"geometry":{"coordinates":[76.9473774070151,10.3146253969997],"type":"Point"},"id":"roadkill-2011-1632","properties":{"count":1,"date":"2011-08-13","habitat":"tea","recorded_name":"Gastropoda","route":"Nallamudi","source_row":1632,"taxon_group":"mollusca"},"type":"Feature"},{"geometry":{"coordinates":[76.9351830197336,10.2804026327858],"type":"Point"},"id":"roadkill-2011-1633","properties":{"count":1,"date":"2011-08-13","habitat":"tea","recorded_name":"Gastropoda","route":"Nallamudi","source_row":1633,"taxon_group":"mollusca"},"type":"Feature"},{"geometry":{"coordinates":[76.9339672886888,10.277110449606],"type":"Point"},"id":"roadkill-2011-1634","properties":{"count":1,"date":"2011-08-13","habitat":"tea","recorded_name":"Gastropoda","route":"Nallamudi","source_row":1634,"taxon_group":"mollusca"},"type":"Feature"},{"geometry":{"coordinates":[76.9342235607219,10.2742252991775],"type":"Point"},"id":"roadkill-2011-1635","properties":{"count":1,"date":"2011-08-13","habitat":"tea","recorded_name":"Gastropoda","route":"Nallamudi","source_row":1635,"taxon_group":"mollusca"},"type":"Feature"},{"geometry":{"coordinates":[76.9345095212721,10.2732202014424],"type":"Point"},"id":"roadkill-2011-1636","properties":{"count":1,"date":"2011-08-13","habitat":"tea","recorded_name":"Gastropoda","route":"Nallamudi","source_row":1636,"taxon_group":"mollusca"},"type":"Feature"},{"geometry":{"coordinates":[76.9339641057639,10.2720844693143],"type":"Point"},"id":"roadkill-2011-1637","properties":{"count":1,"date":"2011-08-13","habitat":"tea","recorded_name":"Gastropoda","route":"Nallamudi","source_row":1637,"taxon_group":"mollusca"},"type":"Feature"},{"geometry":{"coordinates":[76.9457600620276,10.3113899671018],"type":"Point"},"id":"roadkill-2011-1638","properties":{"count":1,"date":"2011-08-13","habitat":"tea","recorded_name":"Gastropoda","route":"Nallamudi","source_row":1638,"taxon_group":"mollusca"},"type":"Feature"},{"geometry":{"coordinates":[76.9464167371587,10.3068391498499],"type":"Point"},"id":"roadkill-2011-1639","properties":{"count":1,"date":"2011-08-13","habitat":"tea","recorded_name":"Gastropoda","route":"Nallamudi","source_row":1639,"taxon_group":"mollusca"},"type":"Feature"},{"geometry":{"coordinates":[76.9467676418573,10.3045229279746],"type":"Point"},"id":"roadkill-2011-1640","properties":{"count":1,"date":"2011-08-13","habitat":"tea","recorded_name":"Gastropoda","route":"Nallamudi","source_row":1640,"taxon_group":"mollusca"},"type":"Feature"},{"geometry":{"coordinates":[76.9456597103601,10.2980121212913],"type":"Point"},"id":"roadkill-2011-1641","properties":{"count":1,"date":"2011-08-13","habitat":"tea","recorded_name":"Gastropoda","route":"Nallamudi","source_row":1641,"taxon_group":"mollusca"},"type":"Feature"},{"geometry":{"coordinates":[76.9435161311926,10.2878193993135],"type":"Point"},"id":"roadkill-2011-1642","properties":{"count":1,"date":"2011-08-13","habitat":"tea","recorded_name":"Gastropoda","route":"Nallamudi","source_row":1642,"taxon_group":"mollusca"},"type":"Feature"},{"geometry":{"coordinates":[76.9404515157442,10.2866987976361],"type":"Point"},"id":"roadkill-2011-1643","properties":{"count":1,"date":"2011-08-13","habitat":"tea","recorded_name":"Gastropoda","route":"Nallamudi","source_row":1643,"taxon_group":"mollusca"},"type":"Feature"},{"geometry":{"coordinates":[76.939265020131,10.2867149441914],"type":"Point"},"id":"roadkill-2011-1644","properties":{"count":1,"date":"2011-08-13","habitat":"tea","recorded_name":"Gastropoda","route":"Nallamudi","source_row":1644,"taxon_group":"mollusca"},"type":"Feature"},{"geometry":{"coordinates":[76.9366541434971,10.2851576865174],"type":"Point"},"id":"roadkill-2011-1645","properties":{"count":1,"date":"2011-08-13","habitat":"tea","recorded_name":"Gastropoda","route":"Nallamudi","source_row":1645,"taxon_group":"mollusca"},"type":"Feature"},{"geometry":{"coordinates":[76.9461894002385,10.3054936346683],"type":"Point"},"id":"roadkill-2011-1646","properties":{"count":1,"date":"2011-08-13","habitat":"tea","recorded_name":"Anura","route":"Nallamudi","source_row":1646,"taxon_group":"amphibia"},"type":"Feature"},{"geometry":{"coordinates":[76.9452129001507,10.2921300934668],"type":"Point"},"id":"roadkill-2011-1647","properties":{"count":1,"date":"2011-08-13","habitat":"tea","recorded_name":"Anura","route":"Nallamudi","source_row":1647,"taxon_group":"amphibia"},"type":"Feature"},{"geometry":{"coordinates":[76.9398392681715,10.2865849515859],"type":"Point"},"id":"roadkill-2011-1648","properties":{"count":1,"date":"2011-08-13","habitat":"tea","recorded_name":"Anura","route":"Nallamudi","source_row":1648,"taxon_group":"amphibia"},"type":"Feature"},{"geometry":{"coordinates":[76.9381761111978,10.2862694858557],"type":"Point"},"id":"roadkill-2011-1649","properties":{"count":1,"date":"2011-08-13","habitat":"tea","recorded_name":"Anura","route":"Nallamudi","source_row":1649,"taxon_group":"amphibia"},"type":"Feature"},{"geometry":{"coordinates":[76.9345763308347,10.2782006023062],"type":"Point"},"id":"roadkill-2011-1650","properties":{"count":1,"date":"2011-08-13","habitat":"tea","recorded_name":"Anura","route":"Nallamudi","source_row":1650,"taxon_group":"amphibia"},"type":"Feature"},{"geometry":{"coordinates":[76.9340012676728,10.2766944268484],"type":"Point"},"id":"roadkill-2011-1651","properties":{"count":1,"date":"2011-08-13","habitat":"tea","recorded_name":"Anura","route":"Nallamudi","source_row":1651,"taxon_group":"amphibia"},"type":"Feature"},{"geometry":{"coordinates":[76.9344759853118,10.2707074022261],"type":"Point"},"id":"roadkill-2011-1652","properties":{"count":1,"date":"2011-08-13","habitat":"tea","recorded_name":"Anura","route":"Nallamudi","source_row":1652,"taxon_group":"amphibia"},"type":"Feature"},{"geometry":{"coordinates":[76.9365196215251,10.2660669533788],"type":"Point"},"id":"roadkill-2011-1653","properties":{"count":1,"date":"2011-08-24","habitat":"tea","recorded_name":"Gymnophiona","route":"Nallamudi","source_row":1653,"taxon_group":"amphibia"},"type":"Feature"},{"geometry":{"coordinates":[76.9462790692175,10.3052309496438],"type":"Point"},"id":"roadkill-2011-1654","properties":{"count":1,"date":"2011-08-24","habitat":"tea","recorded_name":"Gymnophiona","route":"Nallamudi","source_row":1654,"taxon_group":"amphibia"},"type":"Feature"},{"geometry":{"coordinates":[76.9470378513039,10.31284666599],"type":"Point"},"id":"roadkill-2011-1655","properties":{"count":1,"date":"2011-08-24","habitat":"tea","recorded_name":"Gymnophiona","route":"Nallamudi","source_row":1655,"taxon_group":"amphibia"},"type":"Feature"},{"geometry":{"coordinates":[76.9363502813118,10.2622351904527],"type":"Point"},"id":"roadkill-2011-1656","properties":{"count":1,"date":"2011-08-24","habitat":"tea","recorded_name":"Annelida","route":"Nallamudi","source_row":1656,"taxon_group":"annelida"},"type":"Feature"},{"geometry":{"coordinates":[76.9341670498569,10.2694346655719],"type":"Point"},"id":"roadkill-2011-1657","properties":{"count":1,"date":"2011-08-24","habitat":"tea","recorded_name":"Annelida","route":"Nallamudi","source_row":1657,"taxon_group":"annelida"},"type":"Feature"},{"geometry":{"coordinates":[76.9369805195234,10.2653139191778],"type":"Point"},"id":"roadkill-2011-1658","properties":{"count":1,"date":"2011-08-24","habitat":"tea","recorded_name":"Anura","route":"Nallamudi","source_row":1658,"taxon_group":"amphibia"},"type":"Feature"},{"geometry":{"coordinates":[76.9344733982953,10.2732836939029],"type":"Point"},"id":"roadkill-2011-1659","properties":{"count":1,"date":"2011-08-24","habitat":"tea","recorded_name":"Anura","route":"Nallamudi","source_row":1659,"taxon_group":"amphibia"},"type":"Feature"},{"geometry":{"coordinates":[76.9344823603176,10.2732565217415],"type":"Point"},"id":"roadkill-2011-1660","properties":{"count":1,"date":"2011-08-24","habitat":"tea","recorded_name":"Anura","route":"Nallamudi","source_row":1660,"taxon_group":"amphibia"},"type":"Feature"},{"geometry":{"coordinates":[76.9347062006907,10.2785433304381],"type":"Point"},"id":"roadkill-2011-1661","properties":{"count":1,"date":"2011-08-24","habitat":"tea","recorded_name":"Anura","route":"Nallamudi","source_row":1661,"taxon_group":"amphibia"},"type":"Feature"},{"geometry":{"coordinates":[76.9454720567096,10.2912245858924],"type":"Point"},"id":"roadkill-2011-1662","properties":{"count":1,"date":"2011-08-24","habitat":"tea","recorded_name":"Lampyridae","route":"Nallamudi","source_row":1662,"taxon_group":"insecta"},"type":"Feature"},{"geometry":{"coordinates":[76.9454256333547,10.2896067941084],"type":"Point"},"id":"roadkill-2011-1663","properties":{"count":1,"date":"2011-08-24","habitat":"tea","recorded_name":"Diplopoda","route":"Nallamudi","source_row":1663,"taxon_group":"diplopoda"},"type":"Feature"},{"geometry":{"coordinates":[76.9345005592527,10.2732473736039],"type":"Point"},"id":"roadkill-2011-1664","properties":{"count":20,"date":"2011-08-24","habitat":"tea","recorded_name":"Gastropoda","route":"Nallamudi","source_row":1664,"taxon_group":"mollusca"},"type":"Feature"},{"geometry":{"coordinates":[76.9343022400389,10.2736553371619],"type":"Point"},"id":"roadkill-2011-1665","properties":{"count":8,"date":"2011-08-24","habitat":"tea","recorded_name":"Gastropoda","route":"Nallamudi","source_row":1665,"taxon_group":"mollusca"},"type":"Feature"},{"geometry":{"coordinates":[76.9349148376811,10.2588177536683],"type":"Point"},"id":"roadkill-2011-1666","properties":{"count":8,"date":"2011-08-24","habitat":"tea","recorded_name":"Gastropoda","route":"Nallamudi","source_row":1666,"taxon_group":"mollusca"},"type":"Feature"},{"geometry":{"coordinates":[76.9347918982187,10.2596139684622],"type":"Point"},"id":"roadkill-2011-1667","properties":{"count":1,"date":"2011-08-24","habitat":"tea","recorded_name":"Gastropoda","route":"Nallamudi","source_row":1667,"taxon_group":"mollusca"},"type":"Feature"},{"geometry":{"coordinates":[76.9362930479433,10.2618287516033],"type":"Point"},"id":"roadkill-2011-1668","properties":{"count":1,"date":"2011-08-24","habitat":"tea","recorded_name":"Gastropoda","route":"Nallamudi","source_row":1668,"taxon_group":"mollusca"},"type":"Feature"},{"geometry":{"coordinates":[76.936868138853,10.2648445330028],"type":"Point"},"id":"roadkill-2011-1669","properties":{"count":1,"date":"2011-08-24","habitat":"tea","recorded_name":"Gastropoda","route":"Nallamudi","source_row":1669,"taxon_group":"mollusca"},"type":"Feature"},{"geometry":{"coordinates":[76.9360873666014,10.2670277262446],"type":"Point"},"id":"roadkill-2011-1670","properties":{"count":1,"date":"2011-08-24","habitat":"tea","recorded_name":"Gastropoda","route":"Nallamudi","source_row":1670,"taxon_group":"mollusca"},"type":"Feature"},{"geometry":{"coordinates":[76.9358529847533,10.2675082215378],"type":"Point"},"id":"roadkill-2011-1671","properties":{"count":1,"date":"2011-08-24","habitat":"tea","recorded_name":"Gastropoda","route":"Nallamudi","source_row":1671,"taxon_group":"mollusca"},"type":"Feature"},{"geometry":{"coordinates":[76.9342606773505,10.2713233769183],"type":"Point"},"id":"roadkill-2011-1672","properties":{"count":18,"date":"2011-08-24","habitat":"tea","recorded_name":"Gastropoda","route":"Nallamudi","source_row":1672,"taxon_group":"mollusca"},"type":"Feature"},{"geometry":{"coordinates":[76.9339382637876,10.2723377313385],"type":"Point"},"id":"roadkill-2011-1673","properties":{"count":1,"date":"2011-08-24","habitat":"tea","recorded_name":"Gastropoda","route":"Nallamudi","source_row":1673,"taxon_group":"mollusca"},"type":"Feature"},{"geometry":{"coordinates":[76.9343339651514,10.2728687056744],"type":"Point"},"id":"roadkill-2011-1674","properties":{"count":13,"date":"2011-08-24","habitat":"tea","recorded_name":"Gastropoda","route":"Nallamudi","source_row":1674,"taxon_group":"mollusca"},"type":"Feature"},{"geometry":{"coordinates":[76.9356103702932,10.2606305609206],"type":"Point"},"id":"roadkill-2011-1675","properties":{"count":1,"date":"2011-08-24","habitat":"tea","recorded_name":"Anura","route":"Nallamudi","source_row":1675,"taxon_group":"amphibia"},"type":"Feature"},{"geometry":{"coordinates":[76.9362928830415,10.261801633902],"type":"Point"},"id":"roadkill-2011-1676","properties":{"count":1,"date":"2011-08-24","habitat":"tea","recorded_name":"Anura","route":"Nallamudi","source_row":1676,"taxon_group":"amphibia"},"type":"Feature"},{"geometry":{"coordinates":[76.9360783498111,10.267045859171],"type":"Point"},"id":"roadkill-2011-1677","properties":{"count":1,"date":"2011-08-24","habitat":"tea","recorded_name":"Anura","route":"Nallamudi","source_row":1677,"taxon_group":"amphibia"},"type":"Feature"},{"geometry":{"coordinates":[76.9339472258468,10.2723105591869],"type":"Point"},"id":"roadkill-2011-1678","properties":{"count":1,"date":"2011-08-24","habitat":"tea","recorded_name":"Anura","route":"Nallamudi","source_row":1678,"taxon_group":"amphibia"},"type":"Feature"},{"geometry":{"coordinates":[76.9342840960499,10.2736735245314],"type":"Point"},"id":"roadkill-2011-1679","properties":{"count":1,"date":"2011-08-24","habitat":"tea","recorded_name":"Anura","route":"Nallamudi","source_row":1679,"taxon_group":"amphibia"},"type":"Feature"},{"geometry":{"coordinates":[76.9351187093507,10.2833318335255],"type":"Point"},"id":"roadkill-2011-1680","properties":{"count":1,"date":"2011-08-24","habitat":"tea","recorded_name":"Anura","route":"Nallamudi","source_row":1680,"taxon_group":"amphibia"},"type":"Feature"},{"geometry":{"coordinates":[76.9341639178706,10.2689194288301],"type":"Point"},"id":"roadkill-2011-1681","properties":{"count":1,"date":"2011-09-01","habitat":"tea","recorded_name":"Gymnophiona","route":"Nallamudi","source_row":1681,"taxon_group":"amphibia"},"type":"Feature"},{"geometry":{"coordinates":[76.9341857883574,10.2740176144875],"type":"Point"},"id":"roadkill-2011-1682","properties":{"count":1,"date":"2011-09-01","habitat":"tea","recorded_name":"Gymnophiona","route":"Nallamudi","source_row":1682,"taxon_group":"amphibia"},"type":"Feature"},{"geometry":{"coordinates":[76.9341189297058,10.2750304447432],"type":"Point"},"id":"roadkill-2011-1683","properties":{"count":1,"date":"2011-09-01","habitat":"tea","recorded_name":"Gymnophiona","route":"Nallamudi","source_row":1683,"taxon_group":"amphibia"},"type":"Feature"},{"geometry":{"coordinates":[76.9455031737615,10.2992785922841],"type":"Point"},"id":"roadkill-2011-1684","properties":{"count":1,"date":"2011-09-01","habitat":"tea","recorded_name":"Gymnophiona","route":"Nallamudi","source_row":1684,"taxon_group":"amphibia"},"type":"Feature"},{"geometry":{"coordinates":[76.946056924512,10.3091915835561],"type":"Point"},"id":"roadkill-2011-1685","properties":{"count":1,"date":"2011-09-01","habitat":"tea","recorded_name":"Gymnophiona","route":"Nallamudi","source_row":1685,"taxon_group":"amphibia"},"type":"Feature"},{"geometry":{"coordinates":[76.9353279740114,10.2682254793081],"type":"Point"},"id":"roadkill-2011-1686","properties":{"count":1,"date":"2011-09-01","habitat":"tea","recorded_name":"Annelida","route":"Nallamudi","source_row":1686,"taxon_group":"annelida"},"type":"Feature"},{"geometry":{"coordinates":[76.9348006526031,10.2685630886391],"type":"Point"},"id":"roadkill-2011-1687","properties":{"count":1,"date":"2011-09-01","habitat":"tea","recorded_name":"Annelida","route":"Nallamudi","source_row":1687,"taxon_group":"annelida"},"type":"Feature"},{"geometry":{"coordinates":[76.9364158728377,10.2655161594454],"type":"Point"},"id":"roadkill-2011-1688","properties":{"count":1,"date":"2011-09-01","habitat":"tea","recorded_name":"Anura","route":"Nallamudi","source_row":1688,"taxon_group":"amphibia"},"type":"Feature"},{"geometry":{"coordinates":[76.9352098202469,10.2683075402272],"type":"Point"},"id":"roadkill-2011-1689","properties":{"count":1,"date":"2011-09-01","habitat":"tea","recorded_name":"Anura","route":"Nallamudi","source_row":1689,"taxon_group":"amphibia"},"type":"Feature"},{"geometry":{"coordinates":[76.9339466213113,10.272211127541],"type":"Point"},"id":"roadkill-2011-1690","properties":{"count":1,"date":"2011-09-01","habitat":"tea","recorded_name":"Anura","route":"Nallamudi","source_row":1690,"taxon_group":"amphibia"},"type":"Feature"},{"geometry":{"coordinates":[76.9350189267383,10.2684352328236],"type":"Point"},"id":"roadkill-2011-1691","properties":{"count":1,"date":"2011-09-01","habitat":"tea","recorded_name":"Uropeltidae","route":"Nallamudi","source_row":1691,"taxon_group":"reptilia"},"type":"Feature"},{"geometry":{"coordinates":[76.9346488091853,10.281110908365],"type":"Point"},"id":"roadkill-2011-1692","properties":{"count":1,"date":"2011-09-01","habitat":"tea","recorded_name":"Uropeltidae","route":"Nallamudi","source_row":1692,"taxon_group":"reptilia"},"type":"Feature"},{"geometry":{"coordinates":[76.9344466221775,10.2733832888615],"type":"Point"},"id":"roadkill-2011-1693","properties":{"count":4,"date":"2011-09-01","habitat":"tea","recorded_name":"Gastropoda","route":"Nallamudi","source_row":1693,"taxon_group":"mollusca"},"type":"Feature"},{"geometry":{"coordinates":[76.9365159368433,10.2654613249446],"type":"Point"},"id":"roadkill-2011-1694","properties":{"count":1,"date":"2011-09-01","habitat":"tea","recorded_name":"Gastropoda","route":"Nallamudi","source_row":1694,"taxon_group":"mollusca"},"type":"Feature"},{"geometry":{"coordinates":[76.9364632662397,10.2658051425059],"type":"Point"},"id":"roadkill-2011-1695","properties":{"count":1,"date":"2011-09-01","habitat":"tea","recorded_name":"Gastropoda","route":"Nallamudi","source_row":1695,"taxon_group":"mollusca"},"type":"Feature"},{"geometry":{"coordinates":[76.9339393629567,10.2725185161484],"type":"Point"},"id":"roadkill-2011-1696","properties":{"count":1,"date":"2011-09-01","habitat":"tea","recorded_name":"Gastropoda","route":"Nallamudi","source_row":1696,"taxon_group":"mollusca"},"type":"Feature"},{"geometry":{"coordinates":[76.9339481051822,10.2724551870345],"type":"Point"},"id":"roadkill-2011-1697","properties":{"count":1,"date":"2011-09-01","habitat":"tea","recorded_name":"Anura","route":"Nallamudi","source_row":1697,"taxon_group":"amphibia"},"type":"Feature"},{"geometry":{"coordinates":[76.9344735632305,10.2733108116143],"type":"Point"},"id":"roadkill-2011-1698","properties":{"count":1,"date":"2011-09-01","habitat":"tea","recorded_name":"Anura","route":"Nallamudi","source_row":1698,"taxon_group":"amphibia"},"type":"Feature"},{"geometry":{"coordinates":[76.9341856234351,10.2739904967727],"type":"Point"},"id":"roadkill-2011-1699","properties":{"count":1,"date":"2011-09-01","habitat":"tea","recorded_name":"Anura","route":"Nallamudi","source_row":1699,"taxon_group":"amphibia"},"type":"Feature"},{"geometry":{"coordinates":[76.9462971028812,10.3051946831192],"type":"Point"},"id":"roadkill-2011-1700","properties":{"count":1,"date":"2011-09-01","habitat":"tea","recorded_name":"Anura","route":"Nallamudi","source_row":1700,"taxon_group":"amphibia"},"type":"Feature"},{"geometry":{"coordinates":[76.9463577125266,10.3120914474608],"type":"Point"},"id":"roadkill-2011-1701","properties":{"count":1,"date":"2011-09-01","habitat":"tea","recorded_name":"Anura","route":"Nallamudi","source_row":1701,"taxon_group":"amphibia"},"type":"Feature"},{"geometry":{"coordinates":[76.9438819434293,10.2879347171933],"type":"Point"},"id":"roadkill-2011-1702","properties":{"count":1,"date":"2011-09-09","habitat":"tea","recorded_name":"Squamata","route":"Nallamudi","source_row":1702,"taxon_group":"reptilia"},"type":"Feature"},{"geometry":{"coordinates":[76.9458373287812,10.2972065378787],"type":"Point"},"id":"roadkill-2011-1703","properties":{"count":1,"date":"2011-09-09","habitat":"tea","recorded_name":"Anura","route":"Nallamudi","source_row":1703,"taxon_group":"amphibia"},"type":"Feature"},{"geometry":{"coordinates":[76.9405428440714,10.286707289934],"type":"Point"},"id":"roadkill-2011-1704","properties":{"count":1,"date":"2011-09-09","habitat":"tea","recorded_name":"Anura","route":"Nallamudi","source_row":1704,"taxon_group":"amphibia"},"type":"Feature"},{"geometry":{"coordinates":[76.9344260217987,10.2819981154981],"type":"Point"},"id":"roadkill-2011-1705","properties":{"count":1,"date":"2011-09-09","habitat":"tea","recorded_name":"Anura","route":"Nallamudi","source_row":1705,"taxon_group":"amphibia"},"type":"Feature"},{"geometry":{"coordinates":[76.9346942249832,10.281074478956],"type":"Point"},"id":"roadkill-2011-1706","properties":{"count":1,"date":"2011-09-09","habitat":"tea","recorded_name":"Anura","route":"Nallamudi","source_row":1706,"taxon_group":"amphibia"},"type":"Feature"},{"geometry":{"coordinates":[76.9454270732317,10.2898418125052],"type":"Point"},"id":"roadkill-2011-1707","properties":{"count":1,"date":"2011-09-09","habitat":"tea","recorded_name":"Diplopoda","route":"Nallamudi","source_row":1707,"taxon_group":"diplopoda"},"type":"Feature"},{"geometry":{"coordinates":[76.9455098957483,10.2914413065011],"type":"Point"},"id":"roadkill-2011-1708","properties":{"count":1,"date":"2011-09-09","habitat":"tea","recorded_name":"Diplopoda","route":"Nallamudi","source_row":1708,"taxon_group":"diplopoda"},"type":"Feature"},{"geometry":{"coordinates":[76.9472909200137,10.3139208389306],"type":"Point"},"id":"roadkill-2011-1709","properties":{"count":1,"date":"2011-09-09","habitat":"tea","recorded_name":"Uropeltidae","route":"Nallamudi","source_row":1709,"taxon_group":"reptilia"},"type":"Feature"},{"geometry":{"coordinates":[76.9386524966838,10.2865558997879],"type":"Point"},"id":"roadkill-2011-1710","properties":{"count":5,"date":"2011-09-09","habitat":"tea","recorded_name":"Gastropoda","route":"Nallamudi","source_row":1710,"taxon_group":"mollusca"},"type":"Feature"},{"geometry":{"coordinates":[76.9339301810592,10.2725095313386],"type":"Point"},"id":"roadkill-2011-1711","properties":{"count":14,"date":"2011-09-09","habitat":"tea","recorded_name":"Gastropoda","route":"Nallamudi","source_row":1711,"taxon_group":"mollusca"},"type":"Feature"},{"geometry":{"coordinates":[76.9458582455127,10.3080538040811],"type":"Point"},"id":"roadkill-2011-1712","properties":{"count":1,"date":"2011-09-09","habitat":"tea","recorded_name":"Gastropoda","route":"Nallamudi","source_row":1712,"taxon_group":"mollusca"},"type":"Feature"},{"geometry":{"coordinates":[76.9402776551021,10.2866275230853],"type":"Point"},"id":"roadkill-2011-1713","properties":{"count":2,"date":"2011-09-09","habitat":"tea","recorded_name":"Gastropoda","route":"Nallamudi","source_row":1713,"taxon_group":"mollusca"},"type":"Feature"},{"geometry":{"coordinates":[76.9375598947927,10.2855048118182],"type":"Point"},"id":"roadkill-2011-1714","properties":{"count":1,"date":"2011-09-09","habitat":"tea","recorded_name":"Gastropoda","route":"Nallamudi","source_row":1714,"taxon_group":"mollusca"},"type":"Feature"},{"geometry":{"coordinates":[76.9405338824336,10.2867344622165],"type":"Point"},"id":"roadkill-2011-1715","properties":{"count":1,"date":"2011-09-09","habitat":"tea","recorded_name":"Gastropoda","route":"Nallamudi","source_row":1715,"taxon_group":"mollusca"},"type":"Feature"},{"geometry":{"coordinates":[76.9455096187904,10.2913961106625],"type":"Point"},"id":"roadkill-2011-1716","properties":{"count":1,"date":"2011-09-09","habitat":"tea","recorded_name":"Anura","route":"Nallamudi","source_row":1716,"taxon_group":"amphibia"},"type":"Feature"},{"geometry":{"coordinates":[76.9339394728748,10.2725365946292],"type":"Point"},"id":"roadkill-2011-1717","properties":{"count":1,"date":"2011-09-09","habitat":"tea","recorded_name":"Anura","route":"Nallamudi","source_row":1717,"taxon_group":"amphibia"},"type":"Feature"},{"geometry":{"coordinates":[76.9434888598429,10.2878376420161],"type":"Point"},"id":"roadkill-2011-1718","properties":{"count":1,"date":"2011-09-17","habitat":"tea","recorded_name":"Squamata","route":"Nallamudi","source_row":1718,"taxon_group":"reptilia"},"type":"Feature"},{"geometry":{"coordinates":[76.9344674630355,10.270806888287],"type":"Point"},"id":"roadkill-2011-1719","properties":{"count":1,"date":"2011-09-17","habitat":"tea","recorded_name":"Anura","route":"Nallamudi","source_row":1719,"taxon_group":"amphibia"},"type":"Feature"},{"geometry":{"coordinates":[76.9341280017376,10.275021351056],"type":"Point"},"id":"roadkill-2011-1720","properties":{"count":1,"date":"2011-09-17","habitat":"tea","recorded_name":"Diplopoda","route":"Nallamudi","source_row":1720,"taxon_group":"diplopoda"},"type":"Feature"},{"geometry":{"coordinates":[76.9425019472539,10.2876537338738],"type":"Point"},"id":"roadkill-2011-1721","properties":{"count":1,"date":"2011-09-17","habitat":"tea","recorded_name":"Diplopoda","route":"Nallamudi","source_row":1721,"taxon_group":"diplopoda"},"type":"Feature"},{"geometry":{"coordinates":[76.9342119048885,10.2738095486708],"type":"Point"},"id":"roadkill-2011-1722","properties":{"count":1,"date":"2011-09-17","habitat":"tea","recorded_name":"Scincidae","route":"Nallamudi","source_row":1722,"taxon_group":"reptilia"},"type":"Feature"},{"geometry":{"coordinates":[76.9336949622671,10.2758555744198],"type":"Point"},"id":"roadkill-2011-1723","properties":{"count":2,"date":"2011-09-17","habitat":"tea","recorded_name":"Gastropoda","route":"Nallamudi","source_row":1723,"taxon_group":"mollusca"},"type":"Feature"},{"geometry":{"coordinates":[76.9340461335283,10.2750670372816],"type":"Point"},"id":"roadkill-2011-1724","properties":{"count":3,"date":"2011-09-17","habitat":"tea","recorded_name":"Gastropoda","route":"Nallamudi","source_row":1724,"taxon_group":"mollusca"},"type":"Feature"},{"geometry":{"coordinates":[76.9344495940116,10.2708702718305],"type":"Point"},"id":"roadkill-2011-1725","properties":{"count":1,"date":"2011-09-17","habitat":"tea","recorded_name":"Gastropoda","route":"Nallamudi","source_row":1725,"taxon_group":"mollusca"},"type":"Feature"},{"geometry":{"coordinates":[76.9461749500362,10.3016519378681],"type":"Point"},"id":"roadkill-2011-1726","properties":{"count":1,"date":"2011-09-25","habitat":"tea","recorded_name":"Lepidoptera","route":"Nallamudi","source_row":1726,"taxon_group":"insecta"},"type":"Feature"},{"geometry":{"coordinates":[76.9342713398202,10.2745775572024],"type":"Point"},"id":"roadkill-2011-1727","properties":{"count":1,"date":"2011-09-25","habitat":"tea","recorded_name":"Blattodea","route":"Nallamudi","source_row":1727,"taxon_group":"insecta"},"type":"Feature"},{"geometry":{"coordinates":[76.9465054886491,10.3049403228496],"type":"Point"},"id":"roadkill-2011-1728","properties":{"count":1,"date":"2011-09-25","habitat":"tea","recorded_name":"Anura","route":"Nallamudi","source_row":1728,"taxon_group":"amphibia"},"type":"Feature"},{"geometry":{"coordinates":[76.9351563537391,10.2805203062898],"type":"Point"},"id":"roadkill-2011-1729","properties":{"count":1,"date":"2011-09-25","habitat":"tea","recorded_name":"Orthoptera","route":"Nallamudi","source_row":1729,"taxon_group":"insecta"},"type":"Feature"},{"geometry":{"coordinates":[76.9340594971586,10.272761867998],"type":"Point"},"id":"roadkill-2011-1730","properties":{"count":1,"date":"2011-09-25","habitat":"tea","recorded_name":"Diplopoda","route":"Nallamudi","source_row":1730,"taxon_group":"diplopoda"},"type":"Feature"},{"geometry":{"coordinates":[76.945435923702,10.2897965618147],"type":"Point"},"id":"roadkill-2011-1731","properties":{"count":1,"date":"2011-09-25","habitat":"tea","recorded_name":"Diplopoda","route":"Nallamudi","source_row":1731,"taxon_group":"diplopoda"},"type":"Feature"},{"geometry":{"coordinates":[76.9456873411644,10.3099531260683],"type":"Point"},"id":"roadkill-2011-1732","properties":{"count":1,"date":"2011-09-25","habitat":"tea","recorded_name":"Scincidae","route":"Nallamudi","source_row":1732,"taxon_group":"reptilia"},"type":"Feature"},{"geometry":{"coordinates":[76.9339404621463,10.2726993009561],"type":"Point"},"id":"roadkill-2011-1733","properties":{"count":1,"date":"2011-09-25","habitat":"tea","recorded_name":"Gastropoda","route":"Nallamudi","source_row":1733,"taxon_group":"mollusca"},"type":"Feature"},{"geometry":{"coordinates":[76.9352184276076,10.2802216301701],"type":"Point"},"id":"roadkill-2011-1734","properties":{"count":1,"date":"2011-09-25","habitat":"tea","recorded_name":"Gastropoda","route":"Nallamudi","source_row":1734,"taxon_group":"mollusca"},"type":"Feature"},{"geometry":{"coordinates":[76.9360168140901,10.2839230779867],"type":"Point"},"id":"roadkill-2011-1735","properties":{"count":1,"date":"2011-09-25","habitat":"tea","recorded_name":"Anura","route":"Nallamudi","source_row":1735,"taxon_group":"amphibia"},"type":"Feature"},{"geometry":{"coordinates":[76.946183519659,10.3075094762908],"type":"Point"},"id":"roadkill-2011-1736","properties":{"count":1,"date":"2011-10-03","habitat":"tea","recorded_name":"Calotes","route":"Nallamudi","source_row":1736,"taxon_group":"reptilia"},"type":"Feature"},{"geometry":{"coordinates":[76.9461894002385,10.3054936346683],"type":"Point"},"id":"roadkill-2011-1737","properties":{"count":1,"date":"2011-10-03","habitat":"tea","recorded_name":"Blattodea","route":"Nallamudi","source_row":1737,"taxon_group":"insecta"},"type":"Feature"},{"geometry":{"coordinates":[76.9466628521062,10.3038094393288],"type":"Point"},"id":"roadkill-2011-1738","properties":{"count":1,"date":"2011-10-03","habitat":"tea","recorded_name":"Blattodea","route":"Nallamudi","source_row":1738,"taxon_group":"insecta"},"type":"Feature"},{"geometry":{"coordinates":[76.9462199784358,10.301552232481],"type":"Point"},"id":"roadkill-2011-1739","properties":{"count":1,"date":"2011-10-03","habitat":"tea","recorded_name":"Annelida","route":"Nallamudi","source_row":1739,"taxon_group":"annelida"},"type":"Feature"},{"geometry":{"coordinates":[76.94547246489,10.2987364071537],"type":"Point"},"id":"roadkill-2011-1740","properties":{"count":1,"date":"2011-10-03","habitat":"tea","recorded_name":"Annelida","route":"Nallamudi","source_row":1740,"taxon_group":"annelida"},"type":"Feature"},{"geometry":{"coordinates":[76.9457289618119,10.2973970190376],"type":"Point"},"id":"roadkill-2011-1741","properties":{"count":1,"date":"2011-10-03","habitat":"tea","recorded_name":"Annelida","route":"Nallamudi","source_row":1741,"taxon_group":"annelida"},"type":"Feature"},{"geometry":{"coordinates":[76.940880388815,10.2866781485962],"type":"Point"},"id":"roadkill-2011-1742","properties":{"count":1,"date":"2011-10-03","habitat":"tea","recorded_name":"Annelida","route":"Nallamudi","source_row":1742,"taxon_group":"annelida"},"type":"Feature"},{"geometry":{"coordinates":[76.9341865580006,10.274144163823],"type":"Point"},"id":"roadkill-2011-1743","properties":{"count":1,"date":"2011-10-03","habitat":"tea","recorded_name":"Annelida","route":"Nallamudi","source_row":1743,"taxon_group":"annelida"},"type":"Feature"},{"geometry":{"coordinates":[76.947188566708,10.3136050740717],"type":"Point"},"id":"roadkill-2011-1744","properties":{"count":1,"date":"2011-10-03","habitat":"tea","recorded_name":"Anura","route":"Nallamudi","source_row":1744,"taxon_group":"amphibia"},"type":"Feature"},{"geometry":{"coordinates":[76.9351895601775,10.2799777344936],"type":"Point"},"id":"roadkill-2011-1745","properties":{"count":2,"date":"2011-10-03","habitat":"tea","recorded_name":"Anura","route":"Nallamudi","source_row":1745,"taxon_group":"amphibia"},"type":"Feature"},{"geometry":{"coordinates":[76.9342276840932,10.2749032420102],"type":"Point"},"id":"roadkill-2011-1746","properties":{"count":1,"date":"2011-10-03","habitat":"tea","recorded_name":"Anura","route":"Nallamudi","source_row":1746,"taxon_group":"amphibia"},"type":"Feature"},{"geometry":{"coordinates":[76.933977079844,10.2727171617069],"type":"Point"},"id":"roadkill-2011-1747","properties":{"count":1,"date":"2011-10-03","habitat":"tea","recorded_name":"Anura","route":"Nallamudi","source_row":1747,"taxon_group":"amphibia"},"type":"Feature"},{"geometry":{"coordinates":[76.9353098853184,10.2682527059089],"type":"Point"},"id":"roadkill-2011-1748","properties":{"count":1,"date":"2011-10-03","habitat":"tea","recorded_name":"Anura","route":"Nallamudi","source_row":1748,"taxon_group":"amphibia"},"type":"Feature"},{"geometry":{"coordinates":[76.9359429878763,10.2672997745923],"type":"Point"},"id":"roadkill-2011-1749","properties":{"count":1,"date":"2011-10-03","habitat":"tea","recorded_name":"Anura","route":"Nallamudi","source_row":1749,"taxon_group":"amphibia"},"type":"Feature"},{"geometry":{"coordinates":[76.9364163677588,10.2655975125246],"type":"Point"},"id":"roadkill-2011-1750","properties":{"count":1,"date":"2011-10-03","habitat":"tea","recorded_name":"Anura","route":"Nallamudi","source_row":1750,"taxon_group":"amphibia"},"type":"Feature"},{"geometry":{"coordinates":[76.9368960689735,10.2649347618707],"type":"Point"},"id":"roadkill-2011-1751","properties":{"count":3,"date":"2011-10-03","habitat":"tea","recorded_name":"Anura","route":"Nallamudi","source_row":1751,"taxon_group":"amphibia"},"type":"Feature"},{"geometry":{"coordinates":[76.9370107009233,10.264274190014],"type":"Point"},"id":"roadkill-2011-1752","properties":{"count":2,"date":"2011-10-03","habitat":"tea","recorded_name":"Anura","route":"Nallamudi","source_row":1752,"taxon_group":"amphibia"},"type":"Feature"},{"geometry":{"coordinates":[76.9363182275372,10.262967586119],"type":"Point"},"id":"roadkill-2011-1753","properties":{"count":1,"date":"2011-10-03","habitat":"tea","recorded_name":"Anura","route":"Nallamudi","source_row":1753,"taxon_group":"amphibia"},"type":"Feature"},{"geometry":{"coordinates":[76.9349035038213,10.2599568070061],"type":"Point"},"id":"roadkill-2011-1754","properties":{"count":1,"date":"2011-10-03","habitat":"tea","recorded_name":"Anura","route":"Nallamudi","source_row":1754,"taxon_group":"amphibia"},"type":"Feature"},{"geometry":{"coordinates":[76.9459768267981,10.3095265269744],"type":"Point"},"id":"roadkill-2011-1755","properties":{"count":1,"date":"2011-10-03","habitat":"tea","recorded_name":"Anura","route":"Nallamudi","source_row":1755,"taxon_group":"amphibia"},"type":"Feature"},{"geometry":{"coordinates":[76.9462286069339,10.3014708251275],"type":"Point"},"id":"roadkill-2011-1756","properties":{"count":1,"date":"2011-10-03","habitat":"tea","recorded_name":"Anura","route":"Nallamudi","source_row":1756,"taxon_group":"amphibia"},"type":"Feature"},{"geometry":{"coordinates":[76.9454906092859,10.2987182190386],"type":"Point"},"id":"roadkill-2011-1757","properties":{"count":1,"date":"2011-10-03","habitat":"tea","recorded_name":"Anura","route":"Nallamudi","source_row":1757,"taxon_group":"amphibia"},"type":"Feature"},{"geometry":{"coordinates":[76.9457288509506,10.2973789407112],"type":"Point"},"id":"roadkill-2011-1758","properties":{"count":1,"date":"2011-10-03","habitat":"tea","recorded_name":"Anura","route":"Nallamudi","source_row":1758,"taxon_group":"amphibia"},"type":"Feature"},{"geometry":{"coordinates":[76.9460346985152,10.2966449020779],"type":"Point"},"id":"roadkill-2011-1759","properties":{"count":1,"date":"2011-10-03","habitat":"tea","recorded_name":"Anura","route":"Nallamudi","source_row":1759,"taxon_group":"amphibia"},"type":"Feature"},{"geometry":{"coordinates":[76.941421386137,10.287081684466],"type":"Point"},"id":"roadkill-2011-1760","properties":{"count":1,"date":"2011-10-03","habitat":"tea","recorded_name":"Anura","route":"Nallamudi","source_row":1760,"taxon_group":"amphibia"},"type":"Feature"},{"geometry":{"coordinates":[76.9344963506964,10.2830553241653],"type":"Point"},"id":"roadkill-2011-1761","properties":{"count":1,"date":"2011-10-03","habitat":"tea","recorded_name":"Anura","route":"Nallamudi","source_row":1761,"taxon_group":"amphibia"},"type":"Feature"},{"geometry":{"coordinates":[76.9379729941428,10.2858910406111],"type":"Point"},"id":"roadkill-2011-1762","properties":{"count":2,"date":"2011-10-03","habitat":"tea","recorded_name":"Anura","route":"Nallamudi","source_row":1762,"taxon_group":"amphibia"},"type":"Feature"},{"geometry":{"coordinates":[76.945577303661,10.2994589363566],"type":"Point"},"id":"roadkill-2011-1763","properties":{"count":1,"date":"2011-10-03","habitat":"tea","recorded_name":"Lampyridae","route":"Nallamudi","source_row":1763,"taxon_group":"insecta"},"type":"Feature"},{"geometry":{"coordinates":[76.9455245918899,10.3102072116857],"type":"Point"},"id":"roadkill-2011-1764","properties":{"count":1,"date":"2011-10-03","habitat":"tea","recorded_name":"Ahaetulla","route":"Nallamudi","source_row":1764,"taxon_group":"reptilia"},"type":"Feature"},{"geometry":{"coordinates":[76.9454160629577,10.2895345355983],"type":"Point"},"id":"roadkill-2011-1765","properties":{"count":1,"date":"2011-10-03","habitat":"tea","recorded_name":"Diplopoda","route":"Nallamudi","source_row":1765,"taxon_group":"diplopoda"},"type":"Feature"},{"geometry":{"coordinates":[76.9356501268456,10.2836631222219],"type":"Point"},"id":"roadkill-2011-1766","properties":{"count":1,"date":"2011-10-03","habitat":"tea","recorded_name":"Muridae","route":"Nallamudi","source_row":1766,"taxon_group":"mammalia"},"type":"Feature"},{"geometry":{"coordinates":[76.9460038775782,10.3094721271495],"type":"Point"},"id":"roadkill-2011-1767","properties":{"count":1,"date":"2011-10-03","habitat":"tea","recorded_name":"Gastropoda","route":"Nallamudi","source_row":1767,"taxon_group":"mollusca"},"type":"Feature"},{"geometry":{"coordinates":[76.9462286069339,10.3014708251275],"type":"Point"},"id":"roadkill-2011-1768","properties":{"count":1,"date":"2011-10-03","habitat":"tea","recorded_name":"Gastropoda","route":"Nallamudi","source_row":1768,"taxon_group":"mollusca"},"type":"Feature"},{"geometry":{"coordinates":[76.9452382028677,10.2947694756988],"type":"Point"},"id":"roadkill-2011-1769","properties":{"count":1,"date":"2011-10-03","habitat":"tea","recorded_name":"Gastropoda","route":"Nallamudi","source_row":1769,"taxon_group":"mollusca"},"type":"Feature"},{"geometry":{"coordinates":[76.9344869482982,10.2830101825087],"type":"Point"},"id":"roadkill-2011-1770","properties":{"count":1,"date":"2011-10-03","habitat":"tea","recorded_name":"Gastropoda","route":"Nallamudi","source_row":1770,"taxon_group":"mollusca"},"type":"Feature"},{"geometry":{"coordinates":[76.933977079844,10.2727171617069],"type":"Point"},"id":"roadkill-2011-1771","properties":{"count":1,"date":"2011-10-03","habitat":"tea","recorded_name":"Gastropoda","route":"Nallamudi","source_row":1771,"taxon_group":"mollusca"},"type":"Feature"},{"geometry":{"coordinates":[76.9339547590099,10.2720483667811],"type":"Point"},"id":"roadkill-2011-1772","properties":{"count":1,"date":"2011-10-03","habitat":"tea","recorded_name":"Gastropoda","route":"Nallamudi","source_row":1772,"taxon_group":"mollusca"},"type":"Feature"},{"geometry":{"coordinates":[76.9344194102639,10.2704094339551],"type":"Point"},"id":"roadkill-2011-1773","properties":{"count":1,"date":"2011-10-03","habitat":"tea","recorded_name":"Gastropoda","route":"Nallamudi","source_row":1773,"taxon_group":"mollusca"},"type":"Feature"},{"geometry":{"coordinates":[76.9364253295108,10.2655703403673],"type":"Point"},"id":"roadkill-2011-1774","properties":{"count":1,"date":"2011-10-03","habitat":"tea","recorded_name":"Gastropoda","route":"Nallamudi","source_row":1774,"taxon_group":"mollusca"},"type":"Feature"},{"geometry":{"coordinates":[76.9469371097062,10.3127930362187],"type":"Point"},"id":"roadkill-2011-1775","properties":{"count":1,"date":"2011-10-03","habitat":"tea","recorded_name":"Araneae","route":"Nallamudi","source_row":1775,"taxon_group":"arachnida"},"type":"Feature"},{"geometry":{"coordinates":[76.9370019173258,10.2853092792247],"type":"Point"},"id":"roadkill-2011-1776","properties":{"count":1,"date":"2011-10-03","habitat":"tea","recorded_name":"Araneae","route":"Nallamudi","source_row":1776,"taxon_group":"arachnida"},"type":"Feature"},{"geometry":{"coordinates":[76.936425714453,10.2656336149839],"type":"Point"},"id":"roadkill-2011-1777","properties":{"count":1,"date":"2011-10-03","habitat":"tea","recorded_name":"Araneae","route":"Nallamudi","source_row":1777,"taxon_group":"arachnida"},"type":"Feature"},{"geometry":{"coordinates":[76.9454360898439,10.2898236793217],"type":"Point"},"id":"roadkill-2011-1778","properties":{"count":1,"date":"2011-10-14","habitat":"tea","recorded_name":"Annelida","route":"Nallamudi","source_row":1778,"taxon_group":"annelida"},"type":"Feature"},{"geometry":{"coordinates":[76.9457780101605,10.3098531457529],"type":"Point"},"id":"roadkill-2011-1779","properties":{"count":1,"date":"2011-10-14","habitat":"tea","recorded_name":"Anura","route":"Nallamudi","source_row":1779,"taxon_group":"amphibia"},"type":"Feature"},{"geometry":{"coordinates":[76.9380007069313,10.2859451120334],"type":"Point"},"id":"roadkill-2011-1780","properties":{"count":1,"date":"2011-10-14","habitat":"tea","recorded_name":"Anura","route":"Nallamudi","source_row":1780,"taxon_group":"amphibia"},"type":"Feature"},{"geometry":{"coordinates":[76.9363035601891,10.2845450931067],"type":"Point"},"id":"roadkill-2011-1781","properties":{"count":4,"date":"2011-10-14","habitat":"tea","recorded_name":"Anura","route":"Nallamudi","source_row":1781,"taxon_group":"amphibia"},"type":"Feature"},{"geometry":{"coordinates":[76.9355127775835,10.2835916264481],"type":"Point"},"id":"roadkill-2011-1782","properties":{"count":1,"date":"2011-10-14","habitat":"tea","recorded_name":"Anura","route":"Nallamudi","source_row":1782,"taxon_group":"amphibia"},"type":"Feature"},{"geometry":{"coordinates":[76.9352187027954,10.2802668263165],"type":"Point"},"id":"roadkill-2011-1783","properties":{"count":1,"date":"2011-10-14","habitat":"tea","recorded_name":"Anura","route":"Nallamudi","source_row":1783,"taxon_group":"amphibia"},"type":"Feature"},{"geometry":{"coordinates":[76.9342520962118,10.274414959826],"type":"Point"},"id":"roadkill-2011-1784","properties":{"count":1,"date":"2011-10-14","habitat":"tea","recorded_name":"Anura","route":"Nallamudi","source_row":1784,"taxon_group":"amphibia"},"type":"Feature"},{"geometry":{"coordinates":[76.9364655734613,10.263183656494],"type":"Point"},"id":"roadkill-2011-1785","properties":{"count":1,"date":"2011-10-14","habitat":"tea","recorded_name":"Anura","route":"Nallamudi","source_row":1785,"taxon_group":"amphibia"},"type":"Feature"},{"geometry":{"coordinates":[76.9364148290814,10.2608427129679],"type":"Point"},"id":"roadkill-2011-1786","properties":{"count":1,"date":"2011-10-14","habitat":"tea","recorded_name":"Anura","route":"Nallamudi","source_row":1786,"taxon_group":"amphibia"},"type":"Feature"},{"geometry":{"coordinates":[76.936021506372,10.2607004258476],"type":"Point"},"id":"roadkill-2011-1787","properties":{"count":1,"date":"2011-10-14","habitat":"tea","recorded_name":"Anura","route":"Nallamudi","source_row":1787,"taxon_group":"amphibia"},"type":"Feature"},{"geometry":{"coordinates":[76.9456957745326,10.3083530853955],"type":"Point"},"id":"roadkill-2011-1788","properties":{"count":1,"date":"2011-10-14","habitat":"tea","recorded_name":"Anura","route":"Nallamudi","source_row":1788,"taxon_group":"amphibia"},"type":"Feature"},{"geometry":{"coordinates":[76.9458672069284,10.3080266316579],"type":"Point"},"id":"roadkill-2011-1789","properties":{"count":1,"date":"2011-10-14","habitat":"tea","recorded_name":"Anura","route":"Nallamudi","source_row":1789,"taxon_group":"amphibia"},"type":"Feature"},{"geometry":{"coordinates":[76.9464350483758,10.3068480790778],"type":"Point"},"id":"roadkill-2011-1790","properties":{"count":1,"date":"2011-10-14","habitat":"tea","recorded_name":"Anura","route":"Nallamudi","source_row":1790,"taxon_group":"amphibia"},"type":"Feature"},{"geometry":{"coordinates":[76.9467747161906,10.3041884243277],"type":"Point"},"id":"roadkill-2011-1791","properties":{"count":1,"date":"2011-10-14","habitat":"tea","recorded_name":"Anura","route":"Nallamudi","source_row":1791,"taxon_group":"amphibia"},"type":"Feature"},{"geometry":{"coordinates":[76.9447667629917,10.2923135643018],"type":"Point"},"id":"roadkill-2011-1792","properties":{"count":1,"date":"2011-10-14","habitat":"tea","recorded_name":"Anura","route":"Nallamudi","source_row":1792,"taxon_group":"amphibia"},"type":"Feature"},{"geometry":{"coordinates":[76.9436624449998,10.2878637186851],"type":"Point"},"id":"roadkill-2011-1793","properties":{"count":1,"date":"2011-10-14","habitat":"tea","recorded_name":"Anura","route":"Nallamudi","source_row":1793,"taxon_group":"amphibia"},"type":"Feature"},{"geometry":{"coordinates":[76.9414398617776,10.2871177317977],"type":"Point"},"id":"roadkill-2011-1794","properties":{"count":1,"date":"2011-10-14","habitat":"tea","recorded_name":"Anura","route":"Nallamudi","source_row":1794,"taxon_group":"amphibia"},"type":"Feature"},{"geometry":{"coordinates":[76.938826522607,10.286654292905],"type":"Point"},"id":"roadkill-2011-1795","properties":{"count":1,"date":"2011-10-14","habitat":"tea","recorded_name":"Anura","route":"Nallamudi","source_row":1795,"taxon_group":"amphibia"},"type":"Feature"},{"geometry":{"coordinates":[76.9459362908858,10.2969709157913],"type":"Point"},"id":"roadkill-2011-1796","properties":{"count":1,"date":"2011-10-14","habitat":"tea","recorded_name":"Lampyridae","route":"Nallamudi","source_row":1796,"taxon_group":"insecta"},"type":"Feature"},{"geometry":{"coordinates":[76.9377429368662,10.285585072664],"type":"Point"},"id":"roadkill-2011-1797","properties":{"count":1,"date":"2011-10-14","habitat":"tea","recorded_name":"Orthoptera","route":"Nallamudi","source_row":1797,"taxon_group":"insecta"},"type":"Feature"},{"geometry":{"coordinates":[76.9450524395847,10.2942463011971],"type":"Point"},"id":"roadkill-2011-1798","properties":{"count":1,"date":"2011-10-14","habitat":"tea","recorded_name":"Diplopoda","route":"Nallamudi","source_row":1798,"taxon_group":"diplopoda"},"type":"Feature"},{"geometry":{"coordinates":[76.9447397682695,10.2923770030195],"type":"Point"},"id":"roadkill-2011-1799","properties":{"count":1,"date":"2011-10-14","habitat":"tea","recorded_name":"Diplopoda","route":"Nallamudi","source_row":1799,"taxon_group":"diplopoda"},"type":"Feature"},{"geometry":{"coordinates":[76.9447850732643,10.2923224937929],"type":"Point"},"id":"roadkill-2011-1800","properties":{"count":1,"date":"2011-10-14","habitat":"tea","recorded_name":"Diplopoda","route":"Nallamudi","source_row":1800,"taxon_group":"diplopoda"},"type":"Feature"},{"geometry":{"coordinates":[76.945312581931,10.2920119808966],"type":"Point"},"id":"roadkill-2011-1801","properties":{"count":1,"date":"2011-10-14","habitat":"tea","recorded_name":"Diplopoda","route":"Nallamudi","source_row":1801,"taxon_group":"diplopoda"},"type":"Feature"},{"geometry":{"coordinates":[76.9453600804853,10.2893360029226],"type":"Point"},"id":"roadkill-2011-1802","properties":{"count":1,"date":"2011-10-14","habitat":"tea","recorded_name":"Diplopoda","route":"Nallamudi","source_row":1802,"taxon_group":"diplopoda"},"type":"Feature"},{"geometry":{"coordinates":[76.944898231766,10.2884438665739],"type":"Point"},"id":"roadkill-2011-1803","properties":{"count":1,"date":"2011-10-14","habitat":"tea","recorded_name":"Diplopoda","route":"Nallamudi","source_row":1803,"taxon_group":"diplopoda"},"type":"Feature"},{"geometry":{"coordinates":[76.9436807549728,10.2878726482937],"type":"Point"},"id":"roadkill-2011-1804","properties":{"count":1,"date":"2011-10-14","habitat":"tea","recorded_name":"Diplopoda","route":"Nallamudi","source_row":1804,"taxon_group":"diplopoda"},"type":"Feature"},{"geometry":{"coordinates":[76.9467377056052,10.3041072917756],"type":"Point"},"id":"roadkill-2011-1805","properties":{"count":1,"date":"2011-10-14","habitat":"tea","recorded_name":"Uropeltidae","route":"Nallamudi","source_row":1805,"taxon_group":"reptilia"},"type":"Feature"},{"geometry":{"coordinates":[76.9404972075193,10.286707563387],"type":"Point"},"id":"roadkill-2011-1806","properties":{"count":1,"date":"2011-10-14","habitat":"tea","recorded_name":"Gastropoda","route":"Nallamudi","source_row":1806,"taxon_group":"mollusca"},"type":"Feature"},{"geometry":{"coordinates":[76.9340138624323,10.2727621401725],"type":"Point"},"id":"roadkill-2011-1807","properties":{"count":1,"date":"2011-10-14","habitat":"tea","recorded_name":"Gastropoda","route":"Nallamudi","source_row":1807,"taxon_group":"mollusca"},"type":"Feature"},{"geometry":{"coordinates":[76.9339729029457,10.2720301794418],"type":"Point"},"id":"roadkill-2011-1808","properties":{"count":2,"date":"2011-10-14","habitat":"tea","recorded_name":"Gastropoda","route":"Nallamudi","source_row":1808,"taxon_group":"mollusca"},"type":"Feature"},{"geometry":{"coordinates":[76.935880145161,10.26747190123],"type":"Point"},"id":"roadkill-2011-1809","properties":{"count":1,"date":"2011-10-14","habitat":"tea","recorded_name":"Gastropoda","route":"Nallamudi","source_row":1809,"taxon_group":"mollusca"},"type":"Feature"},{"geometry":{"coordinates":[76.936190511548,10.2614768202978],"type":"Point"},"id":"roadkill-2011-1810","properties":{"count":1,"date":"2011-10-14","habitat":"tea","recorded_name":"Gastropoda","route":"Nallamudi","source_row":1810,"taxon_group":"mollusca"},"type":"Feature"},{"geometry":{"coordinates":[76.9340594941843,10.2772635720684],"type":"Point"},"id":"roadkill-2011-1811","properties":{"count":1,"date":"2011-10-14","habitat":"tea","recorded_name":"Funambulus tristriatus","route":"Nallamudi","source_row":1811,"taxon_group":"mammalia"},"type":"Feature"},{"geometry":{"coordinates":[76.9361145819384,10.2670004451604],"type":"Point"},"id":"roadkill-2011-1812","properties":{"count":1,"date":"2011-10-14","habitat":"tea","recorded_name":"Funambulus tristriatus","route":"Nallamudi","source_row":1812,"taxon_group":"mammalia"},"type":"Feature"},{"geometry":{"coordinates":[76.9456417516036,10.2995489436734],"type":"Point"},"id":"roadkill-2011-1813","properties":{"count":2,"date":"2011-10-14","habitat":"tea","recorded_name":"Anura","route":"Nallamudi","source_row":1813,"taxon_group":"amphibia"},"type":"Feature"},{"geometry":{"coordinates":[76.934443873336,10.2729313269928],"type":"Point"},"id":"roadkill-2011-1814","properties":{"count":1,"date":"2011-10-14","habitat":"tea","recorded_name":"Anura","route":"Nallamudi","source_row":1814,"taxon_group":"amphibia"},"type":"Feature"},{"geometry":{"coordinates":[76.9474367327141,10.3153662766327],"type":"Point"},"id":"roadkill-2011-1815","properties":{"count":2,"date":"2011-10-14","habitat":"tea","recorded_name":"Uropeltidae","route":"Nallamudi","source_row":1815,"taxon_group":"reptilia"},"type":"Feature"},{"geometry":{"coordinates":[76.9435252585187,10.2878193445325],"type":"Point"},"id":"roadkill-2011-1816","properties":{"count":1,"date":"2011-10-23","habitat":"tea","recorded_name":"Squamata","route":"Nallamudi","source_row":1816,"taxon_group":"reptilia"},"type":"Feature"},{"geometry":{"coordinates":[76.9344899478914,10.2730033686513],"type":"Point"},"id":"roadkill-2011-1817","properties":{"count":1,"date":"2011-10-23","habitat":"tea","recorded_name":"Annelida","route":"Nallamudi","source_row":1817,"taxon_group":"annelida"},"type":"Feature"},{"geometry":{"coordinates":[76.9355768335172,10.2836183623858],"type":"Point"},"id":"roadkill-2011-1818","properties":{"count":3,"date":"2011-10-23","habitat":"tea","recorded_name":"Anura","route":"Nallamudi","source_row":1818,"taxon_group":"amphibia"},"type":"Feature"},{"geometry":{"coordinates":[76.9451855851697,10.2936308148705],"type":"Point"},"id":"roadkill-2011-1819","properties":{"count":1,"date":"2011-10-23","habitat":"tea","recorded_name":"Diplopoda","route":"Nallamudi","source_row":1819,"taxon_group":"diplopoda"},"type":"Feature"},{"geometry":{"coordinates":[76.9453302163947,10.290420922631],"type":"Point"},"id":"roadkill-2011-1820","properties":{"count":3,"date":"2011-10-23","habitat":"tea","recorded_name":"Diplopoda","route":"Nallamudi","source_row":1820,"taxon_group":"diplopoda"},"type":"Feature"},{"geometry":{"coordinates":[76.9454260210105,10.2896700682925],"type":"Point"},"id":"roadkill-2011-1821","properties":{"count":1,"date":"2011-10-23","habitat":"tea","recorded_name":"Muridae","route":"Nallamudi","source_row":1821,"taxon_group":"mammalia"},"type":"Feature"},{"geometry":{"coordinates":[76.949942396008,10.3205398123437],"type":"Point"},"id":"roadkill-2011-1822","properties":{"count":1,"date":"2011-10-23","habitat":"tea","recorded_name":"Uropeltidae","route":"Nallamudi","source_row":1822,"taxon_group":"reptilia"},"type":"Feature"},{"geometry":{"coordinates":[76.9496321474082,10.3205597650342],"type":"Point"},"id":"roadkill-2011-1823","properties":{"count":1,"date":"2011-10-23","habitat":"tea","recorded_name":"Uropeltidae","route":"Nallamudi","source_row":1823,"taxon_group":"reptilia"},"type":"Feature"},{"geometry":{"coordinates":[76.9454251349438,10.2895254415855],"type":"Point"},"id":"roadkill-2011-1824","properties":{"count":1,"date":"2011-10-23","habitat":"tea","recorded_name":"Uropeltidae","route":"Nallamudi","source_row":1824,"taxon_group":"reptilia"},"type":"Feature"},{"geometry":{"coordinates":[76.9458553067819,10.2971612322735],"type":"Point"},"id":"roadkill-2011-1825","properties":{"count":1,"date":"2011-10-23","habitat":"tea","recorded_name":"Gastropoda","route":"Nallamudi","source_row":1825,"taxon_group":"mollusca"},"type":"Feature"},{"geometry":{"coordinates":[76.9354817002976,10.2679895335645],"type":"Point"},"id":"roadkill-2011-1826","properties":{"count":1,"date":"2011-10-23","habitat":"tea","recorded_name":"Gastropoda","route":"Nallamudi","source_row":1826,"taxon_group":"mollusca"},"type":"Feature"},{"geometry":{"coordinates":[76.9459003903501,10.2970705661659],"type":"Point"},"id":"roadkill-2011-1827","properties":{"count":1,"date":"2011-10-23","habitat":"tea","recorded_name":"Anura","route":"Nallamudi","source_row":1827,"taxon_group":"amphibia"},"type":"Feature"},{"geometry":{"coordinates":[76.9345660666238,10.2825125342611],"type":"Point"},"id":"roadkill-2011-1828","properties":{"count":1,"date":"2011-10-23","habitat":"tea","recorded_name":"Anura","route":"Nallamudi","source_row":1828,"taxon_group":"amphibia"},"type":"Feature"},{"geometry":{"coordinates":[76.9341692403643,10.2727973717094],"type":"Point"},"id":"roadkill-2011-1829","properties":{"count":1,"date":"2011-10-23","habitat":"tea","recorded_name":"Anura","route":"Nallamudi","source_row":1829,"taxon_group":"amphibia"},"type":"Feature"},{"geometry":{"coordinates":[76.9353649367284,10.3505122173575],"type":"Point"},"id":"roadkill-2011-2424","properties":{"count":1,"date":"2011-08-15","habitat":"coffee_forest","recorded_name":"Calotes grandisquamis","route":"Opportunistic","source_row":2424,"taxon_group":"reptilia"},"type":"Feature"},{"geometry":{"coordinates":[76.9932621473234,10.3719796480389],"type":"Point"},"id":"roadkill-2011-2427","properties":{"count":1,"date":"2011-12-08","habitat":"forest","recorded_name":"Ratufa indica","route":"Opportunistic","source_row":2427,"taxon_group":"mammalia"},"type":"Feature"},{"geometry":{"coordinates":[76.9552070062548,10.3186458469074],"type":"Point"},"id":"roadkill-2011-2428","properties":{"count":1,"date":"2011-08-26","habitat":"tea","recorded_name":"Gymnophiona","route":"Opportunistic","source_row":2428,"taxon_group":"amphibia"},"type":"Feature"},{"geometry":{"coordinates":[76.9562421126831,10.3162712458265],"type":"Point"},"id":"roadkill-2011-2429","properties":{"count":1,"date":"2011-08-26","habitat":"tea","recorded_name":"Gymnophiona","route":"Opportunistic","source_row":2429,"taxon_group":"amphibia"},"type":"Feature"},{"geometry":{"coordinates":[76.9559354712133,10.3183521731224],"type":"Point"},"id":"roadkill-2011-2430","properties":{"count":1,"date":"2011-08-26","habitat":"tea","recorded_name":"Anura","route":"Opportunistic","source_row":2430,"taxon_group":"amphibia"},"type":"Feature"},{"geometry":{"coordinates":[76.9528570155778,10.3194826581454],"type":"Point"},"id":"roadkill-2011-2431","properties":{"count":1,"date":"2011-08-26","habitat":"tea","recorded_name":"Gastropoda","route":"Opportunistic","source_row":2431,"taxon_group":"mollusca"},"type":"Feature"},{"geometry":{"coordinates":[76.9538199732022,10.3187265583649],"type":"Point"},"id":"roadkill-2011-2432","properties":{"count":5,"date":"2011-08-26","habitat":"tea","recorded_name":"Gastropoda","route":"Opportunistic","source_row":2432,"taxon_group":"mollusca"},"type":"Feature"},{"geometry":{"coordinates":[76.9542951395433,10.3188050377551],"type":"Point"},"id":"roadkill-2011-2433","properties":{"count":1,"date":"2011-08-26","habitat":"tea","recorded_name":"Anura","route":"Opportunistic","source_row":2433,"taxon_group":"amphibia"},"type":"Feature"},{"geometry":{"coordinates":[76.9559353037019,10.3183250558334],"type":"Point"},"id":"roadkill-2011-2434","properties":{"count":1,"date":"2011-08-26","habitat":"tea","recorded_name":"Anura","route":"Opportunistic","source_row":2434,"taxon_group":"amphibia"},"type":"Feature"},{"geometry":{"coordinates":[76.9559968557006,10.3149891314398],"type":"Point"},"id":"roadkill-2011-2435","properties":{"count":1,"date":"2011-09-03","habitat":"tea","recorded_name":"Anura","route":"Opportunistic","source_row":2435,"taxon_group":"amphibia"},"type":"Feature"},{"geometry":{"coordinates":[76.9549698417908,10.3186744012357],"type":"Point"},"id":"roadkill-2011-2436","properties":{"count":1,"date":"2011-09-27","habitat":"tea","recorded_name":"Scincidae","route":"Opportunistic","source_row":2436,"taxon_group":"reptilia"},"type":"Feature"},{"geometry":{"coordinates":[76.9561263788183,10.3152685695543],"type":"Point"},"id":"roadkill-2011-2437","properties":{"count":1,"date":"2011-10-25","habitat":"tea","recorded_name":"Anura","route":"Opportunistic","source_row":2437,"taxon_group":"amphibia"},"type":"Feature"},{"geometry":{"coordinates":[76.9559086167021,10.3169602627935],"type":"Point"},"id":"roadkill-2011-2438","properties":{"count":1,"date":"2011-10-25","habitat":"tea","recorded_name":"Uropeltidae","route":"Opportunistic","source_row":2438,"taxon_group":"reptilia"},"type":"Feature"},{"geometry":{"coordinates":[76.9553989764959,10.3186898816023],"type":"Point"},"id":"roadkill-2011-2439","properties":{"count":1,"date":"2011-10-25","habitat":"tea","recorded_name":"Gastropoda","route":"Opportunistic","source_row":2439,"taxon_group":"mollusca"},"type":"Feature"},{"geometry":{"coordinates":[76.9546470084146,10.3181339892248],"type":"Point"},"id":"roadkill-2011-2440","properties":{"count":2,"date":"2011-10-25","habitat":"tea","recorded_name":"Anura","route":"Opportunistic","source_row":2440,"taxon_group":"amphibia"},"type":"Feature"},{"geometry":{"coordinates":[76.9753630153942,10.3654282190052],"type":"Point"},"id":"roadkill-2011-2441","properties":{"count":1,"date":"2011-10-25","habitat":"tea","recorded_name":"Anura","route":"Opportunistic","source_row":2441,"taxon_group":"amphibia"},"type":"Feature"},{"geometry":{"coordinates":[76.97599574915,10.3600459410502],"type":"Point"},"id":"roadkill-2011-2442","properties":{"count":1,"date":"2011-07-01","habitat":"tea","recorded_name":"Squamata","route":"Opportunistic","source_row":2442,"taxon_group":"reptilia"},"type":"Feature"},{"geometry":{"coordinates":[76.9766164233814,10.3600240489206],"type":"Point"},"id":"roadkill-2011-2443","properties":{"count":1,"date":"2011-07-01","habitat":"tea","recorded_name":"Squamata","route":"Opportunistic","source_row":2443,"taxon_group":"reptilia"},"type":"Feature"},{"geometry":{"coordinates":[76.9724409964099,10.3580519882331],"type":"Point"},"id":"roadkill-2011-2444","properties":{"count":1,"date":"2011-07-01","habitat":"tea","recorded_name":"Anura","route":"Opportunistic","source_row":2444,"taxon_group":"amphibia"},"type":"Feature"},{"geometry":{"coordinates":[76.980420036597,10.3623870249947],"type":"Point"},"id":"roadkill-2011-2445","properties":{"count":1,"date":"2011-07-01","habitat":"tea","recorded_name":"Uropeltidae","route":"Opportunistic","source_row":2445,"taxon_group":"reptilia"},"type":"Feature"},{"geometry":{"coordinates":[76.9754293852003,10.3614505135321],"type":"Point"},"id":"roadkill-2011-2446","properties":{"count":1,"date":"2011-07-01","habitat":"tea","recorded_name":"Anura","route":"Opportunistic","source_row":2446,"taxon_group":"amphibia"},"type":"Feature"},{"geometry":{"coordinates":[76.9749622775711,10.3597539907311],"type":"Point"},"id":"roadkill-2011-2450","properties":{"count":1,"date":"2011-08-18","habitat":"tea","recorded_name":"Blattodea","route":"Opportunistic","source_row":2450,"taxon_group":"insecta"},"type":"Feature"},{"geometry":{"coordinates":[76.9740041610437,10.3598321865242],"type":"Point"},"id":"roadkill-2011-2451","properties":{"count":1,"date":"2011-08-18","habitat":"tea","recorded_name":"Anura","route":"Opportunistic","source_row":2451,"taxon_group":"amphibia"},"type":"Feature"},{"geometry":{"coordinates":[76.9693065037585,10.3414659027925],"type":"Point"},"id":"roadkill-2011-2453","properties":{"count":1,"date":"2011-08-08","habitat":"forest","recorded_name":"Hystrix indica","route":"Opportunistic","source_row":2453,"taxon_group":"mammalia"},"type":"Feature"},{"geometry":{"coordinates":[76.9663108750744,10.4622949825536],"type":"Point"},"id":"roadkill-2011-2454","properties":{"count":1,"date":"2011-07-20","habitat":"forest","recorded_name":"Python molurus","route":"Opportunistic","source_row":2454,"taxon_group":"reptilia"},"type":"Feature"},{"geometry":{"coordinates":[76.9792080075121,10.453953266417],"type":"Point"},"id":"roadkill-2011-2455","properties":{"count":1,"date":"2011-06-29","habitat":"forest","recorded_name":"Muridae","route":"Opportunistic","source_row":2455,"taxon_group":"mammalia"},"type":"Feature"},{"geometry":{"coordinates":[76.9661309726836,10.3387554052691],"type":"Point"},"id":"roadkill-2011-2456","properties":{"count":1,"date":"2011-10-04","habitat":"forest","recorded_name":"Scincidae","route":"Opportunistic","source_row":2456,"taxon_group":"reptilia"},"type":"Feature"},{"geometry":{"coordinates":[76.9335953344182,10.2759827226262],"type":"Point"},"id":"roadkill-2011-2457","properties":{"count":1,"date":"2011-09-30","habitat":"tea","recorded_name":"Scincidae","route":"Opportunistic","source_row":2457,"taxon_group":"reptilia"},"type":"Feature"},{"geometry":{"coordinates":[76.933963776021,10.2720302338709],"type":"Point"},"id":"roadkill-2011-2461","properties":{"count":1,"date":"2011-09-30","habitat":"tea","recorded_name":"Funambulus tristriatus","route":"Opportunistic","source_row":2461,"taxon_group":"mammalia"},"type":"Feature"}],"type":"FeatureCollection"}