00:09:19 [sat:elephants_by_the_lake] {'ndvi_trend': 'greening', 'ndvi_slope': 0.01368, 'fire_5km_5yr': 1.5, 'landcover': 'Shrubland', 'embed_converging': 'diverging', 'embed_sim_end': 0.8276, 'source': 'MODIS/WorldCover/AlphaEarth'}
00:09:47 [sat:anamalai_nilgiris] {'ndvi_trend': 'flat', 'ndvi_slope': 0.00411, 'fire_5km_5yr': 2, 'landcover': 'Tree cover', 'embed_converging': 'stable', 'embed_sim_end': 0.4939, 'source': 'MODIS/WorldCover/AlphaEarth'}
00:09:48 [elephants_by_the_lake/invasives] q='invasives South Deccan Plateau dry deciduous': 3 new papers (cursor 0/60, disk 257G)
00:10:47 [hypothesis:elephants_by_the_lake/invasives] Satellite greening (NDVI slope +0.014) over shrubland suggests active regrowth or early re
00:10:48 [elephants_by_the_lake/restoration] q='restoration South Deccan Plateau dry deciduo': 1 new papers (cursor 4/60, disk 257G)
00:11:13 [hypothesis:elephants_by_the_lake/restoration] Satellite greening and shrubland cover suggest early above-ground recovery, but all four s
00:11:16 [elephants_by_the_lake/biodiversity] q='biodiversity South Deccan Plateau dry decidu': 1 new papers (cursor 6/60, disk 257G)
00:11:45 [hypothesis:elephants_by_the_lake/biodiversity] Early-stage native restoration is greening on a shrubland parcel—biomass, canopy, and ET r
00:11:47 [elephants_by_the_lake/water] q='water South Deccan Plateau dry deciduous for': 0 new papers (cursor 8/60, disk 257G)
00:11:50 [elephants_by_the_lake/elephants] q='elephants South Deccan Plateau dry deciduous': 1 new papers (cursor 8/60, disk 257G)
00:12:29 [hypothesis:elephants_by_the_lake/elephants] Active restoration on this 70-acre Krishnagiri parcel is likely driving the greening shrub
00:12:31 [elephants_by_the_lake/livelihoods] q='livelihoods South Deccan Plateau dry deciduo': 1 new papers (cursor 10/60, disk 257G)
00:12:33 [elephants_by_the_lake/nurseries] q='nurseries South Deccan Plateau dry deciduous': 0 new papers (cursor 11/60, disk 257G)
00:12:34 [anamalai_nilgiris/invasives] q='invasives South Western Ghats montane rain f': 2 new papers (cursor 11/60, disk 257G)
00:13:14 [hypothesis:anamalai_nilgiris/invasives] Valparai shows stable tree cover with a nearly flat NDVI trend (slope ~0.004), low nearby 
00:13:16 [anamalai_nilgiris/restoration] q='restoration South Western Ghats montane rain': 1 new papers (cursor 14/60, disk 257G)
00:13:45 [hypothesis:anamalai_nilgiris/restoration] Valparai’s wet-forest restoration patch reads as structurally stable—tree cover, flat NDVI
00:13:48 [anamalai_nilgiris/biodiversity] q='biodiversity South Western Ghats montane rai': 0 new papers (cursor 16/60, disk 257G)
00:13:49 [anamalai_nilgiris/water] q='water South Western Ghats montane rain fores': 0 new papers (cursor 16/60, disk 257G)
00:13:50 [anamalai_nilgiris/elephants] q='elephants South Western Ghats montane rain f': 2 new papers (cursor 16/60, disk 257G)
00:14:44 [hypothesis:anamalai_nilgiris/elephants] Valparai’s wet-forest patch looks structurally settled—tree cover, nearly flat NDVI (slope
00:14:46 [anamalai_nilgiris/livelihoods] q='livelihoods South Western Ghats montane rain': 1 new papers (cursor 19/60, disk 257G)
00:15:20 [hypothesis:anamalai_nilgiris/livelihoods] Valparai shows stable tree-cover restoration: flat NDVI with a slight positive slope, low 
00:15:23 [anamalai_nilgiris/nurseries] q='nurseries South Western Ghats montane rain f': 3 new papers (cursor 21/60, disk 257G)
00:16:07 [hypothesis:anamalai_nilgiris/nurseries] Satellite data show stable tree cover and a nearly flat NDVI trend (slope ~0.004), so the 
00:16:10 [elephants_by_the_lake/invasives] q='Global assessment South Deccan Plateau dry d': 2 new papers (cursor 25/60, disk 257G)
00:16:54 [hypothesis:elephants_by_the_lake/invasives] Active restoration on this Krishnagiri shrubland parcel is greening (NDVI slope +0.014) wi
00:16:56 [elephants_by_the_lake/invasives] q='Atmospheric nitrogen South Deccan Plateau dr': 1 new papers (cursor 28/60, disk 257G)
00:17:24 [hypothesis:elephants_by_the_lake/invasives] Early restoration is likely progressing: NDVI is greening (+0.01368) and landcover reads a
00:17:26 [elephants_by_the_lake/invasives] q='The protection South Deccan Plateau dry deci': 0 new papers (cursor 30/60, disk 257G)
00:17:46 [hypothesis:elephants_by_the_lake/invasives] Active restoration on this Krishnagiri shrubland parcel is greening (NDVI slope +0.0137) w
00:17:48 [elephants_by_the_lake/invasives] q='In order South Deccan Plateau dry deciduous ': 0 new papers (cursor 31/60, disk 257G)
00:18:01 [hypothesis:elephants_by_the_lake/invasives] Shrubland at Elephants by the Lake is greening (NDVI slope +0.01368), consistent with earl
00:18:03 [elephants_by_the_lake/invasives] q='We examined South Deccan Plateau dry deciduo': 1 new papers (cursor 32/60, disk 257G)
00:18:44 [hypothesis:elephants_by_the_lake/invasives] Active native restoration on this Krishnagiri shrubland parcel is greening faster than the
00:18:46 [elephants_by_the_lake/invasives] q='For this South Deccan Plateau dry deciduous ': 0 new papers (cursor 34/60, disk 257G)
00:19:10 [hypothesis:elephants_by_the_lake/invasives] The site is in an early shrub-stage recovery: NDVI is greening strongly (slope ~0.014/yr) 
00:19:12 [elephants_by_the_lake/restoration] q='Evidence from South Deccan Plateau dry decid': 1 new papers (cursor 35/60, disk 257G)
00:19:41 [hypothesis:elephants_by_the_lake/restoration] Early above-ground recovery on this Krishnagiri shrubland parcel—greening NDVI (slope +0.0
00:19:44 [elephants_by_the_lake/restoration] q='Research highlights South Deccan Plateau dry': 0 new papers (cursor 37/60, disk 257G)
00:20:00 [hypothesis:elephants_by_the_lake/restoration] Early-stage shrubland recovery on a degraded/mine-legacy parcel: MODIS greening (slope ~0.
00:20:02 [elephants_by_the_lake/biodiversity] q='Climate change South Deccan Plateau dry deci': 2 new papers (cursor 38/60, disk 257G)
00:21:04 [hypothesis:elephants_by_the_lake/biodiversity] MODIS greening (NDVI slope ~0.014) on shrubland with low nearby fire (1.5/5yr) fits early 
00:21:08 [elephants_by_the_lake/biodiversity] q='Asian vegetation South Deccan Plateau dry de': 1 new papers (cursor 41/60, disk 257G)
00:21:41 [hypothesis:elephants_by_the_lake/biodiversity] Early shrub-stage restoration is greening (NDVI slope +0.01368) on a dry-deciduous parcel 
00:21:44 [elephants_by_the_lake/elephants] q='Wayanad district South Deccan Plateau dry de': 2 new papers (cursor 43/60, disk 257G)
00:22:22 [hypothesis:elephants_by_the_lake/elephants] MODIS greening and positive NDVI slope suggest active vegetation recovery, but WorldCover 
00:22:24 [elephants_by_the_lake/elephants] q='Ghats biodiversity South Deccan Plateau dry ': 1 new papers (cursor 46/60, disk 257G)
00:22:48 [hypothesis:elephants_by_the_lake/elephants] Shrubland greening (NDVI slope +0.014, low nearby fire) with measured AGB/NDVI/canopy text
00:22:50 [elephants_by_the_lake/livelihoods] q='Tree diversity South Deccan Plateau dry deci': 0 new papers (cursor 48/60, disk 257G)
00:22:52 [anamalai_nilgiris/invasives] q='Earth system South Western Ghats montane rai': 1 new papers (cursor 48/60, disk 257G)
00:23:16 [hypothesis:anamalai_nilgiris/invasives] Satellite data show persistent tree cover with a nearly flat NDVI trend (slope ~0.004) and
00:23:18 [anamalai_nilgiris/invasives] q='Anthropocene changes South Western Ghats mon': 1 new papers (cursor 50/60, disk 257G)
00:23:29 [hypothesis:anamalai_nilgiris/invasives] Satellite signals show stable tree cover with a nearly flat greenness trend and modest nea
00:23:31 [anamalai_nilgiris/invasives] q='The role South Western Ghats montane rain fo': 0 new papers (cursor 52/60, disk 257G)
00:23:48 [hypothesis:anamalai_nilgiris/invasives] Valparai sits in a wet Western Ghats matrix where satellites show persistent tree cover, a
00:23:50 [anamalai_nilgiris/invasives] q='Secondary forests South Western Ghats montan': 0 new papers (cursor 53/60, disk 257G)
00:24:00 [hypothesis:anamalai_nilgiris/invasives] From space the patch reads as tree cover with near-flat greenness (slight positive NDVI sl
00:24:03 [anamalai_nilgiris/restoration] q='The biodiversity South Western Ghats montane': 0 new papers (cursor 54/60, disk 257G)
00:24:16 [hypothesis:anamalai_nilgiris/restoration] Valparai’s wet-forest restoration patch looks structurally settled—tree cover, nearly flat
00:24:18 [anamalai_nilgiris/restoration] q='Forest restoration South Western Ghats monta': 0 new papers (cursor 55/60, disk 257G)
00:24:37 [hypothesis:anamalai_nilgiris/restoration] Valparai’s wet-forest restoration patch reads as structurally settled—tree cover, nearly f
00:24:39 [anamalai_nilgiris/elephants] q='Spatial patterns South Western Ghats montane': 0 new papers (cursor 56/60, disk 257G)
00:24:56 [hypothesis:anamalai_nilgiris/elephants] Canopy-level restoration appears stable—tree cover is mapped, NDVI is essentially flat wit
00:24:57 [anamalai_nilgiris/elephants] q='We used South Western Ghats montane rain for': 0 new papers (cursor 57/60, disk 257G)
00:25:10 [hypothesis:anamalai_nilgiris/elephants] Valparai shows established tree cover with flat, slightly positive NDVI and stable embeddi
00:25:12 [anamalai_nilgiris/elephants] q='The importance South Western Ghats montane r': 0 new papers (cursor 58/60, disk 257G)
00:25:28 [hypothesis:anamalai_nilgiris/elephants] Valparai shows established tree cover and measured woody vegetation with a nearly flat NDV
00:25:29 [anamalai_nilgiris/elephants] q='These plateaus South Western Ghats montane r': 0 new papers (cursor 59/60, disk 257G)
00:25:44 [hypothesis:anamalai_nilgiris/elephants] Canopy-level restoration looks stable—tree cover is measured, NDVI is flat (slope ~0.004),
00:25:46 [anamalai_nilgiris/livelihoods] q='An operational South Western Ghats montane r': 2 new papers (cursor 60/60, disk 257G)
00:25:50 [anamalai_nilgiris/nurseries] q='In order South Western Ghats montane rain fo': 0 new papers (cursor 60/60, disk 257G)
00:25:52 [anamalai_nilgiris/nurseries] q='In this South Western Ghats montane rain for': 0 new papers (cursor 60/60, disk 257G)
00:25:53 [anamalai_nilgiris/nurseries] q='Asian forests South Western Ghats montane ra': 0 new papers (cursor 60/60, disk 257G)
00:25:55 [anamalai_nilgiris/nurseries] q='Current policy South Western Ghats montane r': 0 new papers (cursor 60/60, disk 257G)
00:25:56 [anamalai_nilgiris/nurseries] q='Many tropical South Western Ghats montane ra': 1 new papers (cursor 60/60, disk 257G)
00:25:57 [anamalai_nilgiris/nurseries] q='We find South Western Ghats montane rain for': 0 new papers (cursor 60/60, disk 257G)
00:25:59 [elephants_by_the_lake/invasives] q='Forest fires South Deccan Plateau dry decidu': 0 new papers (cursor 60/60, disk 257G)
00:26:01 [elephants_by_the_lake/invasives] q='In this South Deccan Plateau dry deciduous f': 0 new papers (cursor 60/60, disk 257G)
00:26:02 [elephants_by_the_lake/invasives] q='The knowledge South Deccan Plateau dry decid': 0 new papers (cursor 60/60, disk 257G)
00:26:04 [elephants_by_the_lake/invasives] q='Forest fire South Deccan Plateau dry deciduo': 0 new papers (cursor 60/60, disk 257G)
00:26:05 [elephants_by_the_lake/invasives] q='This study South Deccan Plateau dry deciduou': 0 new papers (cursor 60/60, disk 257G)
00:26:06 [elephants_by_the_lake/invasives] q='Nitrogen dioxide South Deccan Plateau dry de': 1 new papers (cursor 60/60, disk 257G)
00:26:08 [elephants_by_the_lake/invasives] q='Indian forests South Deccan Plateau dry deci': 0 new papers (cursor 60/60, disk 257G)
00:26:09 [elephants_by_the_lake/restoration] q='Felis chaus South Deccan Plateau dry deciduo': 2 new papers (cursor 60/60, disk 257G)
00:26:13 [elephants_by_the_lake/restoration] q='Prionailurus bengalensis South Deccan Platea': 1 new papers (cursor 60/60, disk 257G)
00:26:15 [elephants_by_the_lake/biodiversity] q='African terrestrial South Deccan Plateau dry': 0 new papers (cursor 60/60, disk 257G)
00:26:16 [elephants_by_the_lake/biodiversity] q='Past climatic South Deccan Plateau dry decid': 1 new papers (cursor 60/60, disk 257G)
00:26:17 [elephants_by_the_lake/biodiversity] q='Climate change South Deccan Plateau dry deci': 0 new papers (cursor 60/60, disk 257G)
00:26:18 [elephants_by_the_lake/biodiversity] q='Himalayan country South Deccan Plateau dry d': 0 new papers (cursor 60/60, disk 257G)
00:26:19 [elephants_by_the_lake/biodiversity] q='Myanmar impacting South Deccan Plateau dry d': 1 new papers (cursor 60/60, disk 257G)
00:26:22 [elephants_by_the_lake/elephants] q='Ghats provide South Deccan Plateau dry decid': 0 new papers (cursor 60/60, disk 257G)
00:26:23 [elephants_by_the_lake/elephants] q='The highly South Deccan Plateau dry deciduou': 0 new papers (cursor 60/60, disk 257G)
00:26:24 [elephants_by_the_lake/elephants] q='Gyps indicus South Deccan Plateau dry decidu': 1 new papers (cursor 60/60, disk 257G)
00:26:26 [elephants_by_the_lake/elephants] q='The species South Deccan Plateau dry deciduo': 0 new papers (cursor 60/60, disk 257G)
00:26:27 [elephants_by_the_lake/elephants] q='Large scale South Deccan Plateau dry deciduo': 1 new papers (cursor 60/60, disk 257G)
00:26:28 [elephants_by_the_lake/elephants] q='The method South Deccan Plateau dry deciduou': 0 new papers (cursor 60/60, disk 257G)
00:26:30 [anamalai_nilgiris/invasives] q='The objective South Western Ghats montane ra': 0 new papers (cursor 60/60, disk 257G)
00:26:33 [anamalai_nilgiris/invasives] q='We further South Western Ghats montane rain ': 0 new papers (cursor 60/60, disk 257G)
00:26:34 [anamalai_nilgiris/invasives] q='Forest biodiversity South Western Ghats mont': 0 new papers (cursor 60/60, disk 257G)
00:26:36 [anamalai_nilgiris/livelihoods] q='Lanka biodiversity South Western Ghats monta': 1 new papers (cursor 60/60, disk 257G)
00:26:39 [anamalai_nilgiris/livelihoods] q='Global patterns South Western Ghats montane ': 0 new papers (cursor 60/60, disk 257G)
00:26:40 [anamalai_nilgiris/nurseries] q='The allocation South Western Ghats montane r': 0 new papers (cursor 60/60, disk 257G)
00:26:42 [elephants_by_the_lake/invasives] q='Risks associated South Deccan Plateau dry de': 0 new papers (cursor 60/60, disk 257G)
00:26:43 [elephants_by_the_lake/invasives] q='Global simulation South Deccan Plateau dry d': 0 new papers (cursor 60/60, disk 257G)
00:26:44 [elephants_by_the_lake/restoration] q='Small carnivores South Deccan Plateau dry de': 1 new papers (cursor 60/60, disk 257G)
00:26:45 [elephants_by_the_lake/restoration] q='Felis chaus South Deccan Plateau dry deciduo': 0 new papers (cursor 60/60, disk 257G)
00:26:46 [elephants_by_the_lake/restoration] q='Wind turbines South Deccan Plateau dry decid': 1 new papers (cursor 60/60, disk 257G)
00:26:47 [elephants_by_the_lake/restoration] q='The selection South Deccan Plateau dry decid': 0 new papers (cursor 60/60, disk 257G)
00:26:48 [elephants_by_the_lake/restoration] q='Prionailurus rubiginosus South Deccan Platea': 1 new papers (cursor 60/60, disk 257G)
00:26:49 [elephants_by_the_lake/biodiversity] q='Climatic definitions South Deccan Plateau dr': 0 new papers (cursor 60/60, disk 257G)
00:26:50 [elephants_by_the_lake/biodiversity] q='Study area South Deccan Plateau dry deciduou': 0 new papers (cursor 60/60, disk 257G)
00:26:52 [elephants_by_the_lake/biodiversity] q='The late South Deccan Plateau dry deciduous ': 1 new papers (cursor 60/60, disk 257G)
00:26:53 [elephants_by_the_lake/biodiversity] q='Eocene flora South Deccan Plateau dry decidu': 1 new papers (cursor 60/60, disk 257G)
00:26:53 [elephants_by_the_lake/elephants] q='Ratlam districts South Deccan Plateau dry de': 1 new papers (cursor 60/60, disk 257G)
00:26:54 [elephants_by_the_lake/elephants] q='We prepared South Deccan Plateau dry deciduo': 0 new papers (cursor 60/60, disk 257G)
00:26:55 [elephants_by_the_lake/elephants] q='Remote sensing South Deccan Plateau dry deci': 1 new papers (cursor 60/60, disk 257G)
00:26:57 [mine] Spatiotemporal changes South Deccan Plat: HTTP Error 429: Too Many Requests
00:26:57 [mine] An overview South Western Ghats montane : HTTP Error 429: Too Many Requests
00:26:57 [mine] Ghats ecology South Western Ghats montan: HTTP Error 429: Too Many Requests
00:26:57 [mine] Identifying suitable South Deccan Platea: HTTP Error 429: Too Many Requests
00:26:57 [mine] Canis lupus South Deccan Plateau dry dec: HTTP Error 429: Too Many Requests
00:26:57 [mine] Paraechinus nudiventris South Deccan Pla: HTTP Error 429: Too Many Requests
00:26:57 [mine] Small mammals South Deccan Plateau dry d: HTTP Error 429: Too Many Requests
00:26:58 [mine] Prionailurus rubiginosus South Deccan Pl: HTTP Error 429: Too Many Requests
00:26:58 [mine] The goal South Deccan Plateau dry decidu: HTTP Error 429: Too Many Requests
00:26:58 [mine] Short communication South Deccan Plateau: HTTP Error 429: Too Many Requests
00:26:58 [mine] Massive erosion South Deccan Plateau dry: HTTP Error 429: Too Many Requests
00:26:58 [mine] Endemic orchids South Deccan Plateau dry: HTTP Error 429: Too Many Requests
00:26:58 [mine] The present South Deccan Plateau dry dec: HTTP Error 429: Too Many Requests
00:26:58 [mine] This publication South Deccan Plateau dr: HTTP Error 429: Too Many Requests
00:26:59 [mine] Atlas format South Deccan Plateau dry de: HTTP Error 429: Too Many Requests
00:26:59 [mine] Indian natural South Deccan Plateau dry : HTTP Error 429: Too Many Requests
00:26:59 === stop: 48 papers, 134 indicators, 78 measured, 56 gaps, queue left 0, cursor used 60
00:38:16 [mine] invasives South Deccan Plateau dry decid: HTTP Error 429: Too Many Requests
00:38:49 [mine] restoration South Deccan Plateau dry dec: HTTP Error 429: Too Many Requests
00:39:21 [mine] biodiversity South Deccan Plateau dry de: HTTP Error 429: Too Many Requests
00:39:53 [mine] water South Deccan Plateau dry deciduous: HTTP Error 429: Too Many Requests
00:41:47 [elephants_by_the_lake/elephants] q='elephants South Deccan Plateau dry deciduous': 1 new (cursor 60/150, q9, disk 257G, 0.0h)
00:42:12 [elephants_by_the_lake/livelihoods] q='livelihoods South Deccan Plateau dry deciduo': 3 new (cursor 61/150, q10, disk 257G, 0.0h)
00:42:17 [elephants_by_the_lake/nurseries] q='nurseries South Deccan Plateau dry deciduous': 0 new (cursor 61/150, q11, disk 257G, 0.0h)
00:42:18 [anamalai_nilgiris/invasives] q='invasives South Western Ghats montane rain f': 1 new (cursor 61/150, q10, disk 257G, 0.0h)
00:42:20 [anamalai_nilgiris/restoration] q='restoration South Western Ghats montane rain': 2 new (cursor 61/150, q11, disk 257G, 0.0h)
00:42:23 [anamalai_nilgiris/biodiversity] q='biodiversity South Western Ghats montane rai': 1 new (cursor 61/150, q13, disk 257G, 0.0h)
00:42:25 [anamalai_nilgiris/water] q='water South Western Ghats montane rain fores': 0 new (cursor 61/150, q14, disk 257G, 0.0h)
00:42:26 [anamalai_nilgiris/elephants] q='elephants South Western Ghats montane rain f': 1 new (cursor 61/150, q13, disk 257G, 0.0h)
00:42:29 [anamalai_nilgiris/livelihoods] q='livelihoods South Western Ghats montane rain': 1 new (cursor 61/150, q14, disk 257G, 0.0h)
00:42:36 [anamalai_nilgiris/nurseries] q='nurseries South Western Ghats montane rain f': 2 new (cursor 61/150, q15, disk 257G, 0.0h)
00:42:37 [elephants_by_the_lake/elephants] q='India since South Deccan Plateau dry deciduo': 2 new (cursor 61/150, q15, disk 257G, 0.0h)
00:42:39 [elephants_by_the_lake/elephants] q='Despite their South Deccan Plateau dry decid': 1 new (cursor 61/150, q18, disk 257G, 0.0h)
00:42:40 [elephants_by_the_lake/livelihoods] q='The deciduous South Deccan Plateau dry decid': 0 new (cursor 61/150, q19, disk 257G, 0.0h)
00:42:42 [elephants_by_the_lake/livelihoods] q='Poona district South Deccan Plateau dry deci': 1 new (cursor 61/150, q18, disk 257G, 0.0h)
00:42:43 [anamalai_nilgiris/invasives] q='Not seeing South Western Ghats montane rain ': 0 new (cursor 61/150, q19, disk 257G, 0.0h)
00:42:44 [anamalai_nilgiris/invasives] q='Timber plantations South Western Ghats monta': 0 new (cursor 61/150, q18, disk 257G, 0.0h)
00:42:46 [anamalai_nilgiris/restoration] q='Soil organic South Western Ghats montane rai': 1 new (cursor 61/150, q17, disk 257G, 0.0h)
00:42:47 [anamalai_nilgiris/restoration] q='Epiphytes play South Western Ghats montane r': 1 new (cursor 61/150, q18, disk 257G, 0.0h)
00:42:48 [anamalai_nilgiris/restoration] q='While tree South Western Ghats montane rain ': 0 new (cursor 61/150, q19, disk 257G, 0.0h)
00:42:50 [anamalai_nilgiris/biodiversity] q='Floristic composition South Western Ghats mo': 1 new (cursor 61/150, q18, disk 257G, 0.0h)
00:42:51 [anamalai_nilgiris/biodiversity] q='Togolese mountain South Western Ghats montan': 0 new (cursor 61/150, q19, disk 257G, 0.0h)
00:42:53 [anamalai_nilgiris/elephants] q='Caesalpinioideae genera South Western Ghats ': 0 new (cursor 61/150, q18, disk 257G, 0.0h)
00:42:54 [anamalai_nilgiris/elephants] q='Caesalpinioideae comprises South Western Gha': 0 new (cursor 61/150, q17, disk 257G, 0.0h)
00:42:55 [anamalai_nilgiris/livelihoods] q='Assigning conservation South Western Ghats m': 0 new (cursor 61/150, q16, disk 257G, 0.0h)
00:42:57 [anamalai_nilgiris/livelihoods] q='Extensive harvesting South Western Ghats mon': 1 new (cursor 61/150, q15, disk 257G, 0.0h)
00:42:58 [anamalai_nilgiris/nurseries] q='Plant diversity South Western Ghats montane ': 0 new (cursor 61/150, q16, disk 257G, 0.0h)
00:42:59 [elephants_by_the_lake/elephants] q='Overlap with South Deccan Plateau dry decidu': 0 new (cursor 61/150, q15, disk 257G, 0.0h)
00:43:01 [elephants_by_the_lake/elephants] q='Ecosystems worldwide South Deccan Plateau dr': 1 new (cursor 61/150, q14, disk 257G, 0.0h)
00:43:03 [elephants_by_the_lake/elephants] q='Monsoon forced South Deccan Plateau dry deci': 1 new (cursor 61/150, q15, disk 257G, 0.0h)
00:43:05 [elephants_by_the_lake/elephants] q='An unresolved South Deccan Plateau dry decid': 0 new (cursor 61/150, q16, disk 257G, 0.0h)
00:43:06 [elephants_by_the_lake/elephants] q='Climate change South Deccan Plateau dry deci': 0 new (cursor 61/150, q15, disk 257G, 0.0h)
00:43:08 [elephants_by_the_lake/elephants] q='Amidst several South Deccan Plateau dry deci': 0 new (cursor 61/150, q14, disk 257G, 0.0h)
00:43:09 [elephants_by_the_lake/livelihoods] q='Most subfamilies South Deccan Plateau dry de': 2 new (cursor 61/150, q13, disk 257G, 0.0h)
00:43:12 [elephants_by_the_lake/livelihoods] q='The list South Deccan Plateau dry deciduous ': 1 new (cursor 61/150, q16, disk 257G, 0.0h)
00:43:13 [anamalai_nilgiris/restoration] q='The scope South Western Ghats montane rain f': 2 new (cursor 61/150, q17, disk 257G, 0.0h)
00:43:16 [anamalai_nilgiris/restoration] q='Ayurveda knowledge South Western Ghats monta': 0 new (cursor 61/150, q20, disk 257G, 0.0h)
00:43:17 [anamalai_nilgiris/restoration] q='Gesneriaceae based South Western Ghats monta': 0 new (cursor 61/150, q19, disk 257G, 0.0h)
00:43:18 [anamalai_nilgiris/restoration] q='Gesneriaceae belongs South Western Ghats mon': 0 new (cursor 61/150, q18, disk 257G, 0.0h)
00:43:20 [anamalai_nilgiris/biodiversity] q='Lanka across South Western Ghats montane rai': 2 new (cursor 61/150, q17, disk 257G, 0.0h)
00:43:21 [anamalai_nilgiris/biodiversity] q='Tropical rainforests South Western Ghats mon': 0 new (cursor 61/150, q20, disk 257G, 0.0h)
00:43:22 [anamalai_nilgiris/livelihoods] q='Habitat suitability South Western Ghats mont': 0 new (cursor 61/150, q19, disk 257G, 0.0h)
00:43:24 [anamalai_nilgiris/livelihoods] q='Latidens salimalii South Western Ghats monta': 0 new (cursor 61/150, q18, disk 257G, 0.0h)
00:43:25 [elephants_by_the_lake/elephants] q='By sequencing South Deccan Plateau dry decid': 0 new (cursor 61/150, q17, disk 257G, 0.0h)
00:43:26 [elephants_by_the_lake/elephants] q='We show South Deccan Plateau dry deciduous f': 0 new (cursor 61/150, q16, disk 257G, 0.0h)
00:43:28 [elephants_by_the_lake/elephants] q='Cenozoic topography South Deccan Plateau dry': 1 new (cursor 61/150, q15, disk 257G, 0.0h)
00:43:29 [elephants_by_the_lake/elephants] q='An evolving South Deccan Plateau dry deciduo': 0 new (cursor 61/150, q16, disk 257G, 0.0h)
00:43:31 [elephants_by_the_lake/livelihoods] q='Coryphoid palms South Deccan Plateau dry dec': 0 new (cursor 61/150, q15, disk 257G, 0.0h)
00:43:32 [elephants_by_the_lake/livelihoods] q='Pg boundary South Deccan Plateau dry deciduo': 1 new (cursor 61/150, q14, disk 257G, 0.0h)
00:43:34 [elephants_by_the_lake/livelihoods] q='An updated South Deccan Plateau dry deciduou': 0 new (cursor 61/150, q15, disk 257G, 0.0h)
00:43:35 [elephants_by_the_lake/livelihoods] q='India with South Deccan Plateau dry deciduou': 0 new (cursor 61/150, q14, disk 257G, 0.0h)
00:43:36 [elephants_by_the_lake/livelihoods] q='The mugger South Deccan Plateau dry deciduou': 0 new (cursor 61/150, q13, disk 257G, 0.0h)
00:43:38 [elephants_by_the_lake/livelihoods] q='Crocodylus palustris South Deccan Plateau dr': 0 new (cursor 61/150, q12, disk 257G, 0.0h)
00:43:39 [anamalai_nilgiris/restoration] q='Indian flora South Western Ghats montane rai': 0 new (cursor 61/150, q11, disk 257G, 0.0h)
00:43:40 [anamalai_nilgiris/restoration] q='Higher human South Western Ghats montane rai': 0 new (cursor 61/150, q10, disk 257G, 0.0h)
00:43:42 [anamalai_nilgiris/restoration] q='We identified South Western Ghats montane ra': 0 new (cursor 61/150, q9, disk 257G, 0.0h)
00:43:43 [anamalai_nilgiris/restoration] q='India through South Western Ghats montane ra': 0 new (cursor 61/150, q8, disk 257G, 0.0h)
00:43:44 [anamalai_nilgiris/biodiversity] q='Puntius sensu South Western Ghats montane ra': 0 new (cursor 61/150, q7, disk 257G, 0.0h)
00:43:46 [anamalai_nilgiris/biodiversity] q='Asian lineages South Western Ghats montane r': 1 new (cursor 61/150, q6, disk 257G, 0.0h)
00:43:48 [anamalai_nilgiris/biodiversity] q='Molecular species South Western Ghats montan': 0 new (cursor 61/150, q7, disk 257G, 0.0h)
00:43:49 [anamalai_nilgiris/biodiversity] q='Its anuran South Western Ghats montane rain ': 1 new (cursor 61/150, q6, disk 257G, 0.0h)
00:43:50 [elephants_by_the_lake/elephants] q='Geophysical upheavals South Deccan Plateau d': 0 new (cursor 61/150, q7, disk 257G, 0.0h)
00:43:51 [elephants_by_the_lake/elephants] q='Himalayan region South Deccan Plateau dry de': 0 new (cursor 61/150, q6, disk 257G, 0.0h)
00:43:53 [elephants_by_the_lake/livelihoods] q='This movement South Deccan Plateau dry decid': 0 new (cursor 61/150, q5, disk 257G, 0.0h)
00:43:54 [elephants_by_the_lake/livelihoods] q='While intricately South Deccan Plateau dry d': 0 new (cursor 61/150, q4, disk 257G, 0.0h)
00:43:55 [anamalai_nilgiris/biodiversity] q='Astrobatrachinae subfam South Western Ghats ': 0 new (cursor 61/150, q3, disk 257G, 0.0h)
00:43:57 [anamalai_nilgiris/biodiversity] q='Phylogenetic analysis South Western Ghats mo': 0 new (cursor 61/150, q2, disk 257G, 0.0h)
00:43:58 [anamalai_nilgiris/biodiversity] q='Frogs with South Western Ghats montane rain ': 0 new (cursor 61/150, q1, disk 257G, 0.0h)
00:43:59 [anamalai_nilgiris/biodiversity] q='Despite renewed South Western Ghats montane ': 0 new (cursor 61/150, q0, disk 257G, 0.0h)
00:44:01 [elephants_by_the_lake/snowball] q='Elephas maximus ecology India': 3 new (cursor 61/150, q79, disk 257G, 0.0h)
00:44:03 [elephants_by_the_lake/snowball] q='Elephas maximus impact India': 3 new (cursor 61/150, q84, disk 257G, 0.0h)
00:44:05 [elephants_by_the_lake/snowball] q='Elephas maximus monitoring India': 2 new (cursor 61/150, q87, disk 257G, 0.0h)
00:44:08 [elephants_by_the_lake/snowball] q='Circaetus gallicus ecology India': 3 new (cursor 61/150, q88, disk 257G, 0.0h)
00:44:13 [elephants_by_the_lake/snowball] q='Circaetus gallicus impact India': 3 new (cursor 61/150, q93, disk 257G, 0.0h)
00:44:18 [elephants_by_the_lake/snowball] q='Circaetus gallicus monitoring India': 1 new (cursor 61/150, q97, disk 257G, 0.0h)
00:44:21 [elephants_by_the_lake/snowball] q='Gallus sonneratii ecology India': 3 new (cursor 61/150, q98, disk 257G, 0.0h)
00:44:25 [elephants_by_the_lake/snowball] q='Gallus sonneratii impact India': 3 new (cursor 61/150, q101, disk 257G, 0.0h)
00:44:29 [elephants_by_the_lake/snowball] q='Gallus sonneratii monitoring India': 1 new (cursor 61/150, q106, disk 257G, 0.0h)
00:44:30 [elephants_by_the_lake/snowball] q='Chloroxylon swietenia ecology India': 3 new (cursor 61/150, q107, disk 257G, 0.0h)
00:44:34 [elephants_by_the_lake/snowball] q='Chloroxylon swietenia impact India': 3 new (cursor 61/150, q112, disk 257G, 0.0h)
00:44:35 [elephants_by_the_lake/snowball] q='Chloroxylon swietenia monitoring India': 2 new (cursor 61/150, q115, disk 257G, 0.0h)
00:44:37 [elephants_by_the_lake/snowball] q='Wrightia tinctoria ecology India': 3 new (cursor 61/150, q118, disk 257G, 0.0h)
00:44:41 [elephants_by_the_lake/snowball] q='Wrightia tinctoria impact India': 2 new (cursor 61/150, q121, disk 257G, 0.0h)
00:44:43 [elephants_by_the_lake/snowball] q='Wrightia tinctoria monitoring India': 1 new (cursor 61/150, q123, disk 257G, 0.0h)
00:44:44 [elephants_by_the_lake/snowball] q='Lantana camara ecology India': 3 new (cursor 61/150, q123, disk 257G, 0.0h)
00:44:50 [elephants_by_the_lake/snowball] q='Lantana camara impact India': 2 new (cursor 61/150, q126, disk 257G, 0.0h)
00:44:53 [elephants_by_the_lake/snowball] q='Lantana camara monitoring India': 1 new (cursor 61/150, q128, disk 257G, 0.0h)
00:44:55 [elephants_by_the_lake/snowball] q='Diospyros montana ecology India': 3 new (cursor 61/150, q129, disk 257G, 0.0h)
00:45:00 [elephants_by_the_lake/snowball] q='Diospyros montana impact India': 1 new (cursor 61/150, q134, disk 257G, 0.0h)
00:45:01 [elephants_by_the_lake/snowball] q='Diospyros montana monitoring India': 0 new (cursor 61/150, q135, disk 257G, 0.0h)
00:45:02 [elephants_by_the_lake/snowball] q='Ficus ecology India': 3 new (cursor 61/150, q134, disk 257G, 0.0h)
00:45:06 [elephants_by_the_lake/snowball] q='Ficus impact India': 2 new (cursor 61/150, q139, disk 257G, 0.0h)
00:45:08 [elephants_by_the_lake/snowball] q='Ficus monitoring India': 2 new (cursor 61/150, q142, disk 257G, 0.0h)
00:45:09 [elephants_by_the_lake/snowball] q='Clanga hastata ecology India': 2 new (cursor 61/150, q145, disk 257G, 0.0h)
00:45:13 [elephants_by_the_lake/snowball] q='Clanga hastata impact India': 0 new (cursor 61/150, q148, disk 257G, 0.0h)
00:45:15 [elephants_by_the_lake/snowball] q='Clanga hastata monitoring India': 1 new (cursor 61/150, q147, disk 257G, 0.0h)
00:45:18 [elephants_by_the_lake/snowball] q='Chrysocolaptes festivus ecology India': 1 new (cursor 61/150, q148, disk 257G, 0.0h)
00:45:28 [elephants_by_the_lake/snowball] q='Chrysocolaptes festivus impact India': 3 new (cursor 61/150, q149, disk 257G, 0.0h)
00:45:34 [elephants_by_the_lake/snowball] q='Chrysocolaptes festivus monitoring India': 0 new (cursor 61/150, q149, disk 257G, 0.0h)
00:45:41 [elephants_by_the_lake/analog] q='Bandipur-Mudumalai-Nagarhole biodiversity re': 3 new (cursor 61/150, q148, disk 257G, 0.0h)
00:45:48 [elephants_by_the_lake/analog] q='Sathyamangalam-BRT biodiversity restoration': 3 new (cursor 61/150, q149, disk 257G, 0.0h)
00:45:54 [elephants_by_the_lake/analog] q='Cauvery WLS / MM Hills biodiversity restorat': 2 new (cursor 61/150, q151, disk 257G, 0.0h)
00:46:00 [elephants_by_the_lake/invasives] q='invasives South Deccan Plateau dry deciduous': 2 new (cursor 61/150, q152, disk 257G, 0.0h)
00:46:07 [elephants_by_the_lake/invasives] q='invasives South Deccan Plateau dry deciduous': 1 new (cursor 61/150, q153, disk 257G, 0.0h)
00:46:12 [elephants_by_the_lake/invasives] q='invasives South Deccan Plateau dry deciduous': 1 new (cursor 61/150, q152, disk 257G, 0.0h)
00:46:18 [elephants_by_the_lake/invasives] q='invasives South Deccan Plateau dry deciduous': 0 new (cursor 61/150, q152, disk 257G, 0.0h)
00:46:26 [elephants_by_the_lake/invasives] q='invasives South Deccan Plateau dry deciduous': 0 new (cursor 61/150, q151, disk 257G, 0.0h)
00:46:31 [elephants_by_the_lake/invasives] q='invasives South Deccan Plateau dry deciduous': 2 new (cursor 61/150, q150, disk 257G, 0.0h)
00:46:38 [elephants_by_the_lake/invasives] q='invasives South Deccan Plateau dry deciduous': 1 new (cursor 61/150, q151, disk 257G, 0.0h)
00:46:39 [elephants_by_the_lake/restoration] q='restoration South Deccan Plateau dry deciduo': 0 new (cursor 61/150, q152, disk 257G, 0.0h)
00:46:40 [elephants_by_the_lake/restoration] q='restoration South Deccan Plateau dry deciduo': 0 new (cursor 61/150, q151, disk 257G, 0.0h)
00:46:41 [elephants_by_the_lake/restoration] q='restoration South Deccan Plateau dry deciduo': 0 new (cursor 61/150, q150, disk 257G, 0.0h)
00:46:43 [elephants_by_the_lake/restoration] q='restoration South Deccan Plateau dry deciduo': 0 new (cursor 61/150, q149, disk 257G, 0.0h)
00:46:44 [elephants_by_the_lake/restoration] q='restoration South Deccan Plateau dry deciduo': 0 new (cursor 61/150, q148, disk 257G, 0.0h)
00:46:45 [elephants_by_the_lake/restoration] q='restoration South Deccan Plateau dry deciduo': 0 new (cursor 61/150, q147, disk 257G, 0.0h)
00:46:46 [elephants_by_the_lake/restoration] q='restoration South Deccan Plateau dry deciduo': 0 new (cursor 61/150, q146, disk 257G, 0.0h)
00:46:48 [elephants_by_the_lake/biodiversity] q='biodiversity South Deccan Plateau dry decidu': 0 new (cursor 61/150, q145, disk 257G, 0.0h)
00:46:49 [elephants_by_the_lake/biodiversity] q='biodiversity South Deccan Plateau dry decidu': 1 new (cursor 61/150, q144, disk 257G, 0.0h)
00:46:50 [elephants_by_the_lake/biodiversity] q='biodiversity South Deccan Plateau dry decidu': 0 new (cursor 61/150, q145, disk 257G, 0.0h)
00:46:52 [elephants_by_the_lake/biodiversity] q='biodiversity South Deccan Plateau dry decidu': 0 new (cursor 61/150, q144, disk 257G, 0.0h)
00:46:53 [elephants_by_the_lake/biodiversity] q='biodiversity South Deccan Plateau dry decidu': 0 new (cursor 61/150, q143, disk 257G, 0.0h)
00:46:54 [elephants_by_the_lake/biodiversity] q='biodiversity South Deccan Plateau dry decidu': 0 new (cursor 61/150, q142, disk 257G, 0.0h)
00:46:56 [elephants_by_the_lake/biodiversity] q='biodiversity South Deccan Plateau dry decidu': 0 new (cursor 61/150, q141, disk 257G, 0.0h)
00:46:57 [elephants_by_the_lake/water] q='water South Deccan Plateau dry deciduous for': 0 new (cursor 61/150, q140, disk 257G, 0.0h)
00:46:58 [elephants_by_the_lake/water] q='water South Deccan Plateau dry deciduous for': 0 new (cursor 61/150, q139, disk 257G, 0.0h)
00:46:59 [elephants_by_the_lake/water] q='water South Deccan Plateau dry deciduous for': 0 new (cursor 61/150, q138, disk 257G, 0.0h)
00:47:01 [elephants_by_the_lake/water] q='water South Deccan Plateau dry deciduous for': 0 new (cursor 61/150, q137, disk 257G, 0.0h)
00:47:02 [elephants_by_the_lake/water] q='water South Deccan Plateau dry deciduous for': 0 new (cursor 61/150, q136, disk 257G, 0.0h)
00:47:03 [elephants_by_the_lake/water] q='water South Deccan Plateau dry deciduous for': 0 new (cursor 61/150, q135, disk 257G, 0.0h)
00:47:05 [elephants_by_the_lake/water] q='water South Deccan Plateau dry deciduous for': 0 new (cursor 61/150, q134, disk 257G, 0.0h)
00:47:06 [elephants_by_the_lake/elephants] q='elephants South Deccan Plateau dry deciduous': 0 new (cursor 61/150, q133, disk 257G, 0.0h)
00:47:07 [elephants_by_the_lake/elephants] q='elephants South Deccan Plateau dry deciduous': 0 new (cursor 61/150, q132, disk 257G, 0.0h)
00:47:09 [elephants_by_the_lake/elephants] q='elephants South Deccan Plateau dry deciduous': 1 new (cursor 61/150, q131, disk 257G, 0.0h)
00:47:10 [elephants_by_the_lake/elephants] q='elephants South Deccan Plateau dry deciduous': 0 new (cursor 61/150, q132, disk 257G, 0.0h)
00:47:11 [elephants_by_the_lake/elephants] q='elephants South Deccan Plateau dry deciduous': 0 new (cursor 61/150, q131, disk 257G, 0.0h)
00:47:12 [elephants_by_the_lake/elephants] q='elephants South Deccan Plateau dry deciduous': 0 new (cursor 61/150, q130, disk 257G, 0.0h)
00:47:14 [elephants_by_the_lake/elephants] q='elephants South Deccan Plateau dry deciduous': 0 new (cursor 61/150, q129, disk 257G, 0.0h)
00:47:15 [elephants_by_the_lake/livelihoods] q='livelihoods South Deccan Plateau dry deciduo': 1 new (cursor 61/150, q128, disk 257G, 0.0h)
00:47:16 [elephants_by_the_lake/livelihoods] q='livelihoods South Deccan Plateau dry deciduo': 1 new (cursor 61/150, q128, disk 257G, 0.0h)
00:47:18 [elephants_by_the_lake/livelihoods] q='livelihoods South Deccan Plateau dry deciduo': 0 new (cursor 61/150, q129, disk 257G, 0.0h)
00:47:19 [elephants_by_the_lake/livelihoods] q='livelihoods South Deccan Plateau dry deciduo': 0 new (cursor 61/150, q128, disk 257G, 0.0h)
00:47:24 [elephants_by_the_lake/livelihoods] q='livelihoods South Deccan Plateau dry deciduo': 0 new (cursor 61/150, q127, disk 257G, 0.0h)
00:47:25 [elephants_by_the_lake/livelihoods] q='livelihoods South Deccan Plateau dry deciduo': 0 new (cursor 61/150, q126, disk 257G, 0.0h)
00:47:26 [elephants_by_the_lake/livelihoods] q='livelihoods South Deccan Plateau dry deciduo': 0 new (cursor 61/150, q125, disk 257G, 0.0h)
00:47:27 [elephants_by_the_lake/nurseries] q='nurseries South Deccan Plateau dry deciduous': 0 new (cursor 61/150, q124, disk 257G, 0.0h)
00:47:31 [elephants_by_the_lake/nurseries] q='nurseries South Deccan Plateau dry deciduous': 0 new (cursor 61/150, q123, disk 257G, 0.0h)
00:47:32 [elephants_by_the_lake/nurseries] q='nurseries South Deccan Plateau dry deciduous': 0 new (cursor 61/150, q122, disk 257G, 0.0h)
00:47:33 [elephants_by_the_lake/nurseries] q='nurseries South Deccan Plateau dry deciduous': 1 new (cursor 61/150, q121, disk 257G, 0.0h)
00:47:35 [elephants_by_the_lake/nurseries] q='nurseries South Deccan Plateau dry deciduous': 0 new (cursor 61/150, q121, disk 257G, 0.0h)
00:47:41 [elephants_by_the_lake/snowball] q='Intestinal microbiome South Deccan Plateau d': 1 new (cursor 61/150, q120, disk 257G, 0.0h)
00:47:41 [elephants_by_the_lake/snowball] q='Asian elephants South Deccan Plateau dry dec': 0 new (cursor 61/150, q119, disk 257G, 0.0h)
00:47:43 [elephants_by_the_lake/snowball] q='In this South Deccan Plateau dry deciduous f': 0 new (cursor 61/150, q118, disk 257G, 0.0h)
00:47:44 [elephants_by_the_lake/snowball] q='Our results South Deccan Plateau dry deciduo': 0 new (cursor 61/150, q117, disk 257G, 0.0h)
00:47:45 [elephants_by_the_lake/snowball] q='Molecular identification South Deccan Platea': 1 new (cursor 61/150, q116, disk 257G, 0.0h)
00:47:53 [elephants_by_the_lake/snowball] q='Pseudodiscus collinsi South Deccan Plateau d': 1 new (cursor 61/150, q117, disk 257G, 0.1h)
00:47:54 [elephants_by_the_lake/snowball] q='The reference South Deccan Plateau dry decid': 0 new (cursor 61/150, q117, disk 257G, 0.1h)
00:47:55 [elephants_by_the_lake/snowball] q='Elephas maximus South Deccan Plateau dry dec': 0 new (cursor 61/150, q116, disk 257G, 0.1h)
00:47:56 [elephants_by_the_lake/snowball] q='Protected national South Deccan Plateau dry ': 0 new (cursor 61/150, q115, disk 257G, 0.1h)
00:47:58 [elephants_by_the_lake/snowball] q='Population genomic South Deccan Plateau dry ': 0 new (cursor 61/150, q114, disk 257G, 0.1h)
00:48:04 [elephants_by_the_lake/snowball] q='Haematomyzus elephantis South Deccan Plateau': 1 new (cursor 61/150, q113, disk 257G, 0.1h)
00:48:09 [elephants_by_the_lake/snowball] q='Cobboldia elephantis South Deccan Plateau dr': 1 new (cursor 62/150, q113, disk 257G, 0.1h)
00:48:10 [elephants_by_the_lake/snowball] q='Wild birds South Deccan Plateau dry deciduou': 1 new (cursor 62/150, q113, disk 257G, 0.1h)
00:48:16 [elephants_by_the_lake/snowball] q='Greece remain South Deccan Plateau dry decid': 0 new (cursor 62/150, q114, disk 257G, 0.1h)
00:48:21 [elephants_by_the_lake/snowball] q='Chewing lice South Deccan Plateau dry decidu': 0 new (cursor 62/150, q113, disk 257G, 0.1h)
00:48:26 [elephants_by_the_lake/snowball] q='Golden eagle South Deccan Plateau dry decidu': 0 new (cursor 62/150, q112, disk 257G, 0.1h)
00:48:31 [elephants_by_the_lake/snowball] q='Detour migration South Deccan Plateau dry de': 0 new (cursor 62/150, q111, disk 257G, 0.1h)
00:48:37 [elephants_by_the_lake/snowball] q='Circus pygargus South Deccan Plateau dry dec': 1 new (cursor 62/150, q110, disk 257G, 0.1h)
00:48:38 [elephants_by_the_lake/snowball] q='From wetlands South Deccan Plateau dry decid': 0 new (cursor 62/150, q110, disk 257G, 0.1h)
00:48:43 [elephants_by_the_lake/snowball] q='Ciconia ciconia South Deccan Plateau dry dec': 3 new (cursor 62/150, q109, disk 257G, 0.1h)
00:48:50 [elephants_by_the_lake/snowball] q='Treponema pallidum South Deccan Plateau dry ': 1 new (cursor 62/150, q109, disk 257G, 0.1h)
00:48:51 [elephants_by_the_lake/snowball] q='The aberrant South Deccan Plateau dry decidu': 0 new (cursor 62/150, q109, disk 257G, 0.1h)
00:48:53 [elephants_by_the_lake/snowball] q='Escherichia coli South Deccan Plateau dry de': 0 new (cursor 62/150, q108, disk 257G, 0.1h)
00:48:54 [elephants_by_the_lake/snowball] q='Landscape heterogeneity South Deccan Plateau': 0 new (cursor 62/150, q107, disk 257G, 0.1h)
00:48:55 [elephants_by_the_lake/snowball] q='In addition South Deccan Plateau dry deciduo': 0 new (cursor 62/150, q106, disk 257G, 0.1h)
00:48:57 [elephants_by_the_lake/snowball] q='Linear infrastructure South Deccan Plateau d': 0 new (cursor 62/150, q105, disk 257G, 0.1h)
00:48:58 [elephants_by_the_lake/snowball] q='Linear infrastructures South Deccan Plateau ': 0 new (cursor 62/150, q104, disk 257G, 0.1h)
00:48:59 [elephants_by_the_lake/snowball] q='Valley fever South Deccan Plateau dry decidu': 0 new (cursor 62/150, q103, disk 257G, 0.1h)
00:49:01 [elephants_by_the_lake/snowball] q='Widespread urban South Deccan Plateau dry de': 0 new (cursor 62/150, q102, disk 257G, 0.1h)
00:49:02 [elephants_by_the_lake/snowball] q='Significant genomic South Deccan Plateau dry': 0 new (cursor 62/150, q101, disk 257G, 0.1h)
00:49:06 [elephants_by_the_lake/snowball] q='Gallus sonneratii South Deccan Plateau dry d': 1 new (cursor 62/150, q100, disk 257G, 0.1h)
00:49:09 [elephants_by_the_lake/snowball] q='Indigenous chicken South Deccan Plateau dry ': 1 new (cursor 62/150, q99, disk 257G, 0.1h)
00:49:14 [elephants_by_the_lake/snowball] q='Vietnamese indigenous South Deccan Plateau d': 0 new (cursor 62/150, q98, disk 257G, 0.1h)
00:49:15 [elephants_by_the_lake/snowball] q='The origin South Deccan Plateau dry deciduou': 0 new (cursor 62/150, q97, disk 257G, 0.1h)
00:49:16 [elephants_by_the_lake/snowball] q='This study South Deccan Plateau dry deciduou': 0 new (cursor 62/150, q96, disk 257G, 0.1h)
00:49:18 [elephants_by_the_lake/snowball] q='Every hill South Deccan Plateau dry deciduou': 1 new (cursor 62/150, q95, disk 257G, 0.1h)
00:49:19 [elephants_by_the_lake/snowball] q='Panthera pardus South Deccan Plateau dry dec': 0 new (cursor 62/150, q96, disk 257G, 0.1h)
00:49:20 [elephants_by_the_lake/snowball] q='Tree diversity South Deccan Plateau dry deci': 0 new (cursor 62/150, q95, disk 257G, 0.1h)
00:49:27 [elephants_by_the_lake/snowball] q='Study evaluates South Deccan Plateau dry dec': 0 new (cursor 62/150, q94, disk 257G, 0.1h)
00:49:30 [elephants_by_the_lake/snowball] q='Plastome evolution South Deccan Plateau dry ': 1 new (cursor 62/150, q93, disk 257G, 0.1h)
00:49:35 [elephants_by_the_lake/snowball] q='Ruteae have South Deccan Plateau dry deciduo': 0 new (cursor 62/150, q93, disk 257G, 0.1h)
00:49:39 [elephants_by_the_lake/snowball] q='Fire alters South Deccan Plateau dry deciduo': 1 new (cursor 62/150, q92, disk 257G, 0.1h)
00:49:39 [elephants_by_the_lake/snowball] q='India have South Deccan Plateau dry deciduou': 0 new (cursor 62/150, q91, disk 257G, 0.1h)
00:49:44 [elephants_by_the_lake/snowball] q='In vitro South Deccan Plateau dry deciduous ': 0 new (cursor 62/150, q90, disk 257G, 0.1h)
00:49:48 [elephants_by_the_lake/snowball] q='Chloroxylon swietenia South Deccan Plateau d': 2 new (cursor 62/150, q89, disk 257G, 0.1h)
00:49:52 [elephants_by_the_lake/snowball] q='Breast cancer South Deccan Plateau dry decid': 0 new (cursor 62/150, q89, disk 257G, 0.1h)
00:49:53 [elephants_by_the_lake/snowball] q='While current South Deccan Plateau dry decid': 0 new (cursor 62/150, q88, disk 257G, 0.1h)
00:49:54 [elephants_by_the_lake/snowball] q='University organized South Deccan Plateau dr': 0 new (cursor 62/150, q87, disk 257G, 0.1h)
00:49:58 [elephants_by_the_lake/snowball] q='The symposium South Deccan Plateau dry decid': 0 new (cursor 62/150, q86, disk 257G, 0.1h)
00:50:05 [elephants_by_the_lake/snowball] q='Waste upcycling South Deccan Plateau dry dec': 0 new (cursor 62/150, q85, disk 257G, 0.1h)
00:50:09 [elephants_by_the_lake/snowball] q='Sapota peels South Deccan Plateau dry decidu': 0 new (cursor 62/150, q84, disk 257G, 0.1h)
00:50:13 [elephants_by_the_lake/snowball] q='Wrightia tinctoria South Deccan Plateau dry ': 2 new (cursor 62/150, q83, disk 257G, 0.1h)
00:50:19 [elephants_by_the_lake/snowball] q='Xylaria rohrensis South Deccan Plateau dry d': 1 new (cursor 62/150, q83, disk 257G, 0.1h)
00:50:24 [elephants_by_the_lake/snowball] q='Aravalli hills South Deccan Plateau dry deci': 1 new (cursor 62/150, q84, disk 257G, 0.1h)
00:50:25 [elephants_by_the_lake/snowball] q='Prosopis juliflora South Deccan Plateau dry ': 1 new (cursor 62/150, q83, disk 257G, 0.1h)
00:50:30 [elephants_by_the_lake/snowball] q='Alstonia scholaris South Deccan Plateau dry ': 1 new (cursor 62/150, q84, disk 257G, 0.1h)
00:50:34 [elephants_by_the_lake/snowball] q='Reporter gene South Deccan Plateau dry decid': 0 new (cursor 62/150, q84, disk 257G, 0.1h)
00:50:35 [elephants_by_the_lake/snowball] q='The widely South Deccan Plateau dry deciduou': 0 new (cursor 62/150, q83, disk 257G, 0.1h)
00:50:36 [elephants_by_the_lake/snowball] q='Holarrhena pubescens South Deccan Plateau dr': 0 new (cursor 62/150, q82, disk 257G, 0.1h)
00:50:37 [elephants_by_the_lake/snowball] q='Lantana camara South Deccan Plateau dry deci': 0 new (cursor 62/150, q81, disk 257G, 0.1h)
00:50:38 [elephants_by_the_lake/snowball] q='The global South Deccan Plateau dry deciduou': 0 new (cursor 62/150, q80, disk 257G, 0.1h)
00:50:44 [elephants_by_the_lake/snowball] q='Manis crassicaudata South Deccan Plateau dry': 1 new (cursor 62/150, q79, disk 257G, 0.1h)
00:50:44 [elephants_by_the_lake/snowball] q='Indian pangolin South Deccan Plateau dry dec': 0 new (cursor 62/150, q80, disk 257G, 0.1h)
00:50:46 [elephants_by_the_lake/snowball] q='Spatiotemporal pattern ecology impact': 3 new (cursor 62/150, q79, disk 257G, 0.1h)
00:50:47 [elephants_by_the_lake/snowball] q='Lantana camara ecology impact': 2 new (cursor 62/150, q84, disk 257G, 0.1h)
00:50:50 [elephants_by_the_lake/snowball] q='Sustainable removal ecology impact': 3 new (cursor 62/150, q86, disk 257G, 0.1h)
00:50:52 [elephants_by_the_lake/snowball] q='Mountain pastoral ecology impact': 3 new (cursor 62/150, q90, disk 257G, 0.1h)
00:50:53 [elephants_by_the_lake/snowball] q='Himalaya face ecology impact': 3 new (cursor 62/150, q93, disk 257G, 0.1h)
00:50:56 [elephants_by_the_lake/snowball] q='Ethnobotanical assessment ecology impact': 2 new (cursor 62/150, q98, disk 257G, 0.1h)
00:50:59 [elephants_by_the_lake/snowball] q='District remains ecology impact': 2 new (cursor 62/150, q101, disk 257G, 0.1h)
00:51:00 [elephants_by_the_lake/snowball] q='Sanctuary considering ecology impact': 3 new (cursor 62/150, q102, disk 257G, 0.1h)
00:51:02 [elephants_by_the_lake/snowball] q='Canis lupus ecology impact': 2 new (cursor 62/150, q104, disk 257G, 0.1h)
00:51:05 [elephants_by_the_lake/snowball] q='Informants were ecology impact': 3 new (cursor 62/150, q106, disk 257G, 0.1h)
00:51:07 [elephants_by_the_lake/snowball] q='Ethnobotanical data ecology impact': 2 new (cursor 62/150, q109, disk 257G, 0.1h)
00:51:09 [elephants_by_the_lake/snowball] q='Diospyros montana ecology impact': 1 new (cursor 62/150, q111, disk 257G, 0.1h)
00:51:10 [elephants_by_the_lake/snowball] q='Aedes albopictus ecology impact': 3 new (cursor 62/150, q112, disk 257G, 0.1h)
00:51:14 [elephants_by_the_lake/snowball] q='What determines ecology impact': 3 new (cursor 62/150, q115, disk 257G, 0.1h)
00:51:16 [elephants_by_the_lake/snowball] q='Ficus species ecology impact': 3 new (cursor 62/150, q119, disk 257G, 0.1h)
00:51:18 [elephants_by_the_lake/snowball] q='Giant trees ecology impact': 3 new (cursor 62/150, q123, disk 257G, 0.1h)
00:51:20 [elephants_by_the_lake/snowball] q='Sacred groves ecology impact': 3 new (cursor 62/150, q126, disk 257G, 0.1h)
00:51:26 [elephants_by_the_lake/snowball] q='Climatic suitability ecology impact': 3 new (cursor 62/150, q131, disk 257G, 0.1h)
00:51:30 [elephants_by_the_lake/snowball] q='Parthenocissus tricuspidata ecology impact': 2 new (cursor 62/150, q134, disk 257G, 0.1h)
00:51:31 [elephants_by_the_lake/snowball] q='Invasive plant ecology impact': 3 new (cursor 62/150, q134, disk 257G, 0.1h)
00:51:35 [elephants_by_the_lake/snowball] q='Opuntia ficus ecology impact': 2 new (cursor 62/150, q136, disk 257G, 0.1h)
00:51:37 [elephants_by_the_lake/snowball] q='Gallic acid ecology impact': 3 new (cursor 62/150, q138, disk 257G, 0.1h)
00:51:38 [elephants_by_the_lake/snowball] q='Ficus hispida ecology impact': 2 new (cursor 62/150, q142, disk 257G, 0.1h)
00:51:40 [elephants_by_the_lake/snowball] q='Green vegetation ecology impact': 3 new (cursor 62/150, q144, disk 257G, 0.1h)
00:51:42 [elephants_by_the_lake/snowball] q='Raniganj coalfield ecology impact': 3 new (cursor 62/150, q148, disk 257G, 0.1h)
00:51:44 [elephants_by_the_lake/snowball] q='Evaluating urban ecology impact': 3 new (cursor 62/150, q151, disk 257G, 0.1h)
00:51:47 [elephants_by_the_lake/snowball] q='Urban forests ecology impact': 3 new (cursor 62/150, q156, disk 257G, 0.1h)
00:51:52 [elephants_by_the_lake/snowball] q='Environmental drivers ecology impact': 3 new (cursor 62/150, q160, disk 257G, 0.1h)
00:51:54 [elephants_by_the_lake/snowball] q='Mycteria leucocephala ecology impact': 2 new (cursor 62/150, q163, disk 257G, 0.1h)
00:51:57 [elephants_by_the_lake/snowball] q='Nadu along ecology impact': 3 new (cursor 62/150, q166, disk 257G, 0.1h)
00:51:59 [elephants_by_the_lake/snowball] q='Southeast coast ecology impact': 3 new (cursor 62/150, q168, disk 257G, 0.1h)
00:52:00 [elephants_by_the_lake/snowball] q='Diurnal raptors ecology impact': 3 new (cursor 62/150, q172, disk 257G, 0.1h)
00:52:02 [elephants_by_the_lake/snowball] q='Roadside point ecology impact': 3 new (cursor 62/150, q175, disk 257G, 0.1h)
00:52:05 [elephants_by_the_lake/snowball] q='Island ecosystems ecology impact': 3 new (cursor 62/150, q179, disk 257G, 0.1h)
00:52:09 [elephants_by_the_lake/snowball] q='Utilizing genomic ecology impact': 3 new (cursor 62/150, q184, disk 257G, 0.1h)
00:52:14 [elephants_by_the_lake/snowball] q='Chrysocolaptes festivus ecology impact': 0 new (cursor 62/150, q186, disk 257G, 0.1h)
00:52:14 [elephants_by_the_lake/analog] q='Parks over ecology impact': 1 new (cursor 62/150, q185, disk 257G, 0.1h)
00:52:16 [elephants_by_the_lake/analog] q='Nadu state ecology impact': 2 new (cursor 62/150, q184, disk 257G, 0.1h)
00:52:17 [elephants_by_the_lake/analog] q='Spatial capture ecology impact': 1 new (cursor 62/150, q187, disk 257G, 0.1h)
00:52:19 [elephants_by_the_lake/analog] q='Prosopis juliflora ecology impact': 3 new (cursor 62/150, q187, disk 257G, 0.1h)
00:52:22 [elephants_by_the_lake/analog] q='Sathyamangalam tiger ecology impact': 3 new (cursor 62/150, q189, disk 257G, 0.1h)
00:52:23 [elephants_by_the_lake/analog] q='Establishing restoration ecology impact': 3 new (cursor 62/150, q194, disk 257G, 0.1h)
00:52:26 [elephants_by_the_lake/analog] q='Hills region ecology impact': 2 new (cursor 62/150, q199, disk 257G, 0.1h)
00:52:30 [elephants_by_the_lake/invasives] q='Deciduous forests ecology impact': 3 new (cursor 62/150, q202, disk 257G, 0.1h)
00:52:31 [elephants_by_the_lake/invasives] q='Greater diversity ecology impact': 3 new (cursor 62/150, q207, disk 257G, 0.1h)
00:52:35 [elephants_by_the_lake/invasives] q='Community characterization ecology impact': 2 new (cursor 62/150, q208, disk 257G, 0.1h)
00:52:37 [elephants_by_the_lake/invasives] q='Disturbance across ecology impact': 3 new (cursor 62/150, q211, disk 257G, 0.1h)
00:52:39 [elephants_by_the_lake/invasives] q='Mining induced ecology impact': 2 new (cursor 62/150, q216, disk 257G, 0.1h)
00:52:40 [elephants_by_the_lake/invasives] q='Vegetation composition ecology impact': 3 new (cursor 62/150, q219, disk 257G, 0.1h)
00:52:43 [elephants_by_the_lake/invasives] q='Tectona grandis ecology impact': 1 new (cursor 62/150, q224, disk 257G, 0.1h)
00:52:45 [elephants_by_the_lake/biodiversity] q='Crop assemblages ecology impact': 3 new (cursor 62/150, q223, disk 257G, 0.1h)
00:52:50 [elephants_by_the_lake/biodiversity] q='Unravelling domestication ecology impact': 3 new (cursor 62/150, q228, disk 257G, 0.1h)
00:52:51 [elephants_by_the_lake/elephants] q='Understanding species ecology impact': 2 new (cursor 62/150, q231, disk 257G, 0.1h)
00:52:53 [elephants_by_the_lake/elephants] q='Elephas maximus ecology impact': 2 new (cursor 62/150, q234, disk 257G, 0.1h)
00:52:56 [elephants_by_the_lake/livelihoods] q='Ecological complexity ecology impact': 2 new (cursor 62/150, q236, disk 257G, 0.1h)
00:52:58 [elephants_by_the_lake/livelihoods] q='Almost every ecology impact': 3 new (cursor 62/150, q239, disk 257G, 0.1h)
00:53:00 [elephants_by_the_lake/livelihoods] q='Aggregate country ecology impact': 3 new (cursor 62/150, q241, disk 257G, 0.1h)
00:53:01 [elephants_by_the_lake/nurseries] q='Ailanthus excelsa ecology impact': 3 new (cursor 62/150, q246, disk 257G, 0.1h)
00:53:04 [elephants_by_the_lake/snowball] q='Fourteen species ecology impact': 3 new (cursor 62/150, q247, disk 257G, 0.1h)
00:53:06 [elephants_by_the_lake/snowball] q='Particular attention ecology impact': 3 new (cursor 62/150, q248, disk 257G, 0.1h)
00:53:07 [elephants_by_the_lake/snowball] q='Pseudodiscus collinsi ecology impact': 0 new (cursor 62/150, q252, disk 257G, 0.1h)
00:53:09 [elephants_by_the_lake/snowball] q='Haematomyzus elephantis ecology impact': 3 new (cursor 62/150, q251, disk 257G, 0.1h)
00:53:16 [elephants_by_the_lake/snowball] q='Cobboldia elephantis ecology impact': 1 new (cursor 62/150, q253, disk 257G, 0.1h)
00:53:17 [elephants_by_the_lake/snowball] q='World species ecology impact': 2 new (cursor 62/150, q252, disk 257G, 0.1h)
00:53:18 [elephants_by_the_lake/snowball] q='Identification keys ecology impact': 3 new (cursor 62/150, q254, disk 257G, 0.1h)
00:53:21 [elephants_by_the_lake/snowball] q='Circus pygargus ecology impact': 3 new (cursor 62/150, q259, disk 257G, 0.1h)
00:53:28 [elephants_by_the_lake/snowball] q='Ciconia ciconia ecology impact': 3 new (cursor 62/150, q264, disk 257G, 0.1h)
00:53:32 [elephants_by_the_lake/snowball] q='Treponema pallidum ecology impact': 3 new (cursor 62/150, q266, disk 257G, 0.1h)
00:53:33 [elephants_by_the_lake/snowball] q='Genetic analyses ecology impact': 3 new (cursor 62/150, q269, disk 257G, 0.1h)
00:53:37 [elephants_by_the_lake/snowball] q='Panthera pardus ecology impact': 2 new (cursor 62/150, q273, disk 257G, 0.1h)
00:53:38 [elephants_by_the_lake/snowball] q='Species coexistence ecology impact': 2 new (cursor 62/150, q274, disk 257G, 0.1h)
00:53:41 [elephants_by_the_lake/snowball] q='Chloroxylon swietenia ecology impact': 1 new (cursor 62/150, q275, disk 257G, 0.1h)
00:53:43 [elephants_by_the_lake/snowball] q='Wrightia tinctoria ecology impact': 1 new (cursor 62/150, q276, disk 257G, 0.1h)
00:53:44 [elephants_by_the_lake/snowball] q='Xylaria rohrensis ecology impact': 0 new (cursor 62/150, q277, disk 257G, 0.1h)
00:53:46 [elephants_by_the_lake/snowball] q='Juglans regia ecology impact': 2 new (cursor 62/150, q276, disk 257G, 0.1h)
00:53:48 [elephants_by_the_lake/snowball] q='Asia remain ecology impact': 1 new (cursor 62/150, q279, disk 257G, 0.1h)
00:53:50 [elephants_by_the_lake/snowball] q='Asia have ecology impact': 2 new (cursor 62/150, q279, disk 257G, 0.2h)
00:53:52 [elephants_by_the_lake/snowball] q='Alstonia scholaris ecology impact': 3 new (cursor 62/150, q281, disk 257G, 0.2h)
00:53:56 [elephants_by_the_lake/snowball] q='Habitat preference ecology impact': 3 new (cursor 62/150, q285, disk 257G, 0.2h)
00:53:59 [elephants_by_the_lake/snowball] q='Manis crassicaudata ecology impact': 2 new (cursor 62/150, q288, disk 257G, 0.2h)
00:54:00 [elephants_by_the_lake/snowball] q='Spatiotemporal evolution ecology impact': 1 new (cursor 62/150, q290, disk 257G, 0.2h)
00:54:02 [elephants_by_the_lake/snowball] q='Province from ecology impact': 3 new (cursor 62/150, q290, disk 257G, 0.2h)
00:54:03 [elephants_by_the_lake/snowball] q='Spatiotemporal variation ecology impact': 0 new (cursor 62/150, q295, disk 257G, 0.2h)
00:54:04 [elephants_by_the_lake/snowball] q='Combined multi ecology impact': 3 new (cursor 62/150, q294, disk 257G, 0.2h)
00:54:21 [elephants_by_the_lake/snowball] q='Spatiotemporal variations ecology impact': 1 new (cursor 63/150, q298, disk 257G, 0.2h)
00:54:23 [elephants_by_the_lake/snowball] q='Xinjiang from ecology impact': 3 new (cursor 63/150, q298, disk 257G, 0.2h)
00:54:24 [elephants_by_the_lake/snowball] q='Mosquitoes require ecology impact': 2 new (cursor 63/150, q301, disk 257G, 0.2h)
00:54:26 [elephants_by_the_lake/snowball] q='Anopheles mosquitoes ecology impact': 3 new (cursor 63/150, q302, disk 257G, 0.2h)
00:54:29 [elephants_by_the_lake/snowball] q='Species diversity ecology impact': 2 new (cursor 63/150, q307, disk 257G, 0.2h)
00:54:32 [elephants_by_the_lake/snowball] q='Enhancing pyrite ecology impact': 2 new (cursor 63/150, q309, disk 257G, 0.2h)
00:54:34 [elephants_by_the_lake/snowball] q='Insights into ecology impact': 2 new (cursor 63/150, q310, disk 257G, 0.2h)
00:54:35 [elephants_by_the_lake/snowball] q='Sorghum halepense ecology impact': 2 new (cursor 63/150, q311, disk 257G, 0.2h)
00:54:38 [elephants_by_the_lake/snowball] q='Zostera marina ecology impact': 2 new (cursor 63/150, q312, disk 257G, 0.2h)
00:54:41 [elephants_by_the_lake/snowball] q='Seagrasses such ecology impact': 2 new (cursor 63/150, q311, disk 257G, 0.2h)
00:54:44 [elephants_by_the_lake/snowball] q='Mediterranean ecosystems ecology impact': 2 new (cursor 63/150, q314, disk 257G, 0.2h)
00:54:46 [elephants_by_the_lake/snowball] q='Mediterranean habitats ecology impact': 3 new (cursor 63/150, q316, disk 257G, 0.2h)
00:54:49 [elephants_by_the_lake/snowball] q='Previous studies ecology impact': 2 new (cursor 63/150, q321, disk 257G, 0.2h)
00:54:50 [elephants_by_the_lake/snowball] q='Canis aureus ecology impact': 2 new (cursor 63/150, q324, disk 257G, 0.2h)
00:54:52 [elephants_by_the_lake/snowball] q='Aconitum spicatum ecology impact': 2 new (cursor 63/150, q326, disk 257G, 0.2h)
00:54:53 [elephants_by_the_lake/snowball] q='Aconitum naviculare ecology impact': 2 new (cursor 63/150, q329, disk 257G, 0.2h)
00:54:55 [elephants_by_the_lake/snowball] q='Freshwater ecosystems ecology impact': 3 new (cursor 63/150, q330, disk 257G, 0.2h)
00:54:56 [elephants_by_the_lake/snowball] q='Index showed ecology impact': 2 new (cursor 63/150, q334, disk 257G, 0.2h)
00:54:58 [elephants_by_the_lake/snowball] q='Niche partitioning ecology impact': 3 new (cursor 63/150, q337, disk 257G, 0.2h)
00:55:02 [elephants_by_the_lake/snowball] q='Panthera uncia ecology impact': 2 new (cursor 63/150, q342, disk 257G, 0.2h)
00:55:05 [elephants_by_the_lake/snowball] q='Ethnobotanical insights ecology impact': 0 new (cursor 63/150, q343, disk 257G, 0.2h)
00:55:06 [elephants_by_the_lake/snowball] q='Rheumatoid arthritis ecology impact': 3 new (cursor 63/150, q342, disk 257G, 0.2h)
00:55:08 [elephants_by_the_lake/snowball] q='Brazilian dietary ecology impact': 2 new (cursor 63/150, q345, disk 257G, 0.2h)
00:55:10 [elephants_by_the_lake/snowball] q='Edible flora ecology impact': 2 new (cursor 63/150, q348, disk 257G, 0.2h)
00:55:14 [elephants_by_the_lake/snowball] q='Ecosystem health ecology impact': 2 new (cursor 63/150, q351, disk 257G, 0.2h)
00:55:16 [elephants_by_the_lake/snowball] q='River estuary ecology impact': 2 new (cursor 63/150, q352, disk 257G, 0.2h)
00:55:17 [elephants_by_the_lake/snowball] q='Governance lens ecology impact': 3 new (cursor 63/150, q355, disk 257G, 0.2h)
00:55:20 [elephants_by_the_lake/snowball] q='Management enabled ecology impact': 3 new (cursor 63/150, q360, disk 257G, 0.2h)
00:55:22 [elephants_by_the_lake/snowball] q='Decoupled carbon ecology impact': 2 new (cursor 63/150, q363, disk 257G, 0.2h)
00:55:24 [elephants_by_the_lake/snowball] q='Rove beetles ecology impact': 2 new (cursor 63/150, q366, disk 257G, 0.2h)
00:55:27 [elephants_by_the_lake/snowball] q='Cryptic interactions ecology impact': 2 new (cursor 63/150, q368, disk 257G, 0.2h)
00:55:28 [elephants_by_the_lake/snowball] q='Iberian wolves ecology impact': 2 new (cursor 63/150, q370, disk 257G, 0.2h)
00:55:31 [elephants_by_the_lake/snowball] q='Beneficiary feedback ecology impact': 2 new (cursor 63/150, q373, disk 257G, 0.2h)
00:55:33 [elephants_by_the_lake/snowball] q='Exploring ways ecology impact': 3 new (cursor 63/150, q373, disk 257G, 0.2h)
00:55:35 [elephants_by_the_lake/snowball] q='Thirteen respondents ecology impact': 2 new (cursor 63/150, q376, disk 257G, 0.2h)
00:55:37 [elephants_by_the_lake/snowball] q='Ondo border ecology impact': 2 new (cursor 63/150, q379, disk 257G, 0.2h)
00:55:39 [elephants_by_the_lake/snowball] q='Nation community ecology impact': 2 new (cursor 63/150, q381, disk 257G, 0.2h)
00:55:41 [elephants_by_the_lake/snowball] q='Indigenous values ecology impact': 2 new (cursor 63/150, q383, disk 257G, 0.2h)
00:55:44 [elephants_by_the_lake/snowball] q='Mediterranean areas ecology impact': 3 new (cursor 63/150, q384, disk 257G, 0.2h)
00:55:48 [elephants_by_the_lake/snowball] q='Temporary baiting ecology impact': 2 new (cursor 63/150, q389, disk 257G, 0.2h)
00:55:49 [elephants_by_the_lake/snowball] q='Odocoileus virginianus ecology impact': 2 new (cursor 63/150, q390, disk 257G, 0.2h)
00:55:51 [elephants_by_the_lake/snowball] q='Nationwide larval ecology impact': 1 new (cursor 63/150, q393, disk 257G, 0.2h)
00:55:53 [elephants_by_the_lake/snowball] q='Cambodian households ecology impact': 2 new (cursor 63/150, q393, disk 257G, 0.2h)
00:55:55 [elephants_by_the_lake/snowball] q='Rickettsia felis ecology impact': 2 new (cursor 63/150, q396, disk 257G, 0.2h)
00:55:58 [elephants_by_the_lake/snowball] q='Stranger swings ecology impact': 2 new (cursor 63/150, q398, disk 257G, 0.2h)
00:55:59 [elephants_by_the_lake/snowball] q='Citation frequencies ecology impact': 2 new (cursor 63/150, q401, disk 257G, 0.2h)
00:56:02 [elephants_by_the_lake/snowball] q='Citation counts ecology impact': 1 new (cursor 63/150, q404, disk 257G, 0.2h)
00:56:03 [elephants_by_the_lake/snowball] q='Understanding what ecology impact': 3 new (cursor 63/150, q403, disk 257G, 0.2h)
00:56:05 [elephants_by_the_lake/snowball] q='Mechanistic constraint ecology impact': 1 new (cursor 63/150, q406, disk 257G, 0.2h)
00:56:07 [elephants_by_the_lake/snowball] q='Numerous phylogenetic ecology impact': 3 new (cursor 63/150, q407, disk 257G, 0.2h)
00:56:10 [elephants_by_the_lake/snowball] q='Agaonid wasps ecology impact': 2 new (cursor 63/150, q411, disk 257G, 0.2h)
00:56:11 [elephants_by_the_lake/snowball] q='Temporal sexual ecology impact': 2 new (cursor 63/150, q414, disk 257G, 0.2h)
00:56:13 [elephants_by_the_lake/snowball] q='Ficus septica ecology impact': 1 new (cursor 63/150, q417, disk 257G, 0.2h)
00:56:15 [elephants_by_the_lake/snowball] q='Caenorhabditis inopinata ecology impact': 1 new (cursor 63/150, q417, disk 257G, 0.2h)
00:56:16 [elephants_by_the_lake/snowball] q='Comparative environmental ecology impact': 3 new (cursor 63/150, q416, disk 257G, 0.2h)
00:56:17 [elephants_by_the_lake/snowball] q='Sequoiadendron giganteum ecology impact': 2 new (cursor 63/150, q421, disk 257G, 0.2h)
00:56:19 [elephants_by_the_lake/snowball] q='Pantanal virophage ecology impact': 0 new (cursor 63/150, q423, disk 257G, 0.2h)
00:56:42 [org_data] indexed 8 priority-org datasets from Zenodo
00:56:57 [elephants_by_the_lake/india_priority] q='ATREE Krishnagiri dry deciduous': 2 new (cursor 63/150, q506, disk 257G, 0.0h)
00:56:58 [elephants_by_the_lake/india_priority] q='Keystone Foundation Nilgiri restoration': 1 new (cursor 63/150, q506, disk 257G, 0.0h)
00:57:00 [elephants_by_the_lake/india_priority] q='NCF elephant corridor Tamil Nadu': 2 new (cursor 63/150, q505, disk 257G, 0.0h)
00:57:02 [elephants_by_the_lake/india_priority] q='FES community forest commons Karnataka Tamil': 3 new (cursor 63/150, q506, disk 257G, 0.0h)
00:57:03 [elephants_by_the_lake/india_priority] q='Soubadra Devy ATREE': 3 new (cursor 63/150, q506, disk 257G, 0.0h)
00:57:13 [elephants_by_the_lake/india_priority] q='R Ganesan ATREE dry forest': 3 new (cursor 63/150, q511, disk 257G, 0.0h)
00:57:18 [elephants_by_the_lake/india_priority] q='Vidya Athreya NCF human elephant conflict': 3 new (cursor 63/150, q512, disk 257G, 0.0h)
00:57:19 [elephants_by_the_lake/india_priority] q='Ajith Kumar NCF': 3 new (cursor 63/150, q513, disk 257G, 0.0h)
00:57:22 [elephants_by_the_lake/india_priority] q='Raman Sukumar elephant India': 3 new (cursor 63/150, q514, disk 257G, 0.0h)
00:57:28 [elephants_by_the_lake/india_priority] q='Vivek Menon WTI elephant corridor': 3 new (cursor 63/150, q516, disk 257G, 0.0h)
00:57:31 [elephants_by_the_lake/india_priority] q='Melagiri Hosur elephant landscape': 3 new (cursor 63/150, q516, disk 257G, 0.0h)
00:57:31 [elephants_by_the_lake/india_priority] q='Sathyamangalam Krishnagiri elephant': 1 new (cursor 63/150, q518, disk 257G, 0.0h)
00:57:33 [elephants_by_the_lake/india_priority] q='South Deccan Plateau dry deciduous forests': 1 new (cursor 63/150, q519, disk 257G, 0.0h)
00:57:35 [elephants_by_the_lake/india_priority] q='Lantana camara invasion India dry forest': 3 new (cursor 63/150, q520, disk 257G, 0.0h)
00:57:39 [elephants_by_the_lake/india_priority] q='Prosopis juliflora Tamil Nadu': 2 new (cursor 63/150, q522, disk 257G, 0.0h)
00:57:43 [elephants_by_the_lake/india_priority] q='WII WTI Elephant Corridors India 2023': 3 new (cursor 63/150, q523, disk 257G, 0.0h)
00:57:44 [elephants_by_the_lake/india_priority] q='SoIB 2023 Tamil Nadu': 1 new (cursor 63/150, q524, disk 257G, 0.0h)
00:57:47 [elephants_by_the_lake/india_priority] q='India Biodiversity Portal Krishnagiri': 3 new (cursor 63/150, q525, disk 257G, 0.0h)
00:57:48 [elephants_by_the_lake/india_priority] q='Bhuvan LULC Tamil Nadu': 3 new (cursor 63/150, q525, disk 257G, 0.0h)
00:57:54 [elephants_by_the_lake/india_priority] q='Veppanapalli restoration': 3 new (cursor 63/150, q530, disk 257G, 0.0h)
00:57:55 [elephants_by_the_lake/fundee] q='Elephants by the Lake restoration India': 3 new (cursor 63/150, q529, disk 257G, 0.0h)
00:58:00 [elephants_by_the_lake/fundee] q='Elephants by the Lake biodiversity India': 1 new (cursor 63/150, q532, disk 257G, 0.0h)
00:58:02 [elephants_by_the_lake/fundee] q='Elephants by the Lake livelihoods India': 1 new (cursor 63/150, q533, disk 257G, 0.0h)
00:58:03 [elephants_by_the_lake/fundee] q='Elephants by the Lake human elephant conflic': 0 new (cursor 63/150, q533, disk 257G, 0.0h)
00:58:06 [elephants_by_the_lake/fundee] q='Ashoka Trust for Research in Ecology and the': 3 new (cursor 63/150, q193, disk 257G, 0.0h)
00:58:10 [elephants_by_the_lake/fundee] q='Ashoka Trust for Research in Ecology and the': 2 new (cursor 63/150, q192, disk 257G, 0.0h)
00:58:11 [elephants_by_the_lake/fundee] q='Ashoka Trust for Research in Ecology and the': 1 new (cursor 63/150, q191, disk 257G, 0.0h)
00:58:28 [elephants_by_the_lake/fundee] q='Ashoka Trust for Research in Ecology and the': 3 new (cursor 63/150, q190, disk 257G, 0.0h)
00:58:32 [elephants_by_the_lake/fundee] q='Keystone Foundation restoration India': 3 new (cursor 63/150, q189, disk 257G, 0.0h)
00:58:34 [elephants_by_the_lake/fundee] q='Keystone Foundation biodiversity India': 3 new (cursor 63/150, q188, disk 257G, 0.0h)
00:58:38 [elephants_by_the_lake/fundee] q='Keystone Foundation livelihoods India': 2 new (cursor 63/150, q187, disk 257G, 0.0h)
00:58:40 [elephants_by_the_lake/fundee] q='Keystone Foundation human elephant conflict ': 2 new (cursor 63/150, q186, disk 257G, 0.0h)
00:58:42 [elephants_by_the_lake/fundee] q='Nature Conservation Foundation (NCF) restora': 2 new (cursor 63/150, q185, disk 257G, 0.0h)
00:58:45 [elephants_by_the_lake/fundee] q='Nature Conservation Foundation (NCF) biodive': 1 new (cursor 63/150, q184, disk 257G, 0.0h)
00:58:47 [elephants_by_the_lake/fundee] q='Nature Conservation Foundation (NCF) livelih': 2 new (cursor 63/150, q183, disk 257G, 0.0h)
00:58:49 [elephants_by_the_lake/fundee] q='Nature Conservation Foundation (NCF) human e': 1 new (cursor 63/150, q182, disk 257G, 0.0h)
00:58:51 [elephants_by_the_lake/fundee] q='Foundation for Ecological Security (FES) res': 2 new (cursor 63/150, q181, disk 257G, 0.0h)
00:58:53 [elephants_by_the_lake/fundee] q='Foundation for Ecological Security (FES) bio': 1 new (cursor 63/150, q180, disk 257G, 0.0h)
00:58:55 [elephants_by_the_lake/fundee] q='Foundation for Ecological Security (FES) liv': 1 new (cursor 63/150, q179, disk 257G, 0.0h)
00:58:56 [elephants_by_the_lake/fundee] q='Foundation for Ecological Security (FES) hum': 3 new (cursor 63/150, q178, disk 257G, 0.0h)
00:58:57 [elephants_by_the_lake/fundee] q='Dakshin Foundation restoration India': 2 new (cursor 63/150, q177, disk 257G, 0.0h)
00:58:59 [elephants_by_the_lake/fundee] q='Dakshin Foundation biodiversity India': 2 new (cursor 63/150, q176, disk 257G, 0.0h)
00:59:03 [elephants_by_the_lake/fundee] q='Dakshin Foundation livelihoods India': 3 new (cursor 63/150, q175, disk 257G, 0.0h)
00:59:05 [elephants_by_the_lake/fundee] q='Dakshin Foundation human elephant conflict I': 0 new (cursor 63/150, q174, disk 257G, 0.0h)
00:59:07 [elephants_by_the_lake/fundee] q='Living Farms restoration India': 2 new (cursor 63/150, q173, disk 257G, 0.0h)
00:59:10 [elephants_by_the_lake/fundee] q='Living Farms biodiversity India': 2 new (cursor 63/150, q172, disk 257G, 0.0h)
00:59:12 [elephants_by_the_lake/fundee] q='Living Farms livelihoods India': 2 new (cursor 63/150, q171, disk 257G, 0.0h)
00:59:14 [elephants_by_the_lake/fundee] q='Living Farms human elephant conflict India': 3 new (cursor 63/150, q170, disk 257G, 0.0h)
00:59:22 [elephants_by_the_lake/fundee] q='Wildlife Conservation Trust (WCT) restoratio': 3 new (cursor 63/150, q169, disk 257G, 0.0h)
00:59:26 [elephants_by_the_lake/fundee] q='Wildlife Conservation Trust (WCT) biodiversi': 1 new (cursor 63/150, q168, disk 257G, 0.0h)
00:59:32 [elephants_by_the_lake/fundee] q='Wildlife Conservation Trust (WCT) livelihood': 1 new (cursor 63/150, q167, disk 257G, 0.0h)
00:59:37 [elephants_by_the_lake/fundee] q='Wildlife Conservation Trust (WCT) human elep': 2 new (cursor 63/150, q166, disk 257G, 0.0h)
00:59:38 [elephants_by_the_lake/fundee] q='Centre for Environment Education (CEE) resto': 3 new (cursor 63/150, q165, disk 257G, 0.0h)
00:59:40 [elephants_by_the_lake/fundee] q='Centre for Environment Education (CEE) biodi': 3 new (cursor 63/150, q164, disk 257G, 0.0h)
00:59:41 [elephants_by_the_lake/fundee] q='Centre for Environment Education (CEE) livel': 3 new (cursor 63/150, q163, disk 257G, 0.0h)
00:59:42 [elephants_by_the_lake/fundee] q='Centre for Environment Education (CEE) human': 1 new (cursor 63/150, q162, disk 257G, 0.0h)
00:59:44 [elephants_by_the_lake/fundee] q='Kalpavriksh restoration India': 1 new (cursor 63/150, q161, disk 257G, 0.0h)
00:59:45 [elephants_by_the_lake/fundee] q='Kalpavriksh biodiversity India': 2 new (cursor 63/150, q160, disk 257G, 0.0h)
00:59:51 [elephants_by_the_lake/fundee] q='Kalpavriksh livelihoods India': 3 new (cursor 63/150, q159, disk 257G, 0.0h)
00:59:52 [elephants_by_the_lake/fundee] q='Kalpavriksh human elephant conflict India': 0 new (cursor 63/150, q158, disk 257G, 0.0h)
00:59:56 [elephants_by_the_lake/fundee] q='BAIF Development Research Foundation restora': 3 new (cursor 63/150, q157, disk 257G, 0.0h)
00:59:57 [elephants_by_the_lake/fundee] q='BAIF Development Research Foundation biodive': 2 new (cursor 63/150, q156, disk 257G, 0.0h)
00:59:59 [elephants_by_the_lake/fundee] q='BAIF Development Research Foundation livelih': 3 new (cursor 63/150, q155, disk 257G, 0.0h)
01:00:08 [elephants_by_the_lake/fundee] q='BAIF Development Research Foundation human e': 1 new (cursor 63/150, q154, disk 257G, 0.0h)
01:00:12 [elephants_by_the_lake/fundee] q='Samrakshan Trust restoration India': 3 new (cursor 63/150, q153, disk 257G, 0.0h)
01:00:19 [elephants_by_the_lake/fundee] q='Samrakshan Trust biodiversity India': 2 new (cursor 63/150, q152, disk 257G, 0.0h)
01:00:25 [elephants_by_the_lake/fundee] q='Samrakshan Trust livelihoods India': 1 new (cursor 63/150, q151, disk 257G, 0.0h)
01:00:25 [cursor] 3 empty/failed calls -> free heuristic for the rest
01:00:26 [elephants_by_the_lake/fundee] q='Samrakshan Trust human elephant conflict Ind': 1 new (cursor 64/150, q150, disk 257G, 0.0h)
01:00:28 [elephants_by_the_lake/fundee] q='Development Alternatives restoration India': 3 new (cursor 64/150, q149, disk 257G, 0.0h)
01:00:29 [elephants_by_the_lake/fundee] q='Development Alternatives biodiversity India': 3 new (cursor 64/150, q148, disk 257G, 0.0h)
01:00:32 [elephants_by_the_lake/fundee] q='Development Alternatives livelihoods India': 3 new (cursor 64/150, q147, disk 257G, 0.0h)
01:00:34 [elephants_by_the_lake/fundee] q='Development Alternatives human elephant conf': 2 new (cursor 64/150, q146, disk 257G, 0.0h)
01:00:36 [elephants_by_the_lake/fundee] q='Eco Needs Foundation restoration India': 2 new (cursor 64/150, q145, disk 257G, 0.0h)
01:00:37 [elephants_by_the_lake/fundee] q='Eco Needs Foundation biodiversity India': 1 new (cursor 64/150, q144, disk 257G, 0.0h)
01:00:39 [elephants_by_the_lake/fundee] q='Eco Needs Foundation livelihoods India': 1 new (cursor 64/150, q143, disk 257G, 0.0h)
01:00:40 [elephants_by_the_lake/fundee] q='Eco Needs Foundation human elephant conflict': 3 new (cursor 64/150, q142, disk 257G, 0.0h)
01:00:42 [elephants_by_the_lake/fundee] q='G.B. Pant National Institute of Himalayan En': 2 new (cursor 64/150, q141, disk 257G, 0.0h)
01:00:44 [elephants_by_the_lake/fundee] q='G.B. Pant National Institute of Himalayan En': 3 new (cursor 64/150, q140, disk 257G, 0.0h)
01:00:49 [elephants_by_the_lake/fundee] q='G.B. Pant National Institute of Himalayan En': 1 new (cursor 64/150, q139, disk 257G, 0.0h)
01:00:50 [elephants_by_the_lake/fundee] q='G.B. Pant National Institute of Himalayan En': 1 new (cursor 64/150, q138, disk 257G, 0.0h)
01:00:58 [elephants_by_the_lake/fundee] q='Himalayan Environmental Studies and Conserva': 3 new (cursor 64/150, q137, disk 257G, 0.0h)
01:01:01 [elephants_by_the_lake/fundee] q='Himalayan Environmental Studies and Conserva': 3 new (cursor 64/150, q136, disk 257G, 0.0h)
01:01:06 [elephants_by_the_lake/fundee] q='Himalayan Environmental Studies and Conserva': 3 new (cursor 64/150, q135, disk 257G, 0.1h)
01:01:10 [elephants_by_the_lake/fundee] q='Himalayan Environmental Studies and Conserva': 3 new (cursor 64/150, q134, disk 257G, 0.1h)
01:01:12 [elephants_by_the_lake/analog] q='Adult periodontitis ecology impact': 2 new (cursor 64/150, q133, disk 257G, 0.1h)
01:01:15 [elephants_by_the_lake/analog] q='Saliva samples ecology impact': 1 new (cursor 64/150, q132, disk 257G, 0.1h)
01:01:16 [elephants_by_the_lake/analog] q='Hydra magnipapillata ecology impact': 2 new (cursor 64/150, q131, disk 257G, 0.1h)
01:01:18 [elephants_by_the_lake/analog] q='While extensively ecology impact': 3 new (cursor 64/150, q130, disk 257G, 0.1h)
01:01:22 [elephants_by_the_lake/analog] q='Conservation biogeography ecology impact': 1 new (cursor 64/150, q129, disk 257G, 0.1h)
01:01:24 [elephants_by_the_lake/analog] q='Bauhinia thonningii ecology impact': 2 new (cursor 64/150, q128, disk 257G, 0.1h)
01:01:25 [elephants_by_the_lake/analog] q='Phytosociological analysis ecology impact': 2 new (cursor 64/150, q127, disk 257G, 0.1h)
01:01:28 [elephants_by_the_lake/analog] q='Field surveys ecology impact': 2 new (cursor 64/150, q126, disk 257G, 0.1h)
01:01:33 [elephants_by_the_lake/analog] q='Habitat suitability ecology impact': 2 new (cursor 64/150, q125, disk 257G, 0.1h)
01:01:38 [elephants_by_the_lake/analog] q='Muntiacus malabaricus ecology impact': 2 new (cursor 64/150, q124, disk 257G, 0.1h)
01:01:40 [elephants_by_the_lake/analog] q='Python molurus ecology impact': 2 new (cursor 64/150, q123, disk 257G, 0.1h)
01:01:44 [elephants_by_the_lake/analog] q='Translocated pythons ecology impact': 2 new (cursor 64/150, q122, disk 257G, 0.1h)
01:01:46 [elephants_by_the_lake/analog] q='Hyaena hyaena ecology impact': 3 new (cursor 64/150, q121, disk 257G, 0.1h)
01:01:50 [elephants_by_the_lake/analog] q='Reserves after ecology impact': 2 new (cursor 64/150, q120, disk 257G, 0.1h)
01:01:55 [elephants_by_the_lake/analog] q='Trail management ecology impact': 2 new (cursor 64/150, q119, disk 257G, 0.1h)
01:01:56 [elephants_by_the_lake/analog] q='Clarifying overlaps ecology impact': 1 new (cursor 64/150, q118, disk 257G, 0.1h)
01:01:58 [elephants_by_the_lake/analog] q='Widespread coral ecology impact': 1 new (cursor 64/150, q117, disk 257G, 0.1h)
01:02:00 [elephants_by_the_lake/analog] q='Restoration science ecology impact': 1 new (cursor 64/150, q116, disk 257G, 0.1h)
01:02:02 [elephants_by_the_lake/analog] q='Synthesizing insights ecology impact': 3 new (cursor 64/150, q115, disk 257G, 0.1h)
01:02:04 [elephants_by_the_lake/analog] q='Under accelerating ecology impact': 3 new (cursor 64/150, q114, disk 257G, 0.1h)
01:02:05 [elephants_by_the_lake/analog] q='Understanding elevational ecology impact': 2 new (cursor 64/150, q113, disk 257G, 0.1h)
01:02:08 [elephants_by_the_lake/analog] q='Himalayan elevation ecology impact': 1 new (cursor 64/150, q112, disk 257G, 0.1h)
01:02:09 [elephants_by_the_lake/analog] q='Japanese encephalitis ecology impact': 2 new (cursor 64/150, q111, disk 257G, 0.1h)
01:02:12 [elephants_by_the_lake/analog] q='Adult mosquitoes ecology impact': 1 new (cursor 64/150, q110, disk 257G, 0.1h)
01:02:14 [elephants_by_the_lake/invasives] q='Boreal forests ecology impact': 2 new (cursor 64/150, q109, disk 257G, 0.1h)
01:02:16 [elephants_by_the_lake/invasives] q='More than ecology impact': 1 new (cursor 64/150, q108, disk 257G, 0.1h)
01:02:17 [elephants_by_the_lake/invasives] q='Montane deciduous ecology impact': 2 new (cursor 64/150, q107, disk 257G, 0.1h)
01:02:20 [elephants_by_the_lake/invasives] q='Hemisphere serve ecology impact': 1 new (cursor 64/150, q106, disk 257G, 0.1h)
01:02:21 [elephants_by_the_lake/invasives] q='There were ecology impact': 0 new (cursor 64/150, q105, disk 257G, 0.1h)
01:02:22 [elephants_by_the_lake/invasives] q='Spearman rank ecology impact': 2 new (cursor 64/150, q104, disk 257G, 0.1h)
01:02:24 [elephants_by_the_lake/invasives] q='Overstory exhibited ecology impact': 2 new (cursor 64/150, q103, disk 257G, 0.1h)
01:02:26 [elephants_by_the_lake/invasives] q='Analysis identified ecology impact': 1 new (cursor 64/150, q102, disk 257G, 0.1h)
01:02:27 [elephants_by_the_lake/invasives] q='Traditional plastic ecology impact': 2 new (cursor 64/150, q101, disk 257G, 0.1h)
01:02:29 [elephants_by_the_lake/invasives] q='Four different ecology impact': 2 new (cursor 64/150, q100, disk 257G, 0.1h)
01:02:32 [elephants_by_the_lake/invasives] q='Coal gangue ecology impact': 2 new (cursor 64/150, q99, disk 257G, 0.1h)
01:02:34 [elephants_by_the_lake/invasives] q='Thermodynamic analysis ecology impact': 1 new (cursor 64/150, q98, disk 257G, 0.1h)
01:02:35 [elephants_by_the_lake/invasives] q='European bison ecology impact': 2 new (cursor 64/150, q97, disk 257G, 0.1h)
01:02:37 [elephants_by_the_lake/invasives] q='Despite strong ecology impact': 2 new (cursor 64/150, q96, disk 257G, 0.1h)
01:02:39 [elephants_by_the_lake/invasives] q='Natural disturbances ecology impact': 1 new (cursor 64/150, q95, disk 257G, 0.1h)
01:02:41 [elephants_by_the_lake/invasives] q='Predictable patterns ecology impact': 1 new (cursor 64/150, q94, disk 257G, 0.1h)
01:02:42 [elephants_by_the_lake/invasives] q='While disturbances ecology impact': 1 new (cursor 64/150, q93, disk 257G, 0.1h)
01:02:43 [elephants_by_the_lake/invasives] q='Changes influencing ecology impact': 0 new (cursor 64/150, q92, disk 257G, 0.1h)
01:02:45 [elephants_by_the_lake/invasives] q='Mining triggers ecology impact': 1 new (cursor 64/150, q91, disk 257G, 0.1h)
01:02:46 [elephants_by_the_lake/invasives] q='Increased levels ecology impact': 2 new (cursor 64/150, q90, disk 257G, 0.1h)
01:02:48 [elephants_by_the_lake/invasives] q='Siberian larch ecology impact': 2 new (cursor 64/150, q89, disk 257G, 0.1h)
01:02:49 [elephants_by_the_lake/invasives] q='Protocryptis sibiricella ecology impact': 0 new (cursor 64/150, q88, disk 257G, 0.1h)
01:02:51 [elephants_by_the_lake/invasives] q='Wind power ecology impact': 2 new (cursor 64/150, q87, disk 257G, 0.1h)
01:02:52 [elephants_by_the_lake/invasives] q='Increased ruderality ecology impact': 2 new (cursor 64/150, q86, disk 257G, 0.1h)
01:02:54 [elephants_by_the_lake/invasives] q='Selenec expressway ecology impact': 1 new (cursor 64/150, q85, disk 257G, 0.1h)
01:02:55 [elephants_by_the_lake/invasives] q='Linear transport ecology impact': 1 new (cursor 64/150, q84, disk 257G, 0.1h)
01:02:56 [elephants_by_the_lake/invasives] q='Hungarian meadow ecology impact': 2 new (cursor 64/150, q83, disk 257G, 0.1h)
01:02:58 [elephants_by_the_lake/invasives] q='Vipera ursinii ecology impact': 1 new (cursor 64/150, q82, disk 257G, 0.1h)
01:03:00 [elephants_by_the_lake/biodiversity] q='Orchard netting ecology impact': 1 new (cursor 64/150, q81, disk 257G, 0.1h)
01:03:01 [elephants_by_the_lake/biodiversity] q='Agriculture must ecology impact': 2 new (cursor 64/150, q80, disk 257G, 0.1h)
01:03:03 [elephants_by_the_lake/biodiversity] q='Seasonality mediates ecology impact': 2 new (cursor 64/150, q79, disk 257G, 0.1h)
01:03:04 [elephants_by_the_lake/biodiversity] q='Agricultural intensification ecology impact': 2 new (cursor 64/150, q78, disk 257G, 0.1h)
01:03:08 [elephants_by_the_lake/biodiversity] q='Agroforestry benefits ecology impact': 2 new (cursor 64/150, q77, disk 257G, 0.1h)
01:03:13 [elephants_by_the_lake/biodiversity] q='Ecuador vary ecology impact': 2 new (cursor 64/150, q76, disk 257G, 0.1h)
01:03:16 [elephants_by_the_lake/biodiversity] q='Conceptualizing emergent ecology impact': 2 new (cursor 64/150, q75, disk 257G, 0.1h)
01:03:18 [elephants_by_the_lake/biodiversity] q='Health framework ecology impact': 3 new (cursor 64/150, q74, disk 257G, 0.1h)
01:03:20 [elephants_by_the_lake/biodiversity] q='Olea europaea ecology impact': 3 new (cursor 64/150, q73, disk 257G, 0.1h)
01:03:22 [elephants_by_the_lake/biodiversity] q='Cultivated varieties ecology impact': 3 new (cursor 64/150, q72, disk 257G, 0.1h)
01:03:24 [elephants_by_the_lake/elephants] q='Seagrass detritus ecology impact': 2 new (cursor 64/150, q71, disk 257G, 0.1h)
01:03:26 [elephants_by_the_lake/elephants] q='Pinna nobilis ecology impact': 2 new (cursor 64/150, q70, disk 257G, 0.1h)
01:03:27 [elephants_by_the_lake/elephants] q='Navigating urban ecology impact': 2 new (cursor 64/150, q69, disk 257G, 0.1h)
01:03:29 [elephants_by_the_lake/elephants] q='Inherently interdisciplinary ecology impact': 2 new (cursor 64/150, q68, disk 257G, 0.1h)
01:03:30 [elephants_by_the_lake/elephants] q='Changing landscapes ecology impact': 2 new (cursor 64/150, q67, disk 257G, 0.1h)
01:03:31 [elephants_by_the_lake/elephants] q='Rapid changes ecology impact': 1 new (cursor 64/150, q66, disk 257G, 0.1h)
01:03:33 [elephants_by_the_lake/elephants] q='Sputum samples ecology impact': 3 new (cursor 64/150, q65, disk 257G, 0.1h)
01:03:34 [elephants_by_the_lake/livelihoods] q='Microplastic contamination ecology impact': 0 new (cursor 64/150, q64, disk 257G, 0.1h)
01:03:35 [elephants_by_the_lake/livelihoods] q='Microplastics elevated ecology impact': 1 new (cursor 64/150, q63, disk 257G, 0.1h)
01:03:37 [elephants_by_the_lake/livelihoods] q='Water samples ecology impact': 2 new (cursor 64/150, q62, disk 257G, 0.1h)
01:03:40 [elephants_by_the_lake/livelihoods] q='River exhibited ecology impact': 0 new (cursor 64/150, q61, disk 257G, 0.1h)
01:03:42 [elephants_by_the_lake/livelihoods] q='Introduced species ecology impact': 1 new (cursor 64/150, q60, disk 257G, 0.1h)
01:03:43 [elephants_by_the_lake/livelihoods] q='Caribbean coral ecology impact': 1 new (cursor 64/150, q59, disk 257G, 0.1h)
01:03:45 [elephants_by_the_lake/livelihoods] q='Bacteria weigh ecology impact': 1 new (cursor 64/150, q58, disk 257G, 0.1h)
01:03:47 [elephants_by_the_lake/livelihoods] q='Estimating historic ecology impact': 2 new (cursor 64/150, q57, disk 257G, 0.1h)
01:03:49 [elephants_by_the_lake/livelihoods] q='Carlo simulations ecology impact': 1 new (cursor 64/150, q56, disk 257G, 0.1h)
01:03:51 [elephants_by_the_lake/livelihoods] q='Ensure inclusive ecology impact': 3 new (cursor 64/150, q55, disk 257G, 0.1h)
01:03:53 [elephants_by_the_lake/livelihoods] q='Eurostat monitors ecology impact': 2 new (cursor 64/150, q54, disk 257G, 0.1h)
01:03:54 [elephants_by_the_lake/livelihoods] q='Geospatial mapping ecology impact': 2 new (cursor 64/150, q53, disk 257G, 0.1h)
01:03:56 [elephants_by_the_lake/livelihoods] q='Stagnant floodwaters ecology impact': 2 new (cursor 64/150, q52, disk 257G, 0.1h)
01:03:59 [elephants_by_the_lake/nurseries] q='Growth variability ecology impact': 3 new (cursor 64/150, q51, disk 257G, 0.1h)
01:04:02 [elephants_by_the_lake/nurseries] q='Monumental trees ecology impact': 2 new (cursor 64/150, q50, disk 257G, 0.1h)
01:04:03 [elephants_by_the_lake/india_priority] q='Tetracerus quadricornis ecology impact': 1 new (cursor 64/150, q49, disk 257G, 0.1h)
01:04:05 [elephants_by_the_lake/india_priority] q='Friesian milk ecology impact': 3 new (cursor 64/150, q48, disk 257G, 0.1h)
01:04:08 [elephants_by_the_lake/india_priority] q='Cheddar cheese ecology impact': 3 new (cursor 64/150, q47, disk 257G, 0.1h)
01:04:09 [elephants_by_the_lake/india_priority] q='Abstracts from ecology impact': 2 new (cursor 64/150, q46, disk 257G, 0.1h)
01:04:10 [elephants_by_the_lake/india_priority] q='Beyond fortress ecology impact': 3 new (cursor 64/150, q45, disk 257G, 0.1h)
01:04:12 [elephants_by_the_lake/india_priority] q='Tiger reserve ecology impact': 2 new (cursor 64/150, q44, disk 257G, 0.1h)
01:04:14 [elephants_by_the_lake/india_priority] q='Building biodiversity ecology impact': 2 new (cursor 64/150, q43, disk 257G, 0.1h)
01:04:17 [elephants_by_the_lake/india_priority] q='Bangalore city ecology impact': 3 new (cursor 64/150, q42, disk 257G, 0.1h)
01:04:18 [elephants_by_the_lake/india_priority] q='Such roosts ecology impact': 3 new (cursor 64/150, q41, disk 257G, 0.1h)
01:04:19 [elephants_by_the_lake/india_priority] q='Tamiraparani river ecology impact': 1 new (cursor 64/150, q40, disk 257G, 0.1h)
01:04:21 [elephants_by_the_lake/india_priority] q='Corridors through ecology impact': 2 new (cursor 64/150, q39, disk 257G, 0.1h)
01:04:23 [elephants_by_the_lake/india_priority] q='Corridor landscape ecology impact': 2 new (cursor 64/150, q38, disk 257G, 0.1h)
01:04:25 [elephants_by_the_lake/india_priority] q='Mumbai through ecology impact': 3 new (cursor 64/150, q37, disk 257G, 0.1h)
01:04:28 [elephants_by_the_lake/india_priority] q='Public dissemination ecology impact': 3 new (cursor 64/150, q36, disk 257G, 0.1h)
01:04:29 [elephants_by_the_lake/india_priority] q='Hunting intensity ecology impact': 1 new (cursor 64/150, q35, disk 257G, 0.1h)
01:04:31 [elephants_by_the_lake/india_priority] q='Species richness ecology impact': 2 new (cursor 64/150, q34, disk 257G, 0.1h)
01:04:34 [elephants_by_the_lake/india_priority] q='Physiological responses ecology impact': 3 new (cursor 64/150, q33, disk 257G, 0.1h)
01:04:37 [elephants_by_the_lake/india_priority] q='Elephants living ecology impact': 1 new (cursor 64/150, q32, disk 257G, 0.1h)
01:04:39 [elephants_by_the_lake/india_priority] q='Despite ecological ecology impact': 2 new (cursor 64/150, q31, disk 257G, 0.1h)
01:04:42 [elephants_by_the_lake/india_priority] q='Notes from ecology impact': 3 new (cursor 64/150, q30, disk 257G, 0.1h)
01:04:44 [elephants_by_the_lake/india_priority] q='Crucial tool ecology impact': 2 new (cursor 64/150, q29, disk 257G, 0.1h)
01:04:47 [elephants_by_the_lake/india_priority] q='Elephant movement ecology impact': 1 new (cursor 64/150, q28, disk 257G, 0.1h)
01:04:49 [elephants_by_the_lake/india_priority] q='Elephant pathway ecology impact': 0 new (cursor 64/150, q27, disk 257G, 0.1h)
01:04:50 [elephants_by_the_lake/india_priority] q='Krishnagiri districts ecology impact': 2 new (cursor 64/150, q26, disk 257G, 0.1h)
01:04:52 [elephants_by_the_lake/india_priority] q='With regard ecology impact': 1 new (cursor 64/150, q25, disk 257G, 0.1h)
01:04:53 [elephants_by_the_lake/india_priority] q='Emission estimates ecology impact': 3 new (cursor 64/150, q24, disk 257G, 0.1h)
01:04:54 [elephants_by_the_lake/india_priority] q='Annual incidence ecology impact': 3 new (cursor 64/150, q23, disk 257G, 0.1h)
01:04:56 [elephants_by_the_lake/india_priority] q='Strategic valorization ecology impact': 3 new (cursor 64/150, q22, disk 257G, 0.1h)
01:04:59 [elephants_by_the_lake/india_priority] q='Invasive alien ecology impact': 2 new (cursor 64/150, q21, disk 257G, 0.1h)
01:05:02 [elephants_by_the_lake/india_priority] q='Modeling species ecology impact': 1 new (cursor 64/150, q20, disk 257G, 0.1h)
01:05:04 [elephants_by_the_lake/india_priority] q='Foraging patterns ecology impact': 0 new (cursor 64/150, q19, disk 257G, 0.1h)
01:05:05 [elephants_by_the_lake/india_priority] q='Mysore slender ecology impact': 3 new (cursor 64/150, q18, disk 257G, 0.1h)
01:05:07 [elephants_by_the_lake/india_priority] q='Elephant corridors ecology impact': 2 new (cursor 64/150, q17, disk 257G, 0.1h)
01:05:10 [elephants_by_the_lake/india_priority] q='Elephants have ecology impact': 0 new (cursor 64/150, q16, disk 257G, 0.1h)
01:05:11 [elephants_by_the_lake/india_priority] q='Avian neighbours ecology impact': 2 new (cursor 64/150, q15, disk 257G, 0.1h)
01:05:13 [elephants_by_the_lake/india_priority] q='Synanthropic birds ecology impact': 1 new (cursor 64/150, q14, disk 257G, 0.1h)
01:05:16 [elephants_by_the_lake/india_priority] q='Emerging viruses ecology impact': 2 new (cursor 64/150, q13, disk 257G, 0.1h)
01:05:23 [elephants_by_the_lake/india_priority] q='Katpadi region ecology impact': 3 new (cursor 64/150, q12, disk 257G, 0.1h)
01:05:24 [elephants_by_the_lake/india_priority] q='Unlike prior ecology impact': 1 new (cursor 64/150, q11, disk 257G, 0.1h)
01:05:25 [elephants_by_the_lake/india_priority] q='Spatial modelling ecology impact': 1 new (cursor 64/150, q10, disk 257G, 0.1h)
01:05:26 [elephants_by_the_lake/india_priority] q='Thematic layers ecology impact': 3 new (cursor 64/150, q9, disk 257G, 0.1h)
01:05:28 [elephants_by_the_lake/india_priority] q='Geospatial technology ecology impact': 0 new (cursor 64/150, q8, disk 257G, 0.1h)
01:05:29 [elephants_by_the_lake/india_priority] q='Natham taluk ecology impact': 1 new (cursor 64/150, q7, disk 257G, 0.1h)
01:05:30 [elephants_by_the_lake/fundee] q='Elephants exhibit ecology impact': 0 new (cursor 64/150, q6, disk 257G, 0.1h)
01:05:32 [elephants_by_the_lake/fundee] q='While older ecology impact': 2 new (cursor 64/150, q5, disk 257G, 0.1h)
01:05:33 [elephants_by_the_lake/fundee] q='Biodiversity threats ecology impact': 2 new (cursor 64/150, q4, disk 257G, 0.1h)
01:05:36 [elephants_by_the_lake/fundee] q='Health approach ecology impact': 1 new (cursor 64/150, q3, disk 257G, 0.1h)
01:05:37 [elephants_by_the_lake/fundee] q='Malayan porcupines ecology impact': 2 new (cursor 64/150, q2, disk 257G, 0.1h)
01:05:39 [elephants_by_the_lake/fundee] q='Hystrix brachyura ecology impact': 1 new (cursor 64/150, q1, disk 257G, 0.1h)
01:05:42 [elephants_by_the_lake/fundee] q='Societal expectations ecology impact': 3 new (cursor 64/150, q0, disk 257G, 0.1h)
01:05:44 [elephants_by_the_lake/nurseries] q='nurseries South Deccan Plateau dry deciduous': 0 new (cursor 64/150, q55, disk 257G, 0.1h)
01:05:46 [elephants_by_the_lake/nurseries] q='nurseries South Deccan Plateau dry deciduous': 0 new (cursor 64/150, q54, disk 257G, 0.1h)
01:05:51 [anamalai_nilgiris/snowball] q='Ictinaetus malaiensis ecology India': 3 new (cursor 64/150, q53, disk 257G, 0.1h)
01:05:55 [anamalai_nilgiris/snowball] q='Ictinaetus malaiensis impact India': 0 new (cursor 64/150, q52, disk 257G, 0.1h)
01:05:59 [anamalai_nilgiris/snowball] q='Ictinaetus malaiensis monitoring India': 0 new (cursor 64/150, q51, disk 257G, 0.1h)
01:06:00 [anamalai_nilgiris/analog] q='Silent Valley biodiversity restoration': 3 new (cursor 64/150, q50, disk 257G, 0.1h)
01:06:03 [anamalai_nilgiris/analog] q='KMTR-Agasthyamalai biodiversity restoration': 1 new (cursor 64/150, q49, disk 257G, 0.1h)
01:06:05 [anamalai_nilgiris/invasives] q='invasives South Western Ghats montane rain f': 0 new (cursor 64/150, q48, disk 257G, 0.1h)
01:06:07 [anamalai_nilgiris/invasives] q='invasives South Western Ghats montane rain f': 0 new (cursor 64/150, q47, disk 257G, 0.1h)
01:06:08 [anamalai_nilgiris/invasives] q='invasives South Western Ghats montane rain f': 0 new (cursor 64/150, q46, disk 257G, 0.1h)
01:06:09 [anamalai_nilgiris/invasives] q='invasives South Western Ghats montane rain f': 0 new (cursor 64/150, q45, disk 257G, 0.1h)
01:06:10 [anamalai_nilgiris/invasives] q='invasives South Western Ghats montane rain f': 0 new (cursor 64/150, q44, disk 257G, 0.1h)
01:06:12 [anamalai_nilgiris/invasives] q='invasives South Western Ghats montane rain f': 0 new (cursor 64/150, q43, disk 257G, 0.1h)
01:06:13 [anamalai_nilgiris/invasives] q='invasives South Western Ghats montane rain f': 0 new (cursor 64/150, q42, disk 257G, 0.1h)
01:06:15 [anamalai_nilgiris/restoration] q='restoration South Western Ghats montane rain': 0 new (cursor 64/150, q41, disk 257G, 0.1h)
01:06:16 [anamalai_nilgiris/restoration] q='restoration South Western Ghats montane rain': 0 new (cursor 64/150, q40, disk 257G, 0.1h)
01:06:17 [anamalai_nilgiris/restoration] q='restoration South Western Ghats montane rain': 1 new (cursor 64/150, q39, disk 257G, 0.1h)
01:06:19 [anamalai_nilgiris/restoration] q='restoration South Western Ghats montane rain': 0 new (cursor 64/150, q38, disk 257G, 0.1h)
01:06:20 [anamalai_nilgiris/restoration] q='restoration South Western Ghats montane rain': 1 new (cursor 64/150, q37, disk 257G, 0.1h)
01:06:22 [anamalai_nilgiris/restoration] q='restoration South Western Ghats montane rain': 0 new (cursor 64/150, q36, disk 257G, 0.1h)
01:06:23 [anamalai_nilgiris/restoration] q='restoration South Western Ghats montane rain': 0 new (cursor 64/150, q35, disk 257G, 0.1h)
01:06:24 [anamalai_nilgiris/biodiversity] q='biodiversity South Western Ghats montane rai': 0 new (cursor 64/150, q34, disk 257G, 0.1h)
01:06:25 [anamalai_nilgiris/biodiversity] q='biodiversity South Western Ghats montane rai': 0 new (cursor 64/150, q33, disk 257G, 0.1h)
01:06:27 [anamalai_nilgiris/biodiversity] q='biodiversity South Western Ghats montane rai': 1 new (cursor 64/150, q32, disk 257G, 0.1h)
01:06:29 [anamalai_nilgiris/biodiversity] q='biodiversity South Western Ghats montane rai': 0 new (cursor 64/150, q31, disk 257G, 0.1h)
01:06:30 [anamalai_nilgiris/biodiversity] q='biodiversity South Western Ghats montane rai': 0 new (cursor 64/150, q30, disk 257G, 0.1h)
01:06:31 [anamalai_nilgiris/biodiversity] q='biodiversity South Western Ghats montane rai': 0 new (cursor 64/150, q29, disk 257G, 0.1h)
01:06:33 [anamalai_nilgiris/biodiversity] q='biodiversity South Western Ghats montane rai': 0 new (cursor 64/150, q28, disk 257G, 0.1h)
01:06:34 [anamalai_nilgiris/water] q='water South Western Ghats montane rain fores': 0 new (cursor 64/150, q27, disk 257G, 0.1h)
01:06:35 [anamalai_nilgiris/water] q='water South Western Ghats montane rain fores': 0 new (cursor 64/150, q26, disk 257G, 0.1h)
01:06:36 [anamalai_nilgiris/water] q='water South Western Ghats montane rain fores': 0 new (cursor 64/150, q25, disk 257G, 0.1h)
01:06:38 [anamalai_nilgiris/water] q='water South Western Ghats montane rain fores': 0 new (cursor 64/150, q24, disk 257G, 0.1h)
01:06:39 [anamalai_nilgiris/water] q='water South Western Ghats montane rain fores': 0 new (cursor 64/150, q23, disk 257G, 0.1h)
01:06:40 [anamalai_nilgiris/water] q='water South Western Ghats montane rain fores': 0 new (cursor 64/150, q22, disk 257G, 0.1h)
01:06:42 [anamalai_nilgiris/water] q='water South Western Ghats montane rain fores': 0 new (cursor 64/150, q21, disk 257G, 0.1h)
01:06:43 [anamalai_nilgiris/elephants] q='elephants South Western Ghats montane rain f': 0 new (cursor 64/150, q20, disk 257G, 0.1h)
01:06:47 [anamalai_nilgiris/elephants] q='elephants South Western Ghats montane rain f': 1 new (cursor 64/150, q19, disk 257G, 0.1h)
01:06:52 [anamalai_nilgiris/elephants] q='elephants South Western Ghats montane rain f': 0 new (cursor 64/150, q18, disk 257G, 0.1h)
01:06:53 [anamalai_nilgiris/elephants] q='elephants South Western Ghats montane rain f': 0 new (cursor 64/150, q17, disk 257G, 0.1h)
01:07:00 [anamalai_nilgiris/elephants] q='elephants South Western Ghats montane rain f': 1 new (cursor 64/150, q16, disk 257G, 0.1h)
01:07:04 [anamalai_nilgiris/elephants] q='elephants South Western Ghats montane rain f': 3 new (cursor 64/150, q15, disk 257G, 0.1h)
01:07:11 [anamalai_nilgiris/elephants] q='elephants South Western Ghats montane rain f': 0 new (cursor 64/150, q14, disk 257G, 0.2h)
01:07:12 [anamalai_nilgiris/livelihoods] q='livelihoods South Western Ghats montane rain': 1 new (cursor 64/150, q13, disk 257G, 0.2h)
01:07:14 [anamalai_nilgiris/livelihoods] q='livelihoods South Western Ghats montane rain': 0 new (cursor 64/150, q12, disk 257G, 0.2h)
01:07:15 [anamalai_nilgiris/livelihoods] q='livelihoods South Western Ghats montane rain': 0 new (cursor 64/150, q11, disk 257G, 0.2h)
01:07:17 [anamalai_nilgiris/livelihoods] q='livelihoods South Western Ghats montane rain': 0 new (cursor 64/150, q10, disk 257G, 0.2h)
01:07:18 [anamalai_nilgiris/livelihoods] q='livelihoods South Western Ghats montane rain': 0 new (cursor 64/150, q9, disk 257G, 0.2h)
01:07:19 [anamalai_nilgiris/livelihoods] q='livelihoods South Western Ghats montane rain': 1 new (cursor 64/150, q8, disk 257G, 0.2h)
01:07:21 [anamalai_nilgiris/livelihoods] q='livelihoods South Western Ghats montane rain': 0 new (cursor 64/150, q7, disk 257G, 0.2h)
01:07:26 [anamalai_nilgiris/nurseries] q='nurseries South Western Ghats montane rain f': 3 new (cursor 64/150, q6, disk 257G, 0.2h)
01:07:34 [anamalai_nilgiris/nurseries] q='nurseries South Western Ghats montane rain f': 0 new (cursor 64/150, q5, disk 257G, 0.2h)
01:07:38 [anamalai_nilgiris/nurseries] q='nurseries South Western Ghats montane rain f': 0 new (cursor 64/150, q4, disk 257G, 0.2h)
01:07:43 [anamalai_nilgiris/nurseries] q='nurseries South Western Ghats montane rain f': 2 new (cursor 64/150, q3, disk 257G, 0.2h)
01:07:46 [anamalai_nilgiris/nurseries] q='nurseries South Western Ghats montane rain f': 0 new (cursor 64/150, q2, disk 257G, 0.2h)
01:07:50 [anamalai_nilgiris/nurseries] q='nurseries South Western Ghats montane rain f': 0 new (cursor 64/150, q1, disk 257G, 0.2h)
01:07:55 [anamalai_nilgiris/nurseries] q='nurseries South Western Ghats montane rain f': 0 new (cursor 64/150, q0, disk 257G, 0.2h)
01:08:03 [refresh] re-measured AOI species occurrence trends
01:08:03 [idle #1] no new queries; refreshed measurements, sleeping
01:10:10 [refresh] re-measured AOI species occurrence trends
01:10:10 [idle #2] no new queries; refreshed measurements, sleeping
01:12:18 [refresh] re-measured AOI species occurrence trends
01:12:18 [idle #3] no new queries; refreshed measurements, sleeping
01:14:28 [sat:elephants_by_the_lake] {'ndvi_trend': 'greening', 'ndvi_slope': 0.01368, 'fire_5km_5yr': 1.5, 'landcover': 'Shrubland', 'embed_converging': 'diverging', 'embed_sim_end': 0.8276, 'hyp_ndvi': 0.4026, 'hyp_rededge': 0.2412, 'hyp_cai': -0.0084, 'invasive': 'Lantana camara', 'invasive_present_fraction': 0.009, 'invasive_model_accuracy': 0.895, 'invasive_note': None, 'source': 'MODIS/WorldCover/AlphaEarth/EMIT/RF-predict'}
01:16:27 [sat:anamalai_nilgiris] {'ndvi_trend': 'flat', 'ndvi_slope': 0.00411, 'fire_5km_5yr': 2, 'landcover': 'Tree cover', 'embed_converging': 'stable', 'embed_sim_end': 0.4939, 'hyp_ndvi': 0.6669, 'hyp_rededge': 0.4338, 'hyp_cai': 0.0005, 'invasive': 'Lantana camara', 'invasive_present_fraction': 0.066, 'invasive_model_accuracy': 0.858, 'invasive_note': None, 'source': 'MODIS/WorldCover/AlphaEarth/EMIT/RF-predict'}
01:16:42 [elephants_by_the_lake/invasives] q='invasives South Deccan Plateau dry deciduous': 0 new (cursor 64/150, q13, disk 257G, 0.0h)
01:16:43 [elephants_by_the_lake/restoration] q='restoration South Deccan Plateau dry deciduo': 0 new (cursor 64/150, q12, disk 257G, 0.0h)
01:16:44 [elephants_by_the_lake/biodiversity] q='biodiversity South Deccan Plateau dry decidu': 0 new (cursor 64/150, q11, disk 257G, 0.0h)
01:16:46 [elephants_by_the_lake/water] q='water South Deccan Plateau dry deciduous for': 0 new (cursor 64/150, q10, disk 257G, 0.0h)
01:16:47 [elephants_by_the_lake/elephants] q='elephants South Deccan Plateau dry deciduous': 0 new (cursor 64/150, q9, disk 257G, 0.0h)
01:16:51 [elephants_by_the_lake/livelihoods] q='livelihoods South Deccan Plateau dry deciduo': 0 new (cursor 64/150, q8, disk 257G, 0.0h)
01:16:54 [elephants_by_the_lake/nurseries] q='nurseries South Deccan Plateau dry deciduous': 0 new (cursor 64/150, q7, disk 257G, 0.0h)
01:16:56 [anamalai_nilgiris/invasives] q='invasives South Western Ghats montane rain f': 0 new (cursor 64/150, q6, disk 257G, 0.0h)
01:16:57 [anamalai_nilgiris/restoration] q='restoration South Western Ghats montane rain': 0 new (cursor 64/150, q5, disk 257G, 0.0h)
01:16:58 [anamalai_nilgiris/biodiversity] q='biodiversity South Western Ghats montane rai': 0 new (cursor 64/150, q4, disk 257G, 0.0h)
01:16:59 [anamalai_nilgiris/water] q='water South Western Ghats montane rain fores': 0 new (cursor 64/150, q3, disk 257G, 0.0h)
01:17:01 [anamalai_nilgiris/elephants] q='elephants South Western Ghats montane rain f': 0 new (cursor 64/150, q2, disk 257G, 0.0h)
01:17:02 [anamalai_nilgiris/livelihoods] q='livelihoods South Western Ghats montane rain': 0 new (cursor 64/150, q1, disk 257G, 0.0h)
01:17:06 [anamalai_nilgiris/nurseries] q='nurseries South Western Ghats montane rain f': 0 new (cursor 64/150, q0, disk 257G, 0.0h)
01:17:14 [refresh] re-measured AOI species occurrence trends
01:17:14 [idle #1] no new queries; refreshed measurements, sleeping
01:19:26 [elephants_by_the_lake/invasives] q='invasives South Deccan Plateau dry deciduous': 0 new (cursor 64/150, q13, disk 257G, 0.0h)
01:19:27 [elephants_by_the_lake/restoration] q='restoration South Deccan Plateau dry deciduo': 0 new (cursor 64/150, q12, disk 257G, 0.0h)
01:19:28 [elephants_by_the_lake/biodiversity] q='biodiversity South Deccan Plateau dry decidu': 0 new (cursor 64/150, q11, disk 257G, 0.0h)
01:19:29 [elephants_by_the_lake/water] q='water South Deccan Plateau dry deciduous for': 0 new (cursor 64/150, q10, disk 257G, 0.0h)
01:19:30 [elephants_by_the_lake/elephants] q='elephants South Deccan Plateau dry deciduous': 0 new (cursor 64/150, q9, disk 257G, 0.0h)
01:19:34 [elephants_by_the_lake/livelihoods] q='livelihoods South Deccan Plateau dry deciduo': 0 new (cursor 64/150, q8, disk 257G, 0.0h)
01:19:38 [elephants_by_the_lake/nurseries] q='nurseries South Deccan Plateau dry deciduous': 0 new (cursor 64/150, q7, disk 257G, 0.0h)
01:19:39 [anamalai_nilgiris/invasives] q='invasives South Western Ghats montane rain f': 0 new (cursor 64/150, q6, disk 257G, 0.0h)
01:19:41 [anamalai_nilgiris/restoration] q='restoration South Western Ghats montane rain': 0 new (cursor 64/150, q5, disk 257G, 0.0h)
01:19:42 [anamalai_nilgiris/biodiversity] q='biodiversity South Western Ghats montane rai': 0 new (cursor 64/150, q4, disk 257G, 0.0h)
01:19:43 [anamalai_nilgiris/water] q='water South Western Ghats montane rain fores': 0 new (cursor 64/150, q3, disk 257G, 0.0h)
01:19:45 [anamalai_nilgiris/elephants] q='elephants South Western Ghats montane rain f': 0 new (cursor 64/150, q2, disk 257G, 0.0h)
01:19:46 [anamalai_nilgiris/livelihoods] q='livelihoods South Western Ghats montane rain': 0 new (cursor 64/150, q1, disk 257G, 0.0h)
01:19:52 [anamalai_nilgiris/nurseries] q='nurseries South Western Ghats montane rain f': 0 new (cursor 64/150, q0, disk 257G, 0.0h)
01:19:53 [elephants_by_the_lake/topic] q='seed dispersal South Deccan Plateau dry deci': 0 new (cursor 64/150, q149, disk 257G, 0.0h)
01:19:54 [elephants_by_the_lake/topic] q='seed dispersal dry deciduous forest India 20': 2 new (cursor 64/150, q148, disk 257G, 0.0h)
01:19:58 [elephants_by_the_lake/topic] q='seed dispersal dry deciduous forest India 20': 1 new (cursor 64/150, q147, disk 257G, 0.0h)
01:20:00 [elephants_by_the_lake/topic] q='seed dispersal dry deciduous forest India 20': 1 new (cursor 64/150, q146, disk 257G, 0.0h)
01:20:02 [elephants_by_the_lake/topic] q='seed dispersal dry deciduous forest India 20': 0 new (cursor 64/150, q145, disk 257G, 0.0h)
01:20:03 [elephants_by_the_lake/topic] q='seed dispersal dry deciduous forest India 20': 0 new (cursor 64/150, q144, disk 257G, 0.0h)
01:20:04 [elephants_by_the_lake/topic] q='seed dispersal dry deciduous forest India 20': 0 new (cursor 64/150, q143, disk 257G, 0.0h)
01:20:06 [elephants_by_the_lake/topic] q='seed dispersal dry deciduous forest India 20': 0 new (cursor 64/150, q142, disk 257G, 0.0h)
01:20:07 [elephants_by_the_lake/topic] q='seed dispersal dry deciduous forest India 20': 0 new (cursor 64/150, q141, disk 257G, 0.0h)
01:20:08 [elephants_by_the_lake/fundee_topic] q='Elephants by the Lake seed dispersal': 1 new (cursor 64/150, q140, disk 257G, 0.0h)
01:20:10 [elephants_by_the_lake/fundee_topic] q='Ashoka Trust for Research in Ecology and the': 2 new (cursor 64/150, q139, disk 257G, 0.0h)
01:20:12 [elephants_by_the_lake/fundee_topic] q='Keystone Foundation seed dispersal': 3 new (cursor 64/150, q138, disk 257G, 0.0h)
01:20:16 [elephants_by_the_lake/fundee_topic] q='Nature Conservation Foundation (NCF) seed di': 2 new (cursor 64/150, q137, disk 257G, 0.0h)
01:20:19 [elephants_by_the_lake/fundee_topic] q='Foundation for Ecological Security (FES) see': 2 new (cursor 64/150, q136, disk 257G, 0.0h)
01:20:21 [elephants_by_the_lake/fundee_topic] q='Dakshin Foundation seed dispersal': 1 new (cursor 64/150, q135, disk 257G, 0.0h)
01:20:24 [elephants_by_the_lake/topic] q='pollination South Deccan Plateau dry deciduo': 0 new (cursor 64/150, q134, disk 257G, 0.0h)
01:20:25 [elephants_by_the_lake/topic] q='pollination dry deciduous forest India 2024': 2 new (cursor 64/150, q133, disk 257G, 0.0h)
01:20:28 [elephants_by_the_lake/topic] q='pollination dry deciduous forest India 2023': 0 new (cursor 64/150, q132, disk 257G, 0.0h)
01:20:29 [elephants_by_the_lake/topic] q='pollination dry deciduous forest India 2022': 0 new (cursor 64/150, q131, disk 257G, 0.0h)
01:20:31 [elephants_by_the_lake/topic] q='pollination dry deciduous forest India 2021': 0 new (cursor 64/150, q130, disk 257G, 0.0h)
01:20:32 [elephants_by_the_lake/topic] q='pollination dry deciduous forest India 2020': 0 new (cursor 64/150, q129, disk 257G, 0.0h)
01:20:33 [elephants_by_the_lake/topic] q='pollination dry deciduous forest India 2019': 0 new (cursor 64/150, q128, disk 257G, 0.0h)
01:20:35 [elephants_by_the_lake/topic] q='pollination dry deciduous forest India 2018': 1 new (cursor 64/150, q127, disk 257G, 0.0h)
01:20:36 [elephants_by_the_lake/topic] q='pollination dry deciduous forest India 2016': 1 new (cursor 64/150, q126, disk 257G, 0.0h)
01:20:37 [elephants_by_the_lake/fundee_topic] q='Elephants by the Lake pollination': 3 new (cursor 64/150, q125, disk 257G, 0.0h)
01:20:39 [elephants_by_the_lake/fundee_topic] q='Ashoka Trust for Research in Ecology and the': 2 new (cursor 64/150, q124, disk 257G, 0.0h)
01:20:41 [elephants_by_the_lake/fundee_topic] q='Keystone Foundation pollination': 2 new (cursor 64/150, q123, disk 257G, 0.0h)
01:20:43 [elephants_by_the_lake/fundee_topic] q='Nature Conservation Foundation (NCF) pollina': 2 new (cursor 64/150, q122, disk 257G, 0.0h)
01:20:47 [elephants_by_the_lake/fundee_topic] q='Foundation for Ecological Security (FES) pol': 3 new (cursor 64/150, q121, disk 257G, 0.0h)
01:20:51 [elephants_by_the_lake/fundee_topic] q='Dakshin Foundation pollination': 0 new (cursor 64/150, q120, disk 257G, 0.0h)
01:20:52 [elephants_by_the_lake/topic] q='soil carbon South Deccan Plateau dry deciduo': 0 new (cursor 64/150, q119, disk 257G, 0.0h)
01:20:53 [elephants_by_the_lake/topic] q='soil carbon dry deciduous forest India 2024': 3 new (cursor 64/150, q118, disk 257G, 0.0h)
01:20:55 [elephants_by_the_lake/topic] q='soil carbon dry deciduous forest India 2023': 0 new (cursor 64/150, q117, disk 257G, 0.0h)
01:20:57 [elephants_by_the_lake/topic] q='soil carbon dry deciduous forest India 2022': 0 new (cursor 64/150, q116, disk 257G, 0.0h)
01:20:59 [elephants_by_the_lake/topic] q='soil carbon dry deciduous forest India 2021': 0 new (cursor 64/150, q115, disk 257G, 0.0h)
01:21:00 [elephants_by_the_lake/topic] q='soil carbon dry deciduous forest India 2020': 0 new (cursor 64/150, q114, disk 257G, 0.0h)
01:21:01 [elephants_by_the_lake/topic] q='soil carbon dry deciduous forest India 2019': 0 new (cursor 64/150, q113, disk 257G, 0.0h)
01:21:02 [elephants_by_the_lake/topic] q='soil carbon dry deciduous forest India 2018': 0 new (cursor 64/150, q112, disk 257G, 0.0h)
01:21:04 [elephants_by_the_lake/topic] q='soil carbon dry deciduous forest India 2016': 0 new (cursor 64/150, q111, disk 257G, 0.0h)
01:21:05 [elephants_by_the_lake/fundee_topic] q='Elephants by the Lake soil carbon': 2 new (cursor 64/150, q110, disk 257G, 0.0h)
01:21:07 [elephants_by_the_lake/fundee_topic] q='Ashoka Trust for Research in Ecology and the': 2 new (cursor 64/150, q109, disk 257G, 0.0h)
01:21:09 [elephants_by_the_lake/fundee_topic] q='Keystone Foundation soil carbon': 3 new (cursor 64/150, q108, disk 257G, 0.0h)
01:21:12 [elephants_by_the_lake/fundee_topic] q='Nature Conservation Foundation (NCF) soil ca': 3 new (cursor 64/150, q107, disk 257G, 0.0h)
01:21:14 [elephants_by_the_lake/fundee_topic] q='Foundation for Ecological Security (FES) soi': 3 new (cursor 64/150, q106, disk 257G, 0.0h)
01:21:15 [elephants_by_the_lake/fundee_topic] q='Dakshin Foundation soil carbon': 0 new (cursor 64/150, q105, disk 257G, 0.0h)
01:21:20 [elephants_by_the_lake/topic] q='mycorrhiza South Deccan Plateau dry deciduou': 0 new (cursor 64/150, q104, disk 257G, 0.0h)
01:21:21 [elephants_by_the_lake/topic] q='mycorrhiza dry deciduous forest India 2024': 3 new (cursor 64/150, q103, disk 257G, 0.0h)
01:21:25 [elephants_by_the_lake/topic] q='mycorrhiza dry deciduous forest India 2023': 0 new (cursor 64/150, q102, disk 257G, 0.0h)
01:21:26 [elephants_by_the_lake/topic] q='mycorrhiza dry deciduous forest India 2022': 0 new (cursor 64/150, q101, disk 257G, 0.0h)
01:21:27 [elephants_by_the_lake/topic] q='mycorrhiza dry deciduous forest India 2021': 1 new (cursor 64/150, q100, disk 257G, 0.0h)
01:21:29 [elephants_by_the_lake/topic] q='mycorrhiza dry deciduous forest India 2020': 0 new (cursor 64/150, q99, disk 257G, 0.0h)
01:21:30 [elephants_by_the_lake/topic] q='mycorrhiza dry deciduous forest India 2019': 0 new (cursor 64/150, q98, disk 257G, 0.0h)
01:21:32 [elephants_by_the_lake/topic] q='mycorrhiza dry deciduous forest India 2018': 0 new (cursor 64/150, q97, disk 257G, 0.0h)
01:21:33 [elephants_by_the_lake/topic] q='mycorrhiza dry deciduous forest India 2016': 1 new (cursor 64/150, q96, disk 257G, 0.0h)
01:21:40 [elephants_by_the_lake/fundee_topic] q='Elephants by the Lake mycorrhiza': 3 new (cursor 64/150, q95, disk 257G, 0.0h)
01:21:46 [elephants_by_the_lake/fundee_topic] q='Ashoka Trust for Research in Ecology and the': 0 new (cursor 64/150, q94, disk 257G, 0.0h)
01:21:47 [elephants_by_the_lake/fundee_topic] q='Keystone Foundation mycorrhiza': 3 new (cursor 64/150, q93, disk 257G, 0.0h)
01:21:55 [elephants_by_the_lake/fundee_topic] q='Nature Conservation Foundation (NCF) mycorrh': 3 new (cursor 64/150, q92, disk 257G, 0.0h)
01:22:01 [elephants_by_the_lake/fundee_topic] q='Foundation for Ecological Security (FES) myc': 3 new (cursor 64/150, q91, disk 257G, 0.0h)
01:22:06 [elephants_by_the_lake/fundee_topic] q='Dakshin Foundation mycorrhiza': 3 new (cursor 64/150, q90, disk 257G, 0.0h)
01:22:07 [elephants_by_the_lake/topic] q='leaf phenology South Deccan Plateau dry deci': 0 new (cursor 64/150, q89, disk 257G, 0.0h)
01:22:09 [elephants_by_the_lake/topic] q='leaf phenology dry deciduous forest India 20': 1 new (cursor 64/150, q88, disk 257G, 0.0h)
01:22:10 [elephants_by_the_lake/topic] q='leaf phenology dry deciduous forest India 20': 0 new (cursor 64/150, q87, disk 257G, 0.0h)
01:22:11 [elephants_by_the_lake/topic] q='leaf phenology dry deciduous forest India 20': 0 new (cursor 64/150, q86, disk 257G, 0.1h)
01:22:12 [elephants_by_the_lake/topic] q='leaf phenology dry deciduous forest India 20': 0 new (cursor 64/150, q85, disk 257G, 0.1h)
01:22:14 [elephants_by_the_lake/topic] q='leaf phenology dry deciduous forest India 20': 0 new (cursor 64/150, q84, disk 257G, 0.1h)
01:22:15 [elephants_by_the_lake/topic] q='leaf phenology dry deciduous forest India 20': 0 new (cursor 64/150, q83, disk 257G, 0.1h)
01:22:16 [elephants_by_the_lake/topic] q='leaf phenology dry deciduous forest India 20': 0 new (cursor 64/150, q82, disk 257G, 0.1h)
01:22:18 [elephants_by_the_lake/topic] q='leaf phenology dry deciduous forest India 20': 0 new (cursor 64/150, q81, disk 257G, 0.1h)
01:22:19 [elephants_by_the_lake/fundee_topic] q='Elephants by the Lake leaf phenology': 3 new (cursor 64/150, q80, disk 257G, 0.1h)
01:22:21 [elephants_by_the_lake/fundee_topic] q='Ashoka Trust for Research in Ecology and the': 1 new (cursor 64/150, q79, disk 257G, 0.1h)
01:22:23 [elephants_by_the_lake/fundee_topic] q='Keystone Foundation leaf phenology': 2 new (cursor 64/150, q78, disk 257G, 0.1h)
01:22:25 [elephants_by_the_lake/fundee_topic] q='Nature Conservation Foundation (NCF) leaf ph': 1 new (cursor 64/150, q77, disk 257G, 0.1h)
01:22:28 [elephants_by_the_lake/fundee_topic] q='Foundation for Ecological Security (FES) lea': 2 new (cursor 64/150, q76, disk 257G, 0.1h)
01:22:32 [elephants_by_the_lake/fundee_topic] q='Dakshin Foundation leaf phenology': 3 new (cursor 64/150, q75, disk 257G, 0.1h)
01:22:33 [elephants_by_the_lake/topic] q='fire regime South Deccan Plateau dry deciduo': 0 new (cursor 64/150, q74, disk 257G, 0.1h)
01:22:35 [elephants_by_the_lake/topic] q='fire regime dry deciduous forest India 2024': 3 new (cursor 64/150, q73, disk 257G, 0.1h)
01:22:36 [elephants_by_the_lake/topic] q='fire regime dry deciduous forest India 2023': 2 new (cursor 64/150, q72, disk 257G, 0.1h)
01:22:37 [elephants_by_the_lake/topic] q='fire regime dry deciduous forest India 2022': 1 new (cursor 64/150, q71, disk 257G, 0.1h)
01:22:39 [elephants_by_the_lake/topic] q='fire regime dry deciduous forest India 2021': 0 new (cursor 64/150, q70, disk 257G, 0.1h)
01:22:40 [elephants_by_the_lake/topic] q='fire regime dry deciduous forest India 2020': 0 new (cursor 64/150, q69, disk 257G, 0.1h)
01:22:41 [elephants_by_the_lake/topic] q='fire regime dry deciduous forest India 2019': 2 new (cursor 64/150, q68, disk 257G, 0.1h)
01:22:44 [elephants_by_the_lake/topic] q='fire regime dry deciduous forest India 2018': 0 new (cursor 64/150, q67, disk 257G, 0.1h)
01:22:45 [elephants_by_the_lake/topic] q='fire regime dry deciduous forest India 2016': 0 new (cursor 64/150, q66, disk 257G, 0.1h)
01:22:47 [elephants_by_the_lake/fundee_topic] q='Elephants by the Lake fire regime': 3 new (cursor 64/150, q65, disk 257G, 0.1h)
01:22:50 [elephants_by_the_lake/fundee_topic] q='Ashoka Trust for Research in Ecology and the': 3 new (cursor 64/150, q64, disk 257G, 0.1h)
01:22:52 [elephants_by_the_lake/fundee_topic] q='Keystone Foundation fire regime': 3 new (cursor 64/150, q63, disk 257G, 0.1h)
01:22:54 [elephants_by_the_lake/fundee_topic] q='Nature Conservation Foundation (NCF) fire re': 3 new (cursor 64/150, q62, disk 257G, 0.1h)
01:22:56 [elephants_by_the_lake/fundee_topic] q='Foundation for Ecological Security (FES) fir': 2 new (cursor 64/150, q61, disk 257G, 0.1h)
01:22:57 [elephants_by_the_lake/fundee_topic] q='Dakshin Foundation fire regime': 0 new (cursor 64/150, q60, disk 257G, 0.1h)
01:22:58 [elephants_by_the_lake/topic] q='grazing pressure South Deccan Plateau dry de': 1 new (cursor 64/150, q59, disk 257G, 0.1h)
01:23:00 [elephants_by_the_lake/topic] q='grazing pressure dry deciduous forest India ': 1 new (cursor 64/150, q58, disk 257G, 0.1h)
01:23:01 [elephants_by_the_lake/topic] q='grazing pressure dry deciduous forest India ': 1 new (cursor 64/150, q57, disk 257G, 0.1h)
01:23:03 [elephants_by_the_lake/topic] q='grazing pressure dry deciduous forest India ': 0 new (cursor 64/150, q56, disk 257G, 0.1h)
01:23:04 [elephants_by_the_lake/topic] q='grazing pressure dry deciduous forest India ': 0 new (cursor 64/150, q55, disk 257G, 0.1h)
01:23:05 [elephants_by_the_lake/topic] q='grazing pressure dry deciduous forest India ': 0 new (cursor 64/150, q54, disk 257G, 0.1h)
01:23:07 [elephants_by_the_lake/topic] q='grazing pressure dry deciduous forest India ': 1 new (cursor 64/150, q53, disk 257G, 0.1h)
01:23:09 [elephants_by_the_lake/topic] q='grazing pressure dry deciduous forest India ': 0 new (cursor 64/150, q52, disk 257G, 0.1h)
01:23:10 [elephants_by_the_lake/topic] q='grazing pressure dry deciduous forest India ': 0 new (cursor 64/150, q51, disk 257G, 0.1h)
01:23:11 [elephants_by_the_lake/fundee_topic] q='Elephants by the Lake grazing pressure': 1 new (cursor 64/150, q50, disk 257G, 0.1h)
01:23:15 [elephants_by_the_lake/fundee_topic] q='Ashoka Trust for Research in Ecology and the': 1 new (cursor 64/150, q49, disk 257G, 0.1h)
01:23:16 [elephants_by_the_lake/fundee_topic] q='Keystone Foundation grazing pressure': 3 new (cursor 64/150, q48, disk 257G, 0.1h)
01:23:19 [elephants_by_the_lake/fundee_topic] q='Nature Conservation Foundation (NCF) grazing': 3 new (cursor 64/150, q47, disk 257G, 0.1h)
01:23:21 [elephants_by_the_lake/fundee_topic] q='Foundation for Ecological Security (FES) gra': 2 new (cursor 64/150, q46, disk 257G, 0.1h)
01:23:23 [elephants_by_the_lake/fundee_topic] q='Dakshin Foundation grazing pressure': 1 new (cursor 64/150, q45, disk 257G, 0.1h)
01:23:25 [elephants_by_the_lake/topic] q='non-timber forest products South Deccan Plat': 0 new (cursor 64/150, q44, disk 257G, 0.1h)
01:23:26 [elephants_by_the_lake/topic] q='non-timber forest products dry deciduous for': 2 new (cursor 64/150, q43, disk 257G, 0.1h)
01:23:28 [elephants_by_the_lake/topic] q='non-timber forest products dry deciduous for': 1 new (cursor 64/150, q42, disk 257G, 0.1h)
01:23:30 [elephants_by_the_lake/topic] q='non-timber forest products dry deciduous for': 0 new (cursor 64/150, q41, disk 257G, 0.1h)
01:23:31 [elephants_by_the_lake/topic] q='non-timber forest products dry deciduous for': 0 new (cursor 64/150, q40, disk 257G, 0.1h)
01:23:33 [elephants_by_the_lake/topic] q='non-timber forest products dry deciduous for': 0 new (cursor 64/150, q39, disk 257G, 0.1h)
01:23:34 [elephants_by_the_lake/topic] q='non-timber forest products dry deciduous for': 1 new (cursor 64/150, q38, disk 257G, 0.1h)
01:23:35 [elephants_by_the_lake/topic] q='non-timber forest products dry deciduous for': 0 new (cursor 64/150, q37, disk 257G, 0.1h)
01:23:37 [elephants_by_the_lake/topic] q='non-timber forest products dry deciduous for': 0 new (cursor 64/150, q36, disk 257G, 0.1h)
01:23:38 [elephants_by_the_lake/fundee_topic] q='Elephants by the Lake non-timber forest prod': 1 new (cursor 64/150, q35, disk 257G, 0.1h)
01:23:39 [elephants_by_the_lake/fundee_topic] q='Ashoka Trust for Research in Ecology and the': 2 new (cursor 64/150, q34, disk 257G, 0.1h)
01:23:41 [elephants_by_the_lake/fundee_topic] q='Keystone Foundation non-timber forest produc': 3 new (cursor 64/150, q33, disk 257G, 0.1h)
01:23:44 [elephants_by_the_lake/fundee_topic] q='Nature Conservation Foundation (NCF) non-tim': 1 new (cursor 64/150, q32, disk 257G, 0.1h)
01:23:46 [elephants_by_the_lake/fundee_topic] q='Foundation for Ecological Security (FES) non': 2 new (cursor 64/150, q31, disk 257G, 0.1h)
01:23:48 [elephants_by_the_lake/fundee_topic] q='Dakshin Foundation non-timber forest product': 2 new (cursor 64/150, q30, disk 257G, 0.1h)
01:23:49 [elephants_by_the_lake/topic] q='agroforestry South Deccan Plateau dry decidu': 0 new (cursor 64/150, q29, disk 257G, 0.1h)
01:23:50 [elephants_by_the_lake/topic] q='agroforestry dry deciduous forest India 2024': 2 new (cursor 64/150, q28, disk 257G, 0.1h)
01:23:52 [elephants_by_the_lake/topic] q='agroforestry dry deciduous forest India 2023': 0 new (cursor 64/150, q27, disk 257G, 0.1h)
01:23:53 [elephants_by_the_lake/topic] q='agroforestry dry deciduous forest India 2022': 0 new (cursor 64/150, q26, disk 257G, 0.1h)
01:23:54 [elephants_by_the_lake/topic] q='agroforestry dry deciduous forest India 2021': 0 new (cursor 64/150, q25, disk 257G, 0.1h)
01:23:56 [elephants_by_the_lake/topic] q='agroforestry dry deciduous forest India 2020': 0 new (cursor 64/150, q24, disk 257G, 0.1h)
01:23:57 [elephants_by_the_lake/topic] q='agroforestry dry deciduous forest India 2019': 0 new (cursor 64/150, q23, disk 257G, 0.1h)
01:23:58 [elephants_by_the_lake/topic] q='agroforestry dry deciduous forest India 2018': 1 new (cursor 64/150, q22, disk 257G, 0.1h)
01:24:00 [elephants_by_the_lake/topic] q='agroforestry dry deciduous forest India 2016': 0 new (cursor 64/150, q21, disk 257G, 0.1h)
01:24:01 [elephants_by_the_lake/fundee_topic] q='Elephants by the Lake agroforestry': 2 new (cursor 64/150, q20, disk 257G, 0.1h)
01:24:04 [elephants_by_the_lake/fundee_topic] q='Ashoka Trust for Research in Ecology and the': 1 new (cursor 64/150, q19, disk 257G, 0.1h)
01:24:06 [elephants_by_the_lake/fundee_topic] q='Keystone Foundation agroforestry': 2 new (cursor 64/150, q18, disk 257G, 0.1h)
01:24:08 [elephants_by_the_lake/fundee_topic] q='Nature Conservation Foundation (NCF) agrofor': 1 new (cursor 64/150, q17, disk 257G, 0.1h)
01:24:10 [elephants_by_the_lake/fundee_topic] q='Foundation for Ecological Security (FES) agr': 1 new (cursor 64/150, q16, disk 257G, 0.1h)
01:24:14 [elephants_by_the_lake/fundee_topic] q='Dakshin Foundation agroforestry': 0 new (cursor 64/150, q15, disk 257G, 0.1h)
01:24:19 [elephants_by_the_lake/topic] q='groundwater recharge South Deccan Plateau dr': 1 new (cursor 64/150, q14, disk 257G, 0.1h)
01:24:20 [elephants_by_the_lake/topic] q='groundwater recharge dry deciduous forest In': 2 new (cursor 64/150, q13, disk 257G, 0.1h)
01:24:22 [elephants_by_the_lake/topic] q='groundwater recharge dry deciduous forest In': 1 new (cursor 64/150, q12, disk 257G, 0.1h)
01:24:23 [elephants_by_the_lake/topic] q='groundwater recharge dry deciduous forest In': 1 new (cursor 64/150, q11, disk 257G, 0.1h)
01:24:24 [elephants_by_the_lake/topic] q='groundwater recharge dry deciduous forest In': 0 new (cursor 64/150, q10, disk 257G, 0.1h)
01:24:26 [elephants_by_the_lake/topic] q='groundwater recharge dry deciduous forest In': 3 new (cursor 64/150, q9, disk 257G, 0.1h)
01:24:27 [elephants_by_the_lake/topic] q='groundwater recharge dry deciduous forest In': 0 new (cursor 64/150, q8, disk 257G, 0.1h)
01:24:28 [elephants_by_the_lake/topic] q='groundwater recharge dry deciduous forest In': 0 new (cursor 64/150, q7, disk 257G, 0.1h)
01:24:29 [elephants_by_the_lake/topic] q='groundwater recharge dry deciduous forest In': 0 new (cursor 64/150, q6, disk 257G, 0.1h)
01:24:31 [elephants_by_the_lake/fundee_topic] q='Elephants by the Lake groundwater recharge': 3 new (cursor 64/150, q5, disk 257G, 0.1h)
01:24:34 [elephants_by_the_lake/fundee_topic] q='Ashoka Trust for Research in Ecology and the': 0 new (cursor 64/150, q4, disk 257G, 0.1h)
01:24:35 [elephants_by_the_lake/fundee_topic] q='Keystone Foundation groundwater recharge': 3 new (cursor 64/150, q3, disk 257G, 0.1h)
01:24:37 [elephants_by_the_lake/fundee_topic] q='Nature Conservation Foundation (NCF) groundw': 1 new (cursor 64/150, q2, disk 257G, 0.1h)
01:24:38 [elephants_by_the_lake/fundee_topic] q='Foundation for Ecological Security (FES) gro': 1 new (cursor 64/150, q1, disk 257G, 0.1h)
01:24:39 [elephants_by_the_lake/fundee_topic] q='Dakshin Foundation groundwater recharge': 1 new (cursor 64/150, q0, disk 257G, 0.1h)
01:24:44 [elephants_by_the_lake/topic] q='spring hydrology South Deccan Plateau dry de': 0 new (cursor 64/150, q149, disk 257G, 0.1h)
01:24:44 [elephants_by_the_lake/topic] q='spring hydrology dry deciduous forest India ': 3 new (cursor 64/150, q148, disk 257G, 0.1h)
01:24:46 [elephants_by_the_lake/topic] q='spring hydrology dry deciduous forest India ': 0 new (cursor 64/150, q147, disk 257G, 0.1h)
01:24:47 [elephants_by_the_lake/topic] q='spring hydrology dry deciduous forest India ': 1 new (cursor 64/150, q146, disk 257G, 0.1h)
01:24:49 [elephants_by_the_lake/topic] q='spring hydrology dry deciduous forest India ': 0 new (cursor 64/150, q145, disk 257G, 0.1h)
01:24:50 [elephants_by_the_lake/topic] q='spring hydrology dry deciduous forest India ': 0 new (cursor 64/150, q144, disk 257G, 0.1h)
01:24:51 [elephants_by_the_lake/topic] q='spring hydrology dry deciduous forest India ': 0 new (cursor 64/150, q143, disk 257G, 0.1h)
01:24:53 [elephants_by_the_lake/topic] q='spring hydrology dry deciduous forest India ': 1 new (cursor 64/150, q142, disk 257G, 0.1h)
01:24:54 [elephants_by_the_lake/topic] q='spring hydrology dry deciduous forest India ': 0 new (cursor 64/150, q141, disk 257G, 0.1h)
01:24:55 [elephants_by_the_lake/fundee_topic] q='Elephants by the Lake spring hydrology': 2 new (cursor 64/150, q140, disk 257G, 0.1h)
01:24:57 [elephants_by_the_lake/fundee_topic] q='Ashoka Trust for Research in Ecology and the': 2 new (cursor 64/150, q139, disk 257G, 0.1h)
01:25:00 [elephants_by_the_lake/fundee_topic] q='Keystone Foundation spring hydrology': 3 new (cursor 64/150, q138, disk 257G, 0.1h)
01:25:04 [elephants_by_the_lake/fundee_topic] q='Nature Conservation Foundation (NCF) spring ': 1 new (cursor 64/150, q137, disk 257G, 0.1h)
01:25:06 [elephants_by_the_lake/fundee_topic] q='Foundation for Ecological Security (FES) spr': 1 new (cursor 64/150, q136, disk 257G, 0.1h)
01:25:12 [elephants_by_the_lake/fundee_topic] q='Dakshin Foundation spring hydrology': 3 new (cursor 64/150, q135, disk 257G, 0.1h)
01:25:13 [elephants_by_the_lake/topic] q='canopy cover South Deccan Plateau dry decidu': 0 new (cursor 64/150, q134, disk 257G, 0.1h)
01:25:14 [elephants_by_the_lake/topic] q='canopy cover dry deciduous forest India 2024': 1 new (cursor 64/150, q133, disk 257G, 0.1h)
01:25:16 [elephants_by_the_lake/topic] q='canopy cover dry deciduous forest India 2023': 0 new (cursor 64/150, q132, disk 257G, 0.1h)
01:25:17 [elephants_by_the_lake/topic] q='canopy cover dry deciduous forest India 2022': 0 new (cursor 64/150, q131, disk 257G, 0.1h)
01:25:18 [elephants_by_the_lake/topic] q='canopy cover dry deciduous forest India 2021': 0 new (cursor 64/150, q130, disk 257G, 0.1h)
01:25:19 [elephants_by_the_lake/topic] q='canopy cover dry deciduous forest India 2020': 0 new (cursor 64/150, q129, disk 257G, 0.1h)
01:25:21 [elephants_by_the_lake/topic] q='canopy cover dry deciduous forest India 2019': 1 new (cursor 64/150, q128, disk 257G, 0.1h)
01:25:23 [elephants_by_the_lake/topic] q='canopy cover dry deciduous forest India 2018': 0 new (cursor 64/150, q127, disk 257G, 0.1h)
01:25:24 [elephants_by_the_lake/topic] q='canopy cover dry deciduous forest India 2016': 0 new (cursor 64/150, q126, disk 257G, 0.1h)
01:25:25 [elephants_by_the_lake/fundee_topic] q='Elephants by the Lake canopy cover': 1 new (cursor 64/150, q125, disk 257G, 0.1h)
01:25:27 [elephants_by_the_lake/fundee_topic] q='Ashoka Trust for Research in Ecology and the': 1 new (cursor 64/150, q124, disk 257G, 0.1h)
01:25:29 [elephants_by_the_lake/fundee_topic] q='Keystone Foundation canopy cover': 3 new (cursor 64/150, q123, disk 257G, 0.1h)
01:25:32 [elephants_by_the_lake/fundee_topic] q='Nature Conservation Foundation (NCF) canopy ': 1 new (cursor 64/150, q122, disk 257G, 0.1h)
01:25:34 [elephants_by_the_lake/fundee_topic] q='Foundation for Ecological Security (FES) can': 0 new (cursor 64/150, q121, disk 257G, 0.1h)
01:25:35 [elephants_by_the_lake/fundee_topic] q='Dakshin Foundation canopy cover': 0 new (cursor 64/150, q120, disk 257G, 0.1h)
01:25:36 [elephants_by_the_lake/topic] q='natural regeneration South Deccan Plateau dr': 0 new (cursor 64/150, q119, disk 257G, 0.1h)
01:25:38 [elephants_by_the_lake/topic] q='natural regeneration dry deciduous forest In': 1 new (cursor 64/150, q118, disk 257G, 0.1h)
01:25:39 [elephants_by_the_lake/topic] q='natural regeneration dry deciduous forest In': 0 new (cursor 64/150, q117, disk 257G, 0.1h)
01:25:40 [elephants_by_the_lake/topic] q='natural regeneration dry deciduous forest In': 0 new (cursor 64/150, q116, disk 257G, 0.1h)
01:25:42 [elephants_by_the_lake/topic] q='natural regeneration dry deciduous forest In': 0 new (cursor 64/150, q115, disk 257G, 0.1h)
01:25:43 [elephants_by_the_lake/topic] q='natural regeneration dry deciduous forest In': 0 new (cursor 64/150, q114, disk 257G, 0.1h)
01:25:44 [elephants_by_the_lake/topic] q='natural regeneration dry deciduous forest In': 0 new (cursor 64/150, q113, disk 257G, 0.1h)
01:25:46 [elephants_by_the_lake/topic] q='natural regeneration dry deciduous forest In': 0 new (cursor 64/150, q112, disk 257G, 0.1h)
01:25:47 [elephants_by_the_lake/topic] q='natural regeneration dry deciduous forest In': 0 new (cursor 64/150, q111, disk 257G, 0.1h)
01:25:48 [elephants_by_the_lake/fundee_topic] q='Elephants by the Lake natural regeneration': 1 new (cursor 64/150, q110, disk 257G, 0.1h)
01:25:50 [elephants_by_the_lake/fundee_topic] q='Ashoka Trust for Research in Ecology and the': 1 new (cursor 64/150, q109, disk 257G, 0.1h)
01:25:51 [elephants_by_the_lake/fundee_topic] q='Keystone Foundation natural regeneration': 1 new (cursor 64/150, q108, disk 257G, 0.1h)
01:25:53 [elephants_by_the_lake/fundee_topic] q='Nature Conservation Foundation (NCF) natural': 1 new (cursor 64/150, q107, disk 257G, 0.1h)
01:25:54 [elephants_by_the_lake/fundee_topic] q='Foundation for Ecological Security (FES) nat': 2 new (cursor 64/150, q106, disk 257G, 0.1h)
01:25:55 [elephants_by_the_lake/fundee_topic] q='Dakshin Foundation natural regeneration': 0 new (cursor 64/150, q105, disk 257G, 0.1h)
01:25:59 [elephants_by_the_lake/topic] q='assisted natural regeneration South Deccan P': 0 new (cursor 64/150, q104, disk 257G, 0.1h)
01:26:00 [elephants_by_the_lake/topic] q='assisted natural regeneration dry deciduous ': 0 new (cursor 64/150, q103, disk 257G, 0.1h)
01:26:02 [elephants_by_the_lake/topic] q='assisted natural regeneration dry deciduous ': 0 new (cursor 64/150, q102, disk 257G, 0.1h)
01:26:03 [elephants_by_the_lake/topic] q='assisted natural regeneration dry deciduous ': 1 new (cursor 64/150, q101, disk 257G, 0.1h)
01:26:05 [elephants_by_the_lake/topic] q='assisted natural regeneration dry deciduous ': 0 new (cursor 64/150, q100, disk 257G, 0.1h)
01:26:06 [elephants_by_the_lake/topic] q='assisted natural regeneration dry deciduous ': 0 new (cursor 64/150, q99, disk 257G, 0.1h)
01:26:07 [elephants_by_the_lake/topic] q='assisted natural regeneration dry deciduous ': 0 new (cursor 64/150, q98, disk 257G, 0.1h)
01:26:08 [elephants_by_the_lake/topic] q='assisted natural regeneration dry deciduous ': 0 new (cursor 64/150, q97, disk 257G, 0.1h)
01:26:10 [elephants_by_the_lake/topic] q='assisted natural regeneration dry deciduous ': 0 new (cursor 64/150, q96, disk 257G, 0.1h)
01:26:11 [elephants_by_the_lake/fundee_topic] q='Elephants by the Lake assisted natural regen': 2 new (cursor 64/150, q95, disk 257G, 0.1h)
01:26:12 [elephants_by_the_lake/fundee_topic] q='Ashoka Trust for Research in Ecology and the': 1 new (cursor 64/150, q94, disk 257G, 0.1h)
01:26:15 [elephants_by_the_lake/fundee_topic] q='Keystone Foundation assisted natural regener': 2 new (cursor 64/150, q93, disk 257G, 0.1h)
01:26:17 [elephants_by_the_lake/fundee_topic] q='Nature Conservation Foundation (NCF) assiste': 1 new (cursor 64/150, q92, disk 257G, 0.1h)
01:26:19 [elephants_by_the_lake/fundee_topic] q='Foundation for Ecological Security (FES) ass': 1 new (cursor 64/150, q91, disk 257G, 0.1h)
01:26:20 [elephants_by_the_lake/fundee_topic] q='Dakshin Foundation assisted natural regenera': 0 new (cursor 64/150, q90, disk 257G, 0.1h)
01:26:22 [elephants_by_the_lake/topic] q='invasive species removal South Deccan Platea': 1 new (cursor 64/150, q89, disk 257G, 0.1h)
01:26:24 [elephants_by_the_lake/topic] q='invasive species removal dry deciduous fores': 0 new (cursor 64/150, q88, disk 257G, 0.1h)
01:26:26 [elephants_by_the_lake/topic] q='invasive species removal dry deciduous fores': 1 new (cursor 64/150, q87, disk 257G, 0.1h)
01:26:28 [elephants_by_the_lake/topic] q='invasive species removal dry deciduous fores': 1 new (cursor 64/150, q86, disk 257G, 0.1h)
01:26:29 [elephants_by_the_lake/topic] q='invasive species removal dry deciduous fores': 0 new (cursor 64/150, q85, disk 257G, 0.1h)
01:26:30 [elephants_by_the_lake/topic] q='invasive species removal dry deciduous fores': 0 new (cursor 64/150, q84, disk 257G, 0.1h)
01:26:31 [elephants_by_the_lake/topic] q='invasive species removal dry deciduous fores': 0 new (cursor 64/150, q83, disk 257G, 0.1h)
01:26:33 [elephants_by_the_lake/topic] q='invasive species removal dry deciduous fores': 0 new (cursor 64/150, q82, disk 257G, 0.1h)
01:26:34 [elephants_by_the_lake/topic] q='invasive species removal dry deciduous fores': 0 new (cursor 64/150, q81, disk 257G, 0.1h)
01:26:35 [elephants_by_the_lake/fundee_topic] q='Elephants by the Lake invasive species remov': 1 new (cursor 64/150, q80, disk 257G, 0.1h)
01:26:37 [elephants_by_the_lake/fundee_topic] q='Ashoka Trust for Research in Ecology and the': 1 new (cursor 64/150, q79, disk 257G, 0.1h)
01:26:41 [elephants_by_the_lake/fundee_topic] q='Keystone Foundation invasive species removal': 3 new (cursor 64/150, q78, disk 257G, 0.1h)
01:26:44 [elephants_by_the_lake/fundee_topic] q='Nature Conservation Foundation (NCF) invasiv': 1 new (cursor 64/150, q77, disk 257G, 0.1h)
01:26:46 [elephants_by_the_lake/fundee_topic] q='Foundation for Ecological Security (FES) inv': 2 new (cursor 64/150, q76, disk 257G, 0.1h)
01:26:47 [elephants_by_the_lake/fundee_topic] q='Dakshin Foundation invasive species removal': 1 new (cursor 64/150, q75, disk 257G, 0.1h)
01:26:48 [elephants_by_the_lake/topic] q='native tree survival South Deccan Plateau dr': 0 new (cursor 64/150, q74, disk 257G, 0.1h)
01:26:49 [elephants_by_the_lake/topic] q='native tree survival dry deciduous forest In': 0 new (cursor 64/150, q73, disk 257G, 0.1h)
01:26:51 [elephants_by_the_lake/topic] q='native tree survival dry deciduous forest In': 1 new (cursor 64/150, q72, disk 257G, 0.1h)
01:26:52 [elephants_by_the_lake/topic] q='native tree survival dry deciduous forest In': 1 new (cursor 64/150, q71, disk 257G, 0.1h)
01:26:53 [elephants_by_the_lake/topic] q='native tree survival dry deciduous forest In': 0 new (cursor 64/150, q70, disk 257G, 0.1h)
01:26:55 [elephants_by_the_lake/topic] q='native tree survival dry deciduous forest In': 0 new (cursor 64/150, q69, disk 257G, 0.1h)
01:26:56 [elephants_by_the_lake/topic] q='native tree survival dry deciduous forest In': 0 new (cursor 64/150, q68, disk 257G, 0.1h)
01:26:57 [elephants_by_the_lake/topic] q='native tree survival dry deciduous forest In': 0 new (cursor 64/150, q67, disk 257G, 0.1h)
01:26:59 [elephants_by_the_lake/topic] q='native tree survival dry deciduous forest In': 0 new (cursor 64/150, q66, disk 257G, 0.1h)
01:27:00 [elephants_by_the_lake/fundee_topic] q='Elephants by the Lake native tree survival': 2 new (cursor 64/150, q65, disk 257G, 0.1h)
01:27:03 [elephants_by_the_lake/fundee_topic] q='Ashoka Trust for Research in Ecology and the': 2 new (cursor 64/150, q64, disk 257G, 0.1h)
01:27:06 [elephants_by_the_lake/fundee_topic] q='Keystone Foundation native tree survival': 2 new (cursor 64/150, q63, disk 257G, 0.1h)
01:27:08 [elephants_by_the_lake/fundee_topic] q='Nature Conservation Foundation (NCF) native ': 0 new (cursor 64/150, q62, disk 257G, 0.1h)
01:27:10 [elephants_by_the_lake/fundee_topic] q='Foundation for Ecological Security (FES) nat': 1 new (cursor 64/150, q61, disk 257G, 0.1h)
01:27:11 [elephants_by_the_lake/fundee_topic] q='Dakshin Foundation native tree survival': 0 new (cursor 64/150, q60, disk 257G, 0.1h)
01:27:17 [elephants_by_the_lake/topic] q='frugivory South Deccan Plateau dry deciduous': 0 new (cursor 64/150, q59, disk 257G, 0.1h)
01:27:18 [elephants_by_the_lake/topic] q='frugivory dry deciduous forest India 2024': 1 new (cursor 64/150, q58, disk 257G, 0.1h)
01:27:19 [elephants_by_the_lake/topic] q='frugivory dry deciduous forest India 2023': 2 new (cursor 64/150, q57, disk 257G, 0.1h)
01:27:21 [elephants_by_the_lake/topic] q='frugivory dry deciduous forest India 2022': 1 new (cursor 64/150, q56, disk 257G, 0.1h)
01:27:23 [elephants_by_the_lake/topic] q='frugivory dry deciduous forest India 2021': 0 new (cursor 64/150, q55, disk 257G, 0.1h)
01:27:24 [elephants_by_the_lake/topic] q='frugivory dry deciduous forest India 2020': 0 new (cursor 64/150, q54, disk 257G, 0.1h)
01:27:31 [elephants_by_the_lake/topic] q='frugivory dry deciduous forest India 2019': 3 new (cursor 64/150, q53, disk 257G, 0.1h)
01:27:37 [elephants_by_the_lake/topic] q='frugivory dry deciduous forest India 2018': 1 new (cursor 64/150, q52, disk 257G, 0.1h)
01:27:38 [elephants_by_the_lake/topic] q='frugivory dry deciduous forest India 2016': 1 new (cursor 64/150, q51, disk 257G, 0.1h)
01:27:41 [elephants_by_the_lake/fundee_topic] q='Elephants by the Lake frugivory': 3 new (cursor 64/150, q50, disk 257G, 0.1h)
01:27:46 [elephants_by_the_lake/fundee_topic] q='Ashoka Trust for Research in Ecology and the': 0 new (cursor 64/150, q49, disk 257G, 0.1h)
01:27:47 [elephants_by_the_lake/fundee_topic] q='Keystone Foundation frugivory': 2 new (cursor 64/150, q48, disk 257G, 0.1h)
01:27:51 [elephants_by_the_lake/fundee_topic] q='Nature Conservation Foundation (NCF) frugivo': 0 new (cursor 64/150, q47, disk 257G, 0.1h)
01:27:55 [elephants_by_the_lake/fundee_topic] q='Foundation for Ecological Security (FES) fru': 3 new (cursor 64/150, q46, disk 257G, 0.1h)
01:27:59 [elephants_by_the_lake/fundee_topic] q='Dakshin Foundation frugivory': 1 new (cursor 64/150, q45, disk 257G, 0.1h)
01:28:01 [elephants_by_the_lake/topic] q='seed predation South Deccan Plateau dry deci': 0 new (cursor 64/150, q44, disk 257G, 0.1h)
01:28:02 [elephants_by_the_lake/topic] q='seed predation dry deciduous forest India 20': 0 new (cursor 64/150, q43, disk 257G, 0.1h)
01:28:03 [elephants_by_the_lake/topic] q='seed predation dry deciduous forest India 20': 0 new (cursor 64/150, q42, disk 257G, 0.1h)
01:28:05 [elephants_by_the_lake/topic] q='seed predation dry deciduous forest India 20': 0 new (cursor 64/150, q41, disk 257G, 0.1h)
01:28:06 [elephants_by_the_lake/topic] q='seed predation dry deciduous forest India 20': 0 new (cursor 64/150, q40, disk 257G, 0.1h)
01:28:07 [elephants_by_the_lake/topic] q='seed predation dry deciduous forest India 20': 0 new (cursor 64/150, q39, disk 257G, 0.1h)
01:28:08 [elephants_by_the_lake/topic] q='seed predation dry deciduous forest India 20': 0 new (cursor 64/150, q38, disk 257G, 0.1h)
01:28:10 [elephants_by_the_lake/topic] q='seed predation dry deciduous forest India 20': 0 new (cursor 64/150, q37, disk 257G, 0.1h)
01:28:11 [elephants_by_the_lake/topic] q='seed predation dry deciduous forest India 20': 1 new (cursor 64/150, q36, disk 257G, 0.2h)
01:28:13 [elephants_by_the_lake/fundee_topic] q='Elephants by the Lake seed predation': 0 new (cursor 64/150, q35, disk 257G, 0.2h)
01:28:14 [elephants_by_the_lake/fundee_topic] q='Ashoka Trust for Research in Ecology and the': 2 new (cursor 64/150, q34, disk 257G, 0.2h)
01:28:18 [elephants_by_the_lake/fundee_topic] q='Keystone Foundation seed predation': 1 new (cursor 64/150, q33, disk 257G, 0.2h)
01:28:20 [elephants_by_the_lake/fundee_topic] q='Nature Conservation Foundation (NCF) seed pr': 1 new (cursor 64/150, q32, disk 257G, 0.2h)
01:28:22 [elephants_by_the_lake/fundee_topic] q='Foundation for Ecological Security (FES) see': 0 new (cursor 64/150, q31, disk 257G, 0.2h)
01:28:23 [elephants_by_the_lake/fundee_topic] q='Dakshin Foundation seed predation': 0 new (cursor 64/150, q30, disk 257G, 0.2h)
01:28:28 [elephants_by_the_lake/topic] q='dung beetle diversity South Deccan Plateau d': 1 new (cursor 64/150, q29, disk 257G, 0.2h)
01:28:29 [elephants_by_the_lake/topic] q='dung beetle diversity dry deciduous forest I': 2 new (cursor 64/150, q28, disk 257G, 0.2h)
01:28:33 [elephants_by_the_lake/topic] q='dung beetle diversity dry deciduous forest I': 0 new (cursor 64/150, q27, disk 257G, 0.2h)
01:28:34 [elephants_by_the_lake/topic] q='dung beetle diversity dry deciduous forest I': 1 new (cursor 64/150, q26, disk 257G, 0.2h)
01:28:36 [elephants_by_the_lake/topic] q='dung beetle diversity dry deciduous forest I': 0 new (cursor 64/150, q25, disk 257G, 0.2h)
01:28:37 [elephants_by_the_lake/topic] q='dung beetle diversity dry deciduous forest I': 1 new (cursor 64/150, q24, disk 257G, 0.2h)
01:28:40 [elephants_by_the_lake/topic] q='dung beetle diversity dry deciduous forest I': 0 new (cursor 64/150, q23, disk 257G, 0.2h)
01:28:41 [elephants_by_the_lake/topic] q='dung beetle diversity dry deciduous forest I': 0 new (cursor 64/150, q22, disk 257G, 0.2h)
01:28:42 [elephants_by_the_lake/topic] q='dung beetle diversity dry deciduous forest I': 0 new (cursor 64/150, q21, disk 257G, 0.2h)
01:28:43 [elephants_by_the_lake/fundee_topic] q='Elephants by the Lake dung beetle diversity': 3 new (cursor 64/150, q20, disk 257G, 0.2h)
01:28:46 [elephants_by_the_lake/fundee_topic] q='Ashoka Trust for Research in Ecology and the': 1 new (cursor 64/150, q19, disk 257G, 0.2h)
01:28:48 [elephants_by_the_lake/fundee_topic] q='Keystone Foundation dung beetle diversity': 3 new (cursor 64/150, q18, disk 257G, 0.2h)
01:28:52 [elephants_by_the_lake/fundee_topic] q='Nature Conservation Foundation (NCF) dung be': 1 new (cursor 64/150, q17, disk 257G, 0.2h)
01:28:53 [elephants_by_the_lake/fundee_topic] q='Foundation for Ecological Security (FES) dun': 1 new (cursor 64/150, q16, disk 257G, 0.2h)
01:28:58 [elephants_by_the_lake/fundee_topic] q='Dakshin Foundation dung beetle diversity': 3 new (cursor 64/150, q15, disk 257G, 0.2h)
01:29:02 [elephants_by_the_lake/topic] q='butterfly diversity South Deccan Plateau dry': 1 new (cursor 64/150, q14, disk 257G, 0.2h)
01:29:03 [elephants_by_the_lake/topic] q='butterfly diversity dry deciduous forest Ind': 3 new (cursor 64/150, q13, disk 257G, 0.2h)
01:29:07 [elephants_by_the_lake/topic] q='butterfly diversity dry deciduous forest Ind': 1 new (cursor 64/150, q12, disk 257G, 0.2h)
01:29:09 [elephants_by_the_lake/topic] q='butterfly diversity dry deciduous forest Ind': 1 new (cursor 64/150, q11, disk 257G, 0.2h)
01:29:11 [elephants_by_the_lake/topic] q='butterfly diversity dry deciduous forest Ind': 1 new (cursor 64/150, q10, disk 257G, 0.2h)
01:29:13 [elephants_by_the_lake/topic] q='butterfly diversity dry deciduous forest Ind': 1 new (cursor 64/150, q9, disk 257G, 0.2h)
01:29:15 [elephants_by_the_lake/topic] q='butterfly diversity dry deciduous forest Ind': 0 new (cursor 64/150, q8, disk 257G, 0.2h)
01:29:16 [elephants_by_the_lake/topic] q='butterfly diversity dry deciduous forest Ind': 0 new (cursor 64/150, q7, disk 257G, 0.2h)
01:29:18 [elephants_by_the_lake/topic] q='butterfly diversity dry deciduous forest Ind': 0 new (cursor 64/150, q6, disk 257G, 0.2h)
01:29:19 [elephants_by_the_lake/fundee_topic] q='Elephants by the Lake butterfly diversity': 3 new (cursor 64/150, q5, disk 257G, 0.2h)
01:29:24 [elephants_by_the_lake/fundee_topic] q='Ashoka Trust for Research in Ecology and the': 1 new (cursor 64/150, q4, disk 257G, 0.2h)
01:29:25 [elephants_by_the_lake/fundee_topic] q='Keystone Foundation butterfly diversity': 3 new (cursor 64/150, q3, disk 257G, 0.2h)
01:29:29 [elephants_by_the_lake/fundee_topic] q='Nature Conservation Foundation (NCF) butterf': 1 new (cursor 64/150, q2, disk 257G, 0.2h)
01:29:32 [elephants_by_the_lake/fundee_topic] q='Foundation for Ecological Security (FES) but': 2 new (cursor 64/150, q1, disk 257G, 0.2h)
01:29:34 [elephants_by_the_lake/fundee_topic] q='Dakshin Foundation butterfly diversity': 1 new (cursor 64/150, q0, disk 257G, 0.2h)
01:29:39 [elephants_by_the_lake/topic] q='odonate dragonfly South Deccan Plateau dry d': 0 new (cursor 64/150, q149, disk 257G, 0.2h)
01:29:44 [elephants_by_the_lake/topic] q='odonate dragonfly dry deciduous forest India': 0 new (cursor 64/150, q148, disk 257G, 0.2h)
01:29:48 [elephants_by_the_lake/topic] q='odonate dragonfly dry deciduous forest India': 1 new (cursor 64/150, q147, disk 257G, 0.2h)
01:29:56 [elephants_by_the_lake/topic] q='odonate dragonfly dry deciduous forest India': 0 new (cursor 64/150, q146, disk 257G, 0.2h)
01:30:01 [elephants_by_the_lake/topic] q='odonate dragonfly dry deciduous forest India': 1 new (cursor 64/150, q145, disk 257G, 0.2h)
01:30:07 [elephants_by_the_lake/topic] q='odonate dragonfly dry deciduous forest India': 1 new (cursor 64/150, q144, disk 257G, 0.2h)
01:30:13 [elephants_by_the_lake/topic] q='odonate dragonfly dry deciduous forest India': 1 new (cursor 64/150, q143, disk 257G, 0.2h)
01:30:17 [elephants_by_the_lake/topic] q='odonate dragonfly dry deciduous forest India': 0 new (cursor 64/150, q142, disk 257G, 0.2h)
01:30:20 [elephants_by_the_lake/topic] q='odonate dragonfly dry deciduous forest India': 1 new (cursor 64/150, q141, disk 257G, 0.2h)
01:30:24 [elephants_by_the_lake/fundee_topic] q='Elephants by the Lake odonate dragonfly': 3 new (cursor 64/150, q140, disk 257G, 0.2h)
01:30:31 [elephants_by_the_lake/fundee_topic] q='Ashoka Trust for Research in Ecology and the': 0 new (cursor 64/150, q139, disk 257G, 0.2h)
01:30:32 [elephants_by_the_lake/fundee_topic] q='Keystone Foundation odonate dragonfly': 1 new (cursor 64/150, q138, disk 257G, 0.2h)
01:30:37 [elephants_by_the_lake/fundee_topic] q='Nature Conservation Foundation (NCF) odonate': 2 new (cursor 64/150, q137, disk 257G, 0.2h)
01:30:42 [elephants_by_the_lake/fundee_topic] q='Foundation for Ecological Security (FES) odo': 1 new (cursor 64/150, q136, disk 257G, 0.2h)
01:30:49 [elephants_by_the_lake/fundee_topic] q='Dakshin Foundation odonate dragonfly': 0 new (cursor 64/150, q135, disk 257G, 0.2h)
01:30:50 [elephants_by_the_lake/topic] q='bird community South Deccan Plateau dry deci': 1 new (cursor 64/150, q134, disk 257G, 0.2h)
01:30:51 [elephants_by_the_lake/topic] q='bird community dry deciduous forest India 20': 3 new (cursor 64/150, q133, disk 257G, 0.2h)
01:30:56 [elephants_by_the_lake/topic] q='bird community dry deciduous forest India 20': 0 new (cursor 64/150, q132, disk 257G, 0.2h)
01:30:58 [elephants_by_the_lake/topic] q='bird community dry deciduous forest India 20': 0 new (cursor 64/150, q131, disk 257G, 0.2h)
01:30:59 [elephants_by_the_lake/topic] q='bird community dry deciduous forest India 20': 0 new (cursor 64/150, q130, disk 257G, 0.2h)
01:31:00 [elephants_by_the_lake/topic] q='bird community dry deciduous forest India 20': 0 new (cursor 64/150, q129, disk 257G, 0.2h)
01:31:01 [elephants_by_the_lake/topic] q='bird community dry deciduous forest India 20': 1 new (cursor 64/150, q128, disk 257G, 0.2h)
01:31:03 [elephants_by_the_lake/topic] q='bird community dry deciduous forest India 20': 0 new (cursor 64/150, q127, disk 257G, 0.2h)
01:31:04 [elephants_by_the_lake/topic] q='bird community dry deciduous forest India 20': 0 new (cursor 64/150, q126, disk 257G, 0.2h)
01:31:05 [elephants_by_the_lake/fundee_topic] q='Elephants by the Lake bird community': 1 new (cursor 64/150, q125, disk 257G, 0.2h)
01:31:07 [elephants_by_the_lake/fundee_topic] q='Ashoka Trust for Research in Ecology and the': 0 new (cursor 64/150, q124, disk 257G, 0.2h)
01:31:08 [elephants_by_the_lake/fundee_topic] q='Keystone Foundation bird community': 2 new (cursor 64/150, q123, disk 257G, 0.2h)
01:31:14 [elephants_by_the_lake/fundee_topic] q='Nature Conservation Foundation (NCF) bird co': 0 new (cursor 64/150, q122, disk 257G, 0.2h)
01:31:15 [elephants_by_the_lake/fundee_topic] q='Foundation for Ecological Security (FES) bir': 0 new (cursor 64/150, q121, disk 257G, 0.2h)
01:31:16 [elephants_by_the_lake/fundee_topic] q='Dakshin Foundation bird community': 1 new (cursor 64/150, q120, disk 257G, 0.2h)
01:31:18 [elephants_by_the_lake/topic] q='amphibian diversity South Deccan Plateau dry': 0 new (cursor 64/150, q119, disk 257G, 0.2h)
01:31:19 [elephants_by_the_lake/topic] q='amphibian diversity dry deciduous forest Ind': 3 new (cursor 64/150, q118, disk 257G, 0.2h)
01:31:22 [elephants_by_the_lake/topic] q='amphibian diversity dry deciduous forest Ind': 0 new (cursor 64/150, q117, disk 257G, 0.2h)
01:31:23 [elephants_by_the_lake/topic] q='amphibian diversity dry deciduous forest Ind': 1 new (cursor 64/150, q116, disk 257G, 0.2h)
01:31:25 [elephants_by_the_lake/topic] q='amphibian diversity dry deciduous forest Ind': 0 new (cursor 64/150, q115, disk 257G, 0.2h)
01:31:26 [elephants_by_the_lake/topic] q='amphibian diversity dry deciduous forest Ind': 0 new (cursor 64/150, q114, disk 257G, 0.2h)
01:31:28 [elephants_by_the_lake/topic] q='amphibian diversity dry deciduous forest Ind': 0 new (cursor 64/150, q113, disk 257G, 0.2h)
01:31:29 [elephants_by_the_lake/topic] q='amphibian diversity dry deciduous forest Ind': 0 new (cursor 64/150, q112, disk 257G, 0.2h)
01:31:30 [elephants_by_the_lake/topic] q='amphibian diversity dry deciduous forest Ind': 0 new (cursor 64/150, q111, disk 257G, 0.2h)
01:31:32 [elephants_by_the_lake/fundee_topic] q='Elephants by the Lake amphibian diversity': 3 new (cursor 64/150, q110, disk 257G, 0.2h)
01:31:39 [elephants_by_the_lake/fundee_topic] q='Ashoka Trust for Research in Ecology and the': 2 new (cursor 64/150, q109, disk 257G, 0.0h)
01:31:55 [elephants_by_the_lake/fundee_topic] q='Keystone Foundation amphibian diversity': 3 new (cursor 65/150, q108, disk 257G, 0.0h)
01:32:01 [elephants_by_the_lake/fundee_topic] q='Nature Conservation Foundation (NCF) amphibi': 2 new (cursor 65/150, q107, disk 257G, 0.0h)
01:32:02 [elephants_by_the_lake/fundee_topic] q='Foundation for Ecological Security (FES) amp': 3 new (cursor 65/150, q106, disk 257G, 0.0h)
01:32:04 [elephants_by_the_lake/fundee_topic] q='Dakshin Foundation amphibian diversity': 2 new (cursor 65/150, q105, disk 257G, 0.0h)
01:32:22 [elephants_by_the_lake/topic] q='reptile survey South Deccan Plateau dry deci': 1 new (cursor 65/150, q104, disk 257G, 0.0h)
01:32:24 [elephants_by_the_lake/topic] q='reptile survey dry deciduous forest India 20': 2 new (cursor 65/150, q103, disk 257G, 0.0h)
01:32:27 [elephants_by_the_lake/topic] q='reptile survey dry deciduous forest India 20': 1 new (cursor 65/150, q102, disk 257G, 0.0h)
01:32:29 [elephants_by_the_lake/topic] q='reptile survey dry deciduous forest India 20': 0 new (cursor 65/150, q101, disk 257G, 0.0h)
01:32:30 [elephants_by_the_lake/topic] q='reptile survey dry deciduous forest India 20': 0 new (cursor 65/150, q100, disk 257G, 0.0h)
01:32:31 [elephants_by_the_lake/topic] q='reptile survey dry deciduous forest India 20': 0 new (cursor 65/150, q99, disk 257G, 0.0h)
01:32:32 [elephants_by_the_lake/topic] q='reptile survey dry deciduous forest India 20': 0 new (cursor 65/150, q98, disk 257G, 0.0h)
01:32:34 [elephants_by_the_lake/topic] q='reptile survey dry deciduous forest India 20': 0 new (cursor 65/150, q97, disk 257G, 0.0h)
01:32:35 [elephants_by_the_lake/topic] q='reptile survey dry deciduous forest India 20': 0 new (cursor 65/150, q96, disk 257G, 0.0h)
01:32:37 [elephants_by_the_lake/fundee_topic] q='Elephants by the Lake reptile survey': 2 new (cursor 65/150, q95, disk 257G, 0.0h)
01:32:43 [elephants_by_the_lake/fundee_topic] q='Ashoka Trust for Research in Ecology and the': 0 new (cursor 65/150, q94, disk 257G, 0.0h)
01:32:44 [elephants_by_the_lake/fundee_topic] q='Keystone Foundation reptile survey': 2 new (cursor 65/150, q93, disk 257G, 0.0h)
01:32:52 [elephants_by_the_lake/fundee_topic] q='Nature Conservation Foundation (NCF) reptile': 3 new (cursor 65/150, q92, disk 257G, 0.0h)
01:32:52 [elephants_by_the_lake/fundee_topic] q='Foundation for Ecological Security (FES) rep': 1 new (cursor 65/150, q91, disk 257G, 0.0h)
01:32:54 [elephants_by_the_lake/fundee_topic] q='Dakshin Foundation reptile survey': 1 new (cursor 65/150, q90, disk 257G, 0.0h)
01:32:55 [elephants_by_the_lake/topic] q='mammal camera trap South Deccan Plateau dry ': 1 new (cursor 65/150, q89, disk 257G, 0.0h)
01:32:57 [elephants_by_the_lake/topic] q='mammal camera trap dry deciduous forest Indi': 2 new (cursor 65/150, q88, disk 257G, 0.0h)
01:33:00 [elephants_by_the_lake/topic] q='mammal camera trap dry deciduous forest Indi': 0 new (cursor 65/150, q87, disk 257G, 0.0h)
01:33:02 [elephants_by_the_lake/topic] q='mammal camera trap dry deciduous forest Indi': 0 new (cursor 65/150, q86, disk 257G, 0.0h)
01:33:03 [elephants_by_the_lake/topic] q='mammal camera trap dry deciduous forest Indi': 0 new (cursor 65/150, q85, disk 257G, 0.0h)
01:33:04 [elephants_by_the_lake/topic] q='mammal camera trap dry deciduous forest Indi': 0 new (cursor 65/150, q84, disk 257G, 0.0h)
01:33:05 [elephants_by_the_lake/topic] q='mammal camera trap dry deciduous forest Indi': 0 new (cursor 65/150, q83, disk 257G, 0.0h)
01:33:07 [elephants_by_the_lake/topic] q='mammal camera trap dry deciduous forest Indi': 0 new (cursor 65/150, q82, disk 257G, 0.0h)
01:33:08 [elephants_by_the_lake/topic] q='mammal camera trap dry deciduous forest Indi': 0 new (cursor 65/150, q81, disk 257G, 0.0h)
01:33:09 [elephants_by_the_lake/fundee_topic] q='Elephants by the Lake mammal camera trap': 3 new (cursor 65/150, q80, disk 257G, 0.0h)
01:33:18 [elephants_by_the_lake/fundee_topic] q='Ashoka Trust for Research in Ecology and the': 0 new (cursor 65/150, q79, disk 257G, 0.0h)
01:33:19 [elephants_by_the_lake/fundee_topic] q='Keystone Foundation mammal camera trap': 3 new (cursor 65/150, q78, disk 257G, 0.0h)
01:33:22 [elephants_by_the_lake/fundee_topic] q='Nature Conservation Foundation (NCF) mammal ': 2 new (cursor 65/150, q77, disk 257G, 0.0h)
01:33:26 [elephants_by_the_lake/fundee_topic] q='Foundation for Ecological Security (FES) mam': 2 new (cursor 65/150, q76, disk 257G, 0.0h)
01:33:31 [elephants_by_the_lake/fundee_topic] q='Dakshin Foundation mammal camera trap': 3 new (cursor 65/150, q75, disk 257G, 0.0h)
01:33:32 [elephants_by_the_lake/topic] q='elephant movement corridor South Deccan Plat': 0 new (cursor 65/150, q74, disk 257G, 0.0h)
01:33:33 [elephants_by_the_lake/topic] q='elephant movement corridor dry deciduous for': 0 new (cursor 65/150, q73, disk 257G, 0.0h)
01:33:34 [elephants_by_the_lake/topic] q='elephant movement corridor dry deciduous for': 1 new (cursor 65/150, q72, disk 257G, 0.0h)
01:33:35 [elephants_by_the_lake/topic] q='elephant movement corridor dry deciduous for': 0 new (cursor 65/150, q71, disk 257G, 0.0h)
01:33:37 [elephants_by_the_lake/topic] q='elephant movement corridor dry deciduous for': 0 new (cursor 65/150, q70, disk 257G, 0.0h)
01:33:38 [elephants_by_the_lake/topic] q='elephant movement corridor dry deciduous for': 0 new (cursor 65/150, q69, disk 257G, 0.0h)
01:33:39 [elephants_by_the_lake/topic] q='elephant movement corridor dry deciduous for': 0 new (cursor 65/150, q68, disk 257G, 0.0h)
01:33:41 [elephants_by_the_lake/topic] q='elephant movement corridor dry deciduous for': 1 new (cursor 65/150, q67, disk 257G, 0.0h)
01:33:42 [elephants_by_the_lake/topic] q='elephant movement corridor dry deciduous for': 0 new (cursor 65/150, q66, disk 257G, 0.0h)
01:33:43 [elephants_by_the_lake/fundee_topic] q='Elephants by the Lake elephant movement corr': 1 new (cursor 65/150, q65, disk 257G, 0.0h)
01:33:49 [elephants_by_the_lake/fundee_topic] q='Ashoka Trust for Research in Ecology and the': 0 new (cursor 65/150, q64, disk 257G, 0.0h)
01:33:50 [elephants_by_the_lake/fundee_topic] q='Keystone Foundation elephant movement corrid': 2 new (cursor 65/150, q63, disk 257G, 0.0h)
01:33:51 [elephants_by_the_lake/fundee_topic] q='Nature Conservation Foundation (NCF) elephan': 1 new (cursor 65/150, q62, disk 257G, 0.0h)
01:33:58 [elephants_by_the_lake/fundee_topic] q='Foundation for Ecological Security (FES) ele': 3 new (cursor 65/150, q61, disk 257G, 0.0h)
01:34:02 [elephants_by_the_lake/fundee_topic] q='Dakshin Foundation elephant movement corrido': 2 new (cursor 65/150, q60, disk 257G, 0.0h)
01:34:03 [elephants_by_the_lake/topic] q='human elephant conflict South Deccan Plateau': 0 new (cursor 65/150, q59, disk 257G, 0.0h)
01:34:04 [elephants_by_the_lake/topic] q='human elephant conflict dry deciduous forest': 0 new (cursor 65/150, q58, disk 257G, 0.0h)
01:34:05 [elephants_by_the_lake/topic] q='human elephant conflict dry deciduous forest': 0 new (cursor 65/150, q57, disk 257G, 0.0h)
01:34:07 [elephants_by_the_lake/topic] q='human elephant conflict dry deciduous forest': 0 new (cursor 65/150, q56, disk 257G, 0.0h)
01:34:08 [elephants_by_the_lake/topic] q='human elephant conflict dry deciduous forest': 0 new (cursor 65/150, q55, disk 257G, 0.0h)
01:34:09 [elephants_by_the_lake/topic] q='human elephant conflict dry deciduous forest': 0 new (cursor 65/150, q54, disk 257G, 0.0h)
01:34:11 [elephants_by_the_lake/topic] q='human elephant conflict dry deciduous forest': 0 new (cursor 65/150, q53, disk 257G, 0.0h)
01:34:12 [elephants_by_the_lake/topic] q='human elephant conflict dry deciduous forest': 0 new (cursor 65/150, q52, disk 257G, 0.0h)
01:34:13 [elephants_by_the_lake/topic] q='human elephant conflict dry deciduous forest': 0 new (cursor 65/150, q51, disk 257G, 0.0h)
01:34:15 [elephants_by_the_lake/fundee_topic] q='Elephants by the Lake human elephant conflic': 1 new (cursor 65/150, q50, disk 257G, 0.0h)
01:34:21 [elephants_by_the_lake/fundee_topic] q='Ashoka Trust for Research in Ecology and the': 0 new (cursor 65/150, q49, disk 257G, 0.0h)
01:34:22 [elephants_by_the_lake/fundee_topic] q='Keystone Foundation human elephant conflict': 0 new (cursor 65/150, q48, disk 257G, 0.0h)
01:34:23 [elephants_by_the_lake/fundee_topic] q='Nature Conservation Foundation (NCF) human e': 0 new (cursor 65/150, q47, disk 257G, 0.0h)
01:34:25 [elephants_by_the_lake/fundee_topic] q='Foundation for Ecological Security (FES) hum': 0 new (cursor 65/150, q46, disk 257G, 0.0h)
01:34:26 [elephants_by_the_lake/fundee_topic] q='Dakshin Foundation human elephant conflict': 0 new (cursor 65/150, q45, disk 257G, 0.0h)
01:34:27 [elephants_by_the_lake/topic] q='crop raiding South Deccan Plateau dry decidu': 1 new (cursor 65/150, q44, disk 257G, 0.0h)
01:34:28 [elephants_by_the_lake/topic] q='crop raiding dry deciduous forest India 2024': 0 new (cursor 65/150, q43, disk 257G, 0.0h)
01:34:29 [elephants_by_the_lake/topic] q='crop raiding dry deciduous forest India 2023': 0 new (cursor 65/150, q42, disk 257G, 0.0h)
01:34:31 [elephants_by_the_lake/topic] q='crop raiding dry deciduous forest India 2022': 0 new (cursor 65/150, q41, disk 257G, 0.0h)
01:34:32 [elephants_by_the_lake/topic] q='crop raiding dry deciduous forest India 2021': 0 new (cursor 65/150, q40, disk 257G, 0.0h)
01:34:33 [elephants_by_the_lake/topic] q='crop raiding dry deciduous forest India 2020': 0 new (cursor 65/150, q39, disk 257G, 0.0h)
01:34:35 [elephants_by_the_lake/topic] q='crop raiding dry deciduous forest India 2019': 0 new (cursor 65/150, q38, disk 257G, 0.0h)
01:34:36 [elephants_by_the_lake/topic] q='crop raiding dry deciduous forest India 2018': 0 new (cursor 65/150, q37, disk 257G, 0.0h)
01:34:37 [elephants_by_the_lake/topic] q='crop raiding dry deciduous forest India 2016': 0 new (cursor 65/150, q36, disk 257G, 0.0h)
01:34:39 [elephants_by_the_lake/fundee_topic] q='Elephants by the Lake crop raiding': 0 new (cursor 65/150, q35, disk 257G, 0.1h)
01:34:40 [elephants_by_the_lake/fundee_topic] q='Ashoka Trust for Research in Ecology and the': 0 new (cursor 65/150, q34, disk 257G, 0.1h)
01:34:41 [elephants_by_the_lake/fundee_topic] q='Keystone Foundation crop raiding': 0 new (cursor 65/150, q33, disk 257G, 0.1h)
01:34:42 [elephants_by_the_lake/fundee_topic] q='Nature Conservation Foundation (NCF) crop ra': 0 new (cursor 65/150, q32, disk 257G, 0.1h)
01:34:50 [elephants_by_the_lake/fundee_topic] q='Foundation for Ecological Security (FES) cro': 3 new (cursor 65/150, q31, disk 257G, 0.1h)
01:34:58 [elephants_by_the_lake/fundee_topic] q='Dakshin Foundation crop raiding': 3 new (cursor 65/150, q30, disk 257G, 0.1h)
01:35:01 [elephants_by_the_lake/topic] q='dry season water stress South Deccan Plateau': 0 new (cursor 65/150, q29, disk 257G, 0.1h)
01:35:03 [elephants_by_the_lake/topic] q='dry season water stress dry deciduous forest': 0 new (cursor 65/150, q28, disk 257G, 0.1h)
01:35:04 [elephants_by_the_lake/topic] q='dry season water stress dry deciduous forest': 0 new (cursor 65/150, q27, disk 257G, 0.1h)
01:35:05 [elephants_by_the_lake/topic] q='dry season water stress dry deciduous forest': 0 new (cursor 65/150, q26, disk 257G, 0.1h)
01:35:07 [elephants_by_the_lake/topic] q='dry season water stress dry deciduous forest': 0 new (cursor 65/150, q25, disk 257G, 0.1h)
01:35:08 [elephants_by_the_lake/topic] q='dry season water stress dry deciduous forest': 0 new (cursor 65/150, q24, disk 257G, 0.1h)
01:35:09 [elephants_by_the_lake/topic] q='dry season water stress dry deciduous forest': 0 new (cursor 65/150, q23, disk 257G, 0.1h)
01:35:11 [elephants_by_the_lake/topic] q='dry season water stress dry deciduous forest': 0 new (cursor 65/150, q22, disk 257G, 0.1h)
01:35:12 [elephants_by_the_lake/topic] q='dry season water stress dry deciduous forest': 0 new (cursor 65/150, q21, disk 257G, 0.1h)
01:35:13 [elephants_by_the_lake/fundee_topic] q='Elephants by the Lake dry season water stres': 0 new (cursor 65/150, q20, disk 257G, 0.1h)
01:35:14 [elephants_by_the_lake/fundee_topic] q='Ashoka Trust for Research in Ecology and the': 1 new (cursor 65/150, q19, disk 257G, 0.1h)
01:35:16 [elephants_by_the_lake/fundee_topic] q='Keystone Foundation dry season water stress': 3 new (cursor 65/150, q18, disk 257G, 0.1h)
01:35:19 [elephants_by_the_lake/fundee_topic] q='Nature Conservation Foundation (NCF) dry sea': 0 new (cursor 65/150, q17, disk 257G, 0.1h)
01:35:20 [elephants_by_the_lake/fundee_topic] q='Foundation for Ecological Security (FES) dry': 1 new (cursor 65/150, q16, disk 257G, 0.1h)
01:35:21 [elephants_by_the_lake/fundee_topic] q='Dakshin Foundation dry season water stress': 0 new (cursor 65/150, q15, disk 257G, 0.1h)
01:35:23 [elephants_by_the_lake/topic] q='drought resilience South Deccan Plateau dry ': 0 new (cursor 65/150, q14, disk 257G, 0.1h)
01:35:24 [elephants_by_the_lake/topic] q='drought resilience dry deciduous forest Indi': 0 new (cursor 65/150, q13, disk 257G, 0.1h)
01:35:25 [elephants_by_the_lake/topic] q='drought resilience dry deciduous forest Indi': 0 new (cursor 65/150, q12, disk 257G, 0.1h)
01:35:27 [elephants_by_the_lake/topic] q='drought resilience dry deciduous forest Indi': 0 new (cursor 65/150, q11, disk 257G, 0.1h)
01:35:28 [elephants_by_the_lake/topic] q='drought resilience dry deciduous forest Indi': 0 new (cursor 65/150, q10, disk 257G, 0.1h)
01:35:29 [elephants_by_the_lake/topic] q='drought resilience dry deciduous forest Indi': 0 new (cursor 65/150, q9, disk 257G, 0.1h)
01:35:31 [elephants_by_the_lake/topic] q='drought resilience dry deciduous forest Indi': 0 new (cursor 65/150, q8, disk 257G, 0.1h)
01:35:32 [elephants_by_the_lake/topic] q='drought resilience dry deciduous forest Indi': 0 new (cursor 65/150, q7, disk 257G, 0.1h)
01:35:33 [elephants_by_the_lake/topic] q='drought resilience dry deciduous forest Indi': 0 new (cursor 65/150, q6, disk 257G, 0.1h)
01:35:34 [elephants_by_the_lake/fundee_topic] q='Elephants by the Lake drought resilience': 1 new (cursor 65/150, q5, disk 257G, 0.1h)
01:35:36 [elephants_by_the_lake/fundee_topic] q='Ashoka Trust for Research in Ecology and the': 0 new (cursor 65/150, q4, disk 257G, 0.1h)
01:35:37 [elephants_by_the_lake/fundee_topic] q='Keystone Foundation drought resilience': 2 new (cursor 65/150, q3, disk 257G, 0.1h)
01:35:39 [elephants_by_the_lake/fundee_topic] q='Nature Conservation Foundation (NCF) drought': 1 new (cursor 65/150, q2, disk 257G, 0.1h)
01:35:40 [elephants_by_the_lake/fundee_topic] q='Foundation for Ecological Security (FES) dro': 1 new (cursor 65/150, q1, disk 257G, 0.1h)
01:35:47 [elephants_by_the_lake/fundee_topic] q='Dakshin Foundation drought resilience': 3 new (cursor 65/150, q0, disk 257G, 0.1h)
01:35:47 [elephants_by_the_lake/topic] q='carbon sequestration South Deccan Plateau dr': 1 new (cursor 65/150, q149, disk 257G, 0.1h)
01:35:49 [elephants_by_the_lake/topic] q='carbon sequestration dry deciduous forest In': 0 new (cursor 65/150, q148, disk 257G, 0.1h)
01:35:51 [elephants_by_the_lake/topic] q='carbon sequestration dry deciduous forest In': 0 new (cursor 65/150, q147, disk 257G, 0.1h)
01:35:52 [elephants_by_the_lake/topic] q='carbon sequestration dry deciduous forest In': 0 new (cursor 65/150, q146, disk 257G, 0.1h)
01:35:53 [elephants_by_the_lake/topic] q='carbon sequestration dry deciduous forest In': 0 new (cursor 65/150, q145, disk 257G, 0.1h)
01:35:54 [elephants_by_the_lake/topic] q='carbon sequestration dry deciduous forest In': 0 new (cursor 65/150, q144, disk 257G, 0.1h)
01:35:56 [elephants_by_the_lake/topic] q='carbon sequestration dry deciduous forest In': 0 new (cursor 65/150, q143, disk 257G, 0.1h)
01:35:57 [elephants_by_the_lake/topic] q='carbon sequestration dry deciduous forest In': 0 new (cursor 65/150, q142, disk 257G, 0.1h)
01:35:59 [elephants_by_the_lake/topic] q='carbon sequestration dry deciduous forest In': 0 new (cursor 65/150, q141, disk 257G, 0.1h)
01:36:00 [elephants_by_the_lake/fundee_topic] q='Elephants by the Lake carbon sequestration': 1 new (cursor 65/150, q140, disk 257G, 0.1h)
01:36:01 [elephants_by_the_lake/fundee_topic] q='Ashoka Trust for Research in Ecology and the': 0 new (cursor 65/150, q139, disk 257G, 0.1h)
01:36:02 [elephants_by_the_lake/fundee_topic] q='Keystone Foundation carbon sequestration': 3 new (cursor 65/150, q138, disk 257G, 0.1h)
01:36:05 [elephants_by_the_lake/fundee_topic] q='Nature Conservation Foundation (NCF) carbon ': 1 new (cursor 65/150, q137, disk 257G, 0.1h)
01:36:07 [elephants_by_the_lake/fundee_topic] q='Foundation for Ecological Security (FES) car': 1 new (cursor 65/150, q136, disk 257G, 0.1h)
01:36:08 [elephants_by_the_lake/fundee_topic] q='Dakshin Foundation carbon sequestration': 0 new (cursor 65/150, q135, disk 257G, 0.1h)
01:36:10 [elephants_by_the_lake/topic] q='above ground biomass South Deccan Plateau dr': 0 new (cursor 65/150, q134, disk 257G, 0.1h)
01:36:11 [elephants_by_the_lake/topic] q='above ground biomass dry deciduous forest In': 0 new (cursor 65/150, q133, disk 257G, 0.1h)
01:36:12 [elephants_by_the_lake/topic] q='above ground biomass dry deciduous forest In': 0 new (cursor 65/150, q132, disk 257G, 0.1h)
01:36:14 [elephants_by_the_lake/topic] q='above ground biomass dry deciduous forest In': 2 new (cursor 65/150, q131, disk 257G, 0.1h)
01:36:15 [elephants_by_the_lake/topic] q='above ground biomass dry deciduous forest In': 0 new (cursor 65/150, q130, disk 257G, 0.1h)
01:36:16 [elephants_by_the_lake/topic] q='above ground biomass dry deciduous forest In': 0 new (cursor 65/150, q129, disk 257G, 0.1h)
01:36:18 [elephants_by_the_lake/topic] q='above ground biomass dry deciduous forest In': 0 new (cursor 65/150, q128, disk 257G, 0.1h)
01:36:19 [elephants_by_the_lake/topic] q='above ground biomass dry deciduous forest In': 0 new (cursor 65/150, q127, disk 257G, 0.1h)
01:36:20 [elephants_by_the_lake/topic] q='above ground biomass dry deciduous forest In': 1 new (cursor 65/150, q126, disk 257G, 0.1h)
01:36:21 [elephants_by_the_lake/fundee_topic] q='Elephants by the Lake above ground biomass': 2 new (cursor 65/150, q125, disk 257G, 0.1h)
01:36:23 [elephants_by_the_lake/fundee_topic] q='Ashoka Trust for Research in Ecology and the': 0 new (cursor 65/150, q124, disk 257G, 0.1h)
01:36:24 [elephants_by_the_lake/fundee_topic] q='Keystone Foundation above ground biomass': 3 new (cursor 65/150, q123, disk 257G, 0.1h)
01:36:27 [elephants_by_the_lake/fundee_topic] q='Nature Conservation Foundation (NCF) above g': 1 new (cursor 65/150, q122, disk 257G, 0.1h)
01:36:29 [elephants_by_the_lake/fundee_topic] q='Foundation for Ecological Security (FES) abo': 0 new (cursor 65/150, q121, disk 257G, 0.1h)
01:36:30 [elephants_by_the_lake/fundee_topic] q='Dakshin Foundation above ground biomass': 0 new (cursor 65/150, q120, disk 257G, 0.1h)
01:36:32 [elephants_by_the_lake/topic] q='species distribution model South Deccan Plat': 0 new (cursor 65/150, q119, disk 257G, 0.1h)
01:36:33 [elephants_by_the_lake/topic] q='species distribution model dry deciduous for': 0 new (cursor 65/150, q118, disk 257G, 0.1h)
01:36:34 [elephants_by_the_lake/topic] q='species distribution model dry deciduous for': 0 new (cursor 65/150, q117, disk 257G, 0.1h)
01:36:35 [elephants_by_the_lake/topic] q='species distribution model dry deciduous for': 0 new (cursor 65/150, q116, disk 257G, 0.1h)
01:36:37 [elephants_by_the_lake/topic] q='species distribution model dry deciduous for': 0 new (cursor 65/150, q115, disk 257G, 0.1h)
01:36:38 [elephants_by_the_lake/topic] q='species distribution model dry deciduous for': 0 new (cursor 65/150, q114, disk 257G, 0.1h)
01:36:39 [elephants_by_the_lake/topic] q='species distribution model dry deciduous for': 0 new (cursor 65/150, q113, disk 257G, 0.1h)
01:36:41 [elephants_by_the_lake/topic] q='species distribution model dry deciduous for': 0 new (cursor 65/150, q112, disk 257G, 0.1h)
01:36:42 [elephants_by_the_lake/topic] q='species distribution model dry deciduous for': 0 new (cursor 65/150, q111, disk 257G, 0.1h)
01:36:43 [elephants_by_the_lake/fundee_topic] q='Elephants by the Lake species distribution m': 1 new (cursor 65/150, q110, disk 257G, 0.1h)
01:36:45 [elephants_by_the_lake/fundee_topic] q='Ashoka Trust for Research in Ecology and the': 1 new (cursor 65/150, q109, disk 257G, 0.1h)
01:36:47 [elephants_by_the_lake/fundee_topic] q='Keystone Foundation species distribution mod': 1 new (cursor 65/150, q108, disk 257G, 0.1h)
01:36:50 [elephants_by_the_lake/fundee_topic] q='Nature Conservation Foundation (NCF) species': 2 new (cursor 65/150, q107, disk 257G, 0.1h)
01:36:51 [elephants_by_the_lake/fundee_topic] q='Foundation for Ecological Security (FES) spe': 2 new (cursor 65/150, q106, disk 257G, 0.1h)
01:36:52 [elephants_by_the_lake/fundee_topic] q='Dakshin Foundation species distribution mode': 2 new (cursor 65/150, q105, disk 257G, 0.1h)
01:36:54 [elephants_by_the_lake/topic] q='habitat connectivity South Deccan Plateau dr': 0 new (cursor 65/150, q104, disk 257G, 0.1h)
01:36:56 [elephants_by_the_lake/topic] q='habitat connectivity dry deciduous forest In': 0 new (cursor 65/150, q103, disk 257G, 0.1h)
01:36:57 [elephants_by_the_lake/topic] q='habitat connectivity dry deciduous forest In': 0 new (cursor 65/150, q102, disk 257G, 0.1h)
01:36:58 [elephants_by_the_lake/topic] q='habitat connectivity dry deciduous forest In': 0 new (cursor 65/150, q101, disk 257G, 0.1h)
01:37:00 [elephants_by_the_lake/topic] q='habitat connectivity dry deciduous forest In': 0 new (cursor 65/150, q100, disk 257G, 0.1h)
01:37:01 [elephants_by_the_lake/topic] q='habitat connectivity dry deciduous forest In': 0 new (cursor 65/150, q99, disk 257G, 0.1h)
01:37:02 [elephants_by_the_lake/topic] q='habitat connectivity dry deciduous forest In': 0 new (cursor 65/150, q98, disk 257G, 0.1h)
01:37:03 [elephants_by_the_lake/topic] q='habitat connectivity dry deciduous forest In': 0 new (cursor 65/150, q97, disk 257G, 0.1h)
01:37:05 [elephants_by_the_lake/topic] q='habitat connectivity dry deciduous forest In': 0 new (cursor 65/150, q96, disk 257G, 0.1h)
01:37:06 [elephants_by_the_lake/fundee_topic] q='Elephants by the Lake habitat connectivity': 0 new (cursor 65/150, q95, disk 257G, 0.1h)
01:37:07 [elephants_by_the_lake/fundee_topic] q='Ashoka Trust for Research in Ecology and the': 2 new (cursor 65/150, q94, disk 257G, 0.1h)
01:37:09 [elephants_by_the_lake/fundee_topic] q='Keystone Foundation habitat connectivity': 1 new (cursor 65/150, q93, disk 257G, 0.1h)
01:37:11 [elephants_by_the_lake/fundee_topic] q='Nature Conservation Foundation (NCF) habitat': 1 new (cursor 65/150, q92, disk 257G, 0.1h)
01:37:13 [elephants_by_the_lake/fundee_topic] q='Foundation for Ecological Security (FES) hab': 0 new (cursor 65/150, q91, disk 257G, 0.1h)
01:37:14 [elephants_by_the_lake/fundee_topic] q='Dakshin Foundation habitat connectivity': 0 new (cursor 65/150, q90, disk 257G, 0.1h)
01:37:15 [elephants_by_the_lake/topic] q='edge effect South Deccan Plateau dry deciduo': 0 new (cursor 65/150, q89, disk 257G, 0.1h)
01:37:16 [elephants_by_the_lake/topic] q='edge effect dry deciduous forest India 2024': 0 new (cursor 65/150, q88, disk 257G, 0.1h)
01:37:18 [elephants_by_the_lake/topic] q='edge effect dry deciduous forest India 2023': 0 new (cursor 65/150, q87, disk 257G, 0.1h)
01:37:19 [elephants_by_the_lake/topic] q='edge effect dry deciduous forest India 2022': 0 new (cursor 65/150, q86, disk 257G, 0.1h)
01:37:20 [elephants_by_the_lake/topic] q='edge effect dry deciduous forest India 2021': 0 new (cursor 65/150, q85, disk 257G, 0.1h)
01:37:22 [elephants_by_the_lake/topic] q='edge effect dry deciduous forest India 2020': 0 new (cursor 65/150, q84, disk 257G, 0.1h)
01:37:23 [elephants_by_the_lake/topic] q='edge effect dry deciduous forest India 2019': 0 new (cursor 65/150, q83, disk 257G, 0.1h)
01:37:24 [elephants_by_the_lake/topic] q='edge effect dry deciduous forest India 2018': 0 new (cursor 65/150, q82, disk 257G, 0.1h)
01:37:26 [elephants_by_the_lake/topic] q='edge effect dry deciduous forest India 2016': 0 new (cursor 65/150, q81, disk 257G, 0.1h)
01:37:27 [elephants_by_the_lake/fundee_topic] q='Elephants by the Lake edge effect': 1 new (cursor 65/150, q80, disk 257G, 0.1h)
01:37:28 [elephants_by_the_lake/fundee_topic] q='Ashoka Trust for Research in Ecology and the': 2 new (cursor 65/150, q79, disk 257G, 0.1h)
01:37:31 [elephants_by_the_lake/fundee_topic] q='Keystone Foundation edge effect': 1 new (cursor 65/150, q78, disk 257G, 0.1h)
01:37:32 [elephants_by_the_lake/fundee_topic] q='Nature Conservation Foundation (NCF) edge ef': 3 new (cursor 65/150, q77, disk 257G, 0.1h)
01:37:34 [elephants_by_the_lake/fundee_topic] q='Foundation for Ecological Security (FES) edg': 0 new (cursor 65/150, q76, disk 257G, 0.1h)
01:37:35 [elephants_by_the_lake/fundee_topic] q='Dakshin Foundation edge effect': 2 new (cursor 65/150, q75, disk 257G, 0.1h)
01:37:37 [elephants_by_the_lake/topic] q='forest fragmentation South Deccan Plateau dr': 0 new (cursor 65/150, q74, disk 257G, 0.1h)
01:37:39 [elephants_by_the_lake/topic] q='forest fragmentation dry deciduous forest In': 0 new (cursor 65/150, q73, disk 257G, 0.1h)
01:37:40 [elephants_by_the_lake/topic] q='forest fragmentation dry deciduous forest In': 0 new (cursor 65/150, q72, disk 257G, 0.1h)
01:37:41 [elephants_by_the_lake/topic] q='forest fragmentation dry deciduous forest In': 0 new (cursor 65/150, q71, disk 257G, 0.1h)
01:37:43 [elephants_by_the_lake/topic] q='forest fragmentation dry deciduous forest In': 0 new (cursor 65/150, q70, disk 257G, 0.1h)
01:37:44 [elephants_by_the_lake/topic] q='forest fragmentation dry deciduous forest In': 1 new (cursor 65/150, q69, disk 257G, 0.1h)
01:37:45 [elephants_by_the_lake/topic] q='forest fragmentation dry deciduous forest In': 0 new (cursor 65/150, q68, disk 257G, 0.1h)
01:37:47 [elephants_by_the_lake/topic] q='forest fragmentation dry deciduous forest In': 0 new (cursor 65/150, q67, disk 257G, 0.1h)
01:37:48 [elephants_by_the_lake/topic] q='forest fragmentation dry deciduous forest In': 0 new (cursor 65/150, q66, disk 257G, 0.1h)
01:37:49 [elephants_by_the_lake/fundee_topic] q='Elephants by the Lake forest fragmentation': 0 new (cursor 65/150, q65, disk 257G, 0.1h)
01:37:51 [elephants_by_the_lake/fundee_topic] q='Ashoka Trust for Research in Ecology and the': 1 new (cursor 65/150, q64, disk 257G, 0.1h)
01:37:52 [elephants_by_the_lake/fundee_topic] q='Keystone Foundation forest fragmentation': 1 new (cursor 65/150, q63, disk 257G, 0.1h)
01:38:06 [hypothesis:elephants_by_the_lake/fundee_topic] Shrubland at Krishnagiri is greening (NDVI slope ~0.014) with measured cover and rising sp
01:38:07 [elephants_by_the_lake/fundee_topic] q='Nature Conservation Foundation (NCF) forest ': 0 new (cursor 66/150, q62, disk 257G, 0.1h)
01:38:08 [elephants_by_the_lake/fundee_topic] q='Foundation for Ecological Security (FES) for': 1 new (cursor 66/150, q61, disk 257G, 0.1h)
01:38:10 [elephants_by_the_lake/fundee_topic] q='Dakshin Foundation forest fragmentation': 0 new (cursor 66/150, q60, disk 257G, 0.1h)
01:38:11 [elephants_by_the_lake/topic] q='litter decomposition South Deccan Plateau dr': 0 new (cursor 66/150, q59, disk 257G, 0.1h)
01:38:12 [elephants_by_the_lake/topic] q='litter decomposition dry deciduous forest In': 1 new (cursor 66/150, q58, disk 257G, 0.1h)
01:38:14 [elephants_by_the_lake/topic] q='litter decomposition dry deciduous forest In': 0 new (cursor 66/150, q57, disk 257G, 0.1h)
01:38:15 [elephants_by_the_lake/topic] q='litter decomposition dry deciduous forest In': 1 new (cursor 66/150, q56, disk 257G, 0.1h)
01:38:16 [elephants_by_the_lake/topic] q='litter decomposition dry deciduous forest In': 0 new (cursor 66/150, q55, disk 257G, 0.1h)
01:38:18 [elephants_by_the_lake/topic] q='litter decomposition dry deciduous forest In': 0 new (cursor 66/150, q54, disk 257G, 0.1h)
01:38:19 [elephants_by_the_lake/topic] q='litter decomposition dry deciduous forest In': 0 new (cursor 66/150, q53, disk 257G, 0.1h)
01:38:20 [elephants_by_the_lake/topic] q='litter decomposition dry deciduous forest In': 0 new (cursor 66/150, q52, disk 257G, 0.1h)
01:38:22 [elephants_by_the_lake/topic] q='litter decomposition dry deciduous forest In': 0 new (cursor 66/150, q51, disk 257G, 0.1h)
01:38:23 [elephants_by_the_lake/fundee_topic] q='Elephants by the Lake litter decomposition': 1 new (cursor 66/150, q50, disk 257G, 0.1h)
01:38:29 [elephants_by_the_lake/fundee_topic] q='Ashoka Trust for Research in Ecology and the': 0 new (cursor 66/150, q49, disk 257G, 0.1h)
01:38:30 [elephants_by_the_lake/fundee_topic] q='Keystone Foundation litter decomposition': 2 new (cursor 66/150, q48, disk 257G, 0.1h)
01:38:32 [elephants_by_the_lake/fundee_topic] q='Nature Conservation Foundation (NCF) litter ': 2 new (cursor 66/150, q47, disk 257G, 0.1h)
01:38:35 [elephants_by_the_lake/fundee_topic] q='Foundation for Ecological Security (FES) lit': 1 new (cursor 66/150, q46, disk 257G, 0.1h)
01:38:40 [elephants_by_the_lake/fundee_topic] q='Dakshin Foundation litter decomposition': 3 new (cursor 66/150, q45, disk 257G, 0.1h)
01:38:41 [elephants_by_the_lake/topic] q='nutrient cycling South Deccan Plateau dry de': 0 new (cursor 66/150, q44, disk 257G, 0.1h)
01:38:43 [elephants_by_the_lake/topic] q='nutrient cycling dry deciduous forest India ': 0 new (cursor 66/150, q43, disk 257G, 0.1h)
01:38:43 [elephants_by_the_lake/topic] q='nutrient cycling dry deciduous forest India ': 0 new (cursor 66/150, q42, disk 257G, 0.1h)
01:38:45 [elephants_by_the_lake/topic] q='nutrient cycling dry deciduous forest India ': 0 new (cursor 66/150, q41, disk 257G, 0.1h)
01:38:46 [elephants_by_the_lake/topic] q='nutrient cycling dry deciduous forest India ': 0 new (cursor 66/150, q40, disk 257G, 0.1h)
01:38:47 [elephants_by_the_lake/topic] q='nutrient cycling dry deciduous forest India ': 0 new (cursor 66/150, q39, disk 257G, 0.1h)
01:38:49 [elephants_by_the_lake/topic] q='nutrient cycling dry deciduous forest India ': 0 new (cursor 66/150, q38, disk 257G, 0.1h)
01:38:50 [elephants_by_the_lake/topic] q='nutrient cycling dry deciduous forest India ': 0 new (cursor 66/150, q37, disk 257G, 0.1h)
01:38:51 [elephants_by_the_lake/topic] q='nutrient cycling dry deciduous forest India ': 0 new (cursor 66/150, q36, disk 257G, 0.1h)
01:38:53 [elephants_by_the_lake/fundee_topic] q='Elephants by the Lake nutrient cycling': 0 new (cursor 66/150, q35, disk 257G, 0.1h)
01:38:54 [elephants_by_the_lake/fundee_topic] q='Ashoka Trust for Research in Ecology and the': 0 new (cursor 66/150, q34, disk 257G, 0.1h)
01:38:55 [elephants_by_the_lake/fundee_topic] q='Keystone Foundation nutrient cycling': 2 new (cursor 66/150, q33, disk 257G, 0.1h)
01:38:57 [elephants_by_the_lake/fundee_topic] q='Nature Conservation Foundation (NCF) nutrien': 0 new (cursor 66/150, q32, disk 257G, 0.1h)
01:38:58 [elephants_by_the_lake/fundee_topic] q='Foundation for Ecological Security (FES) nut': 1 new (cursor 66/150, q31, disk 257G, 0.1h)
01:39:00 [elephants_by_the_lake/fundee_topic] q='Dakshin Foundation nutrient cycling': 0 new (cursor 66/150, q30, disk 257G, 0.1h)
01:39:01 [elephants_by_the_lake/topic] q='water quality South Deccan Plateau dry decid': 0 new (cursor 66/150, q29, disk 257G, 0.1h)
01:39:02 [elephants_by_the_lake/topic] q='water quality dry deciduous forest India 202': 0 new (cursor 66/150, q28, disk 257G, 0.1h)
01:39:04 [elephants_by_the_lake/topic] q='water quality dry deciduous forest India 202': 0 new (cursor 66/150, q27, disk 257G, 0.1h)
01:39:05 [elephants_by_the_lake/topic] q='water quality dry deciduous forest India 202': 0 new (cursor 66/150, q26, disk 257G, 0.1h)
01:39:06 [elephants_by_the_lake/topic] q='water quality dry deciduous forest India 202': 0 new (cursor 66/150, q25, disk 257G, 0.1h)
01:39:08 [elephants_by_the_lake/topic] q='water quality dry deciduous forest India 202': 0 new (cursor 66/150, q24, disk 257G, 0.1h)
01:39:09 [elephants_by_the_lake/topic] q='water quality dry deciduous forest India 201': 1 new (cursor 66/150, q23, disk 257G, 0.1h)
01:39:10 [elephants_by_the_lake/topic] q='water quality dry deciduous forest India 201': 0 new (cursor 66/150, q22, disk 257G, 0.1h)
01:39:11 [elephants_by_the_lake/topic] q='water quality dry deciduous forest India 201': 0 new (cursor 66/150, q21, disk 257G, 0.1h)
01:39:13 [elephants_by_the_lake/fundee_topic] q='Elephants by the Lake water quality': 1 new (cursor 66/150, q20, disk 257G, 0.1h)
01:39:15 [elephants_by_the_lake/fundee_topic] q='Ashoka Trust for Research in Ecology and the': 1 new (cursor 66/150, q19, disk 257G, 0.1h)
01:39:16 [elephants_by_the_lake/fundee_topic] q='Keystone Foundation water quality': 2 new (cursor 66/150, q18, disk 257G, 0.1h)
01:39:19 [elephants_by_the_lake/fundee_topic] q='Nature Conservation Foundation (NCF) water q': 0 new (cursor 66/150, q17, disk 257G, 0.1h)
01:39:20 [elephants_by_the_lake/fundee_topic] q='Foundation for Ecological Security (FES) wat': 1 new (cursor 66/150, q16, disk 257G, 0.1h)
01:39:21 [elephants_by_the_lake/fundee_topic] q='Dakshin Foundation water quality': 2 new (cursor 66/150, q15, disk 257G, 0.1h)
01:39:23 [elephants_by_the_lake/topic] q='fodder grass South Deccan Plateau dry decidu': 1 new (cursor 66/150, q14, disk 257G, 0.1h)
01:39:24 [elephants_by_the_lake/topic] q='fodder grass dry deciduous forest India 2024': 1 new (cursor 66/150, q13, disk 257G, 0.1h)
01:39:25 [elephants_by_the_lake/topic] q='fodder grass dry deciduous forest India 2023': 0 new (cursor 66/150, q12, disk 257G, 0.1h)
01:39:27 [elephants_by_the_lake/topic] q='fodder grass dry deciduous forest India 2022': 0 new (cursor 66/150, q11, disk 257G, 0.1h)
01:39:28 [elephants_by_the_lake/topic] q='fodder grass dry deciduous forest India 2021': 0 new (cursor 66/150, q10, disk 257G, 0.1h)
01:39:29 [elephants_by_the_lake/topic] q='fodder grass dry deciduous forest India 2020': 1 new (cursor 66/150, q9, disk 257G, 0.1h)
01:39:31 [elephants_by_the_lake/topic] q='fodder grass dry deciduous forest India 2019': 0 new (cursor 66/150, q8, disk 257G, 0.1h)
01:39:32 [elephants_by_the_lake/topic] q='fodder grass dry deciduous forest India 2018': 0 new (cursor 66/150, q7, disk 257G, 0.1h)
01:39:33 [elephants_by_the_lake/topic] q='fodder grass dry deciduous forest India 2016': 0 new (cursor 66/150, q6, disk 257G, 0.1h)
01:39:34 [elephants_by_the_lake/fundee_topic] q='Elephants by the Lake fodder grass': 2 new (cursor 66/150, q5, disk 257G, 0.1h)
01:39:36 [elephants_by_the_lake/fundee_topic] q='Ashoka Trust for Research in Ecology and the': 0 new (cursor 66/150, q4, disk 257G, 0.1h)
01:39:38 [elephants_by_the_lake/fundee_topic] q='Keystone Foundation fodder grass': 1 new (cursor 66/150, q3, disk 257G, 0.1h)
01:39:39 [elephants_by_the_lake/fundee_topic] q='Nature Conservation Foundation (NCF) fodder ': 1 new (cursor 66/150, q2, disk 257G, 0.1h)
01:39:41 [elephants_by_the_lake/fundee_topic] q='Foundation for Ecological Security (FES) fod': 0 new (cursor 66/150, q1, disk 257G, 0.1h)
01:39:46 [elephants_by_the_lake/fundee_topic] q='Dakshin Foundation fodder grass': 3 new (cursor 66/150, q0, disk 257G, 0.1h)
01:39:47 [elephants_by_the_lake/topic] q='fuelwood South Deccan Plateau dry deciduous ': 0 new (cursor 66/150, q149, disk 257G, 0.1h)
01:39:48 [elephants_by_the_lake/topic] q='fuelwood dry deciduous forest India 2024': 1 new (cursor 66/150, q148, disk 257G, 0.1h)
01:39:49 [elephants_by_the_lake/topic] q='fuelwood dry deciduous forest India 2023': 0 new (cursor 66/150, q147, disk 257G, 0.1h)
01:39:51 [elephants_by_the_lake/topic] q='fuelwood dry deciduous forest India 2022': 0 new (cursor 66/150, q146, disk 257G, 0.1h)
01:39:52 [elephants_by_the_lake/topic] q='fuelwood dry deciduous forest India 2021': 0 new (cursor 66/150, q145, disk 257G, 0.1h)
01:39:53 [elephants_by_the_lake/topic] q='fuelwood dry deciduous forest India 2020': 0 new (cursor 66/150, q144, disk 257G, 0.1h)
01:39:55 [elephants_by_the_lake/topic] q='fuelwood dry deciduous forest India 2019': 0 new (cursor 66/150, q143, disk 257G, 0.1h)
01:39:56 [elephants_by_the_lake/topic] q='fuelwood dry deciduous forest India 2018': 0 new (cursor 66/150, q142, disk 257G, 0.1h)
01:39:57 [elephants_by_the_lake/topic] q='fuelwood dry deciduous forest India 2016': 0 new (cursor 66/150, q141, disk 257G, 0.1h)
01:39:59 [elephants_by_the_lake/fundee_topic] q='Elephants by the Lake fuelwood': 2 new (cursor 66/150, q140, disk 257G, 0.1h)
01:40:01 [elephants_by_the_lake/fundee_topic] q='Ashoka Trust for Research in Ecology and the': 0 new (cursor 66/150, q139, disk 257G, 0.1h)
01:40:02 [elephants_by_the_lake/fundee_topic] q='Keystone Foundation fuelwood': 2 new (cursor 66/150, q138, disk 257G, 0.1h)
01:40:04 [elephants_by_the_lake/fundee_topic] q='Nature Conservation Foundation (NCF) fuelwoo': 0 new (cursor 66/150, q137, disk 257G, 0.1h)
01:40:05 [elephants_by_the_lake/fundee_topic] q='Foundation for Ecological Security (FES) fue': 1 new (cursor 66/150, q136, disk 257G, 0.1h)
01:40:10 [elephants_by_the_lake/fundee_topic] q='Dakshin Foundation fuelwood': 2 new (cursor 66/150, q135, disk 257G, 0.1h)
01:40:11 [elephants_by_the_lake/topic] q='wild honey South Deccan Plateau dry deciduou': 0 new (cursor 66/150, q134, disk 257G, 0.1h)
01:40:12 [elephants_by_the_lake/topic] q='wild honey dry deciduous forest India 2024': 1 new (cursor 66/150, q133, disk 257G, 0.1h)
01:40:14 [elephants_by_the_lake/topic] q='wild honey dry deciduous forest India 2023': 0 new (cursor 66/150, q132, disk 257G, 0.1h)
01:40:15 [elephants_by_the_lake/topic] q='wild honey dry deciduous forest India 2022': 0 new (cursor 66/150, q131, disk 257G, 0.1h)
01:40:16 [elephants_by_the_lake/topic] q='wild honey dry deciduous forest India 2021': 0 new (cursor 66/150, q130, disk 257G, 0.1h)
01:40:18 [elephants_by_the_lake/topic] q='wild honey dry deciduous forest India 2020': 0 new (cursor 66/150, q129, disk 257G, 0.1h)
01:40:19 [elephants_by_the_lake/topic] q='wild honey dry deciduous forest India 2019': 0 new (cursor 66/150, q128, disk 257G, 0.1h)
01:40:20 [elephants_by_the_lake/topic] q='wild honey dry deciduous forest India 2018': 0 new (cursor 66/150, q127, disk 257G, 0.1h)
01:40:22 [elephants_by_the_lake/topic] q='wild honey dry deciduous forest India 2016': 0 new (cursor 66/150, q126, disk 257G, 0.1h)
01:40:23 [elephants_by_the_lake/fundee_topic] q='Elephants by the Lake wild honey': 0 new (cursor 66/150, q125, disk 257G, 0.1h)
01:40:24 [elephants_by_the_lake/fundee_topic] q='Ashoka Trust for Research in Ecology and the': 0 new (cursor 66/150, q124, disk 257G, 0.1h)
01:40:25 [elephants_by_the_lake/fundee_topic] q='Keystone Foundation wild honey': 2 new (cursor 66/150, q123, disk 257G, 0.1h)
01:40:27 [elephants_by_the_lake/fundee_topic] q='Nature Conservation Foundation (NCF) wild ho': 2 new (cursor 66/150, q122, disk 257G, 0.1h)
01:40:29 [elephants_by_the_lake/fundee_topic] q='Foundation for Ecological Security (FES) wil': 1 new (cursor 66/150, q121, disk 257G, 0.1h)
01:40:30 [elephants_by_the_lake/fundee_topic] q='Dakshin Foundation wild honey': 0 new (cursor 66/150, q120, disk 257G, 0.1h)
01:40:32 [elephants_by_the_lake/topic] q='ethnobotany South Deccan Plateau dry deciduo': 0 new (cursor 66/150, q119, disk 257G, 0.1h)
01:40:33 [elephants_by_the_lake/topic] q='ethnobotany dry deciduous forest India 2024': 3 new (cursor 66/150, q118, disk 257G, 0.1h)
01:40:36 [elephants_by_the_lake/topic] q='ethnobotany dry deciduous forest India 2023': 1 new (cursor 66/150, q117, disk 257G, 0.1h)
01:40:37 [elephants_by_the_lake/topic] q='ethnobotany dry deciduous forest India 2022': 0 new (cursor 66/150, q116, disk 257G, 0.1h)
01:40:38 [elephants_by_the_lake/topic] q='ethnobotany dry deciduous forest India 2021': 0 new (cursor 66/150, q115, disk 257G, 0.1h)
01:40:40 [elephants_by_the_lake/topic] q='ethnobotany dry deciduous forest India 2020': 0 new (cursor 66/150, q114, disk 257G, 0.2h)
01:40:41 [elephants_by_the_lake/topic] q='ethnobotany dry deciduous forest India 2019': 1 new (cursor 66/150, q113, disk 257G, 0.2h)
01:40:42 [elephants_by_the_lake/topic] q='ethnobotany dry deciduous forest India 2018': 0 new (cursor 66/150, q112, disk 257G, 0.2h)
01:40:44 [elephants_by_the_lake/topic] q='ethnobotany dry deciduous forest India 2016': 1 new (cursor 66/150, q111, disk 257G, 0.2h)
01:40:45 [elephants_by_the_lake/fundee_topic] q='Elephants by the Lake ethnobotany': 2 new (cursor 66/150, q110, disk 257G, 0.2h)
01:40:47 [elephants_by_the_lake/fundee_topic] q='Ashoka Trust for Research in Ecology and the': 0 new (cursor 66/150, q109, disk 257G, 0.2h)
01:40:48 [elephants_by_the_lake/fundee_topic] q='Keystone Foundation ethnobotany': 3 new (cursor 66/150, q108, disk 257G, 0.2h)
01:40:51 [elephants_by_the_lake/fundee_topic] q='Nature Conservation Foundation (NCF) ethnobo': 0 new (cursor 66/150, q107, disk 257G, 0.2h)
01:40:53 [elephants_by_the_lake/fundee_topic] q='Foundation for Ecological Security (FES) eth': 1 new (cursor 66/150, q106, disk 257G, 0.2h)
01:40:57 [elephants_by_the_lake/fundee_topic] q='Dakshin Foundation ethnobotany': 2 new (cursor 66/150, q105, disk 257G, 0.2h)
01:40:58 [elephants_by_the_lake/topic] q='tribal forest livelihood South Deccan Platea': 0 new (cursor 66/150, q104, disk 257G, 0.2h)
01:41:00 [elephants_by_the_lake/topic] q='tribal forest livelihood dry deciduous fores': 2 new (cursor 66/150, q103, disk 257G, 0.2h)
01:41:02 [elephants_by_the_lake/topic] q='tribal forest livelihood dry deciduous fores': 0 new (cursor 66/150, q102, disk 257G, 0.2h)
01:41:03 [elephants_by_the_lake/topic] q='tribal forest livelihood dry deciduous fores': 0 new (cursor 66/150, q101, disk 257G, 0.2h)
01:41:04 [elephants_by_the_lake/topic] q='tribal forest livelihood dry deciduous fores': 0 new (cursor 66/150, q100, disk 257G, 0.2h)
01:41:05 [elephants_by_the_lake/topic] q='tribal forest livelihood dry deciduous fores': 0 new (cursor 66/150, q99, disk 257G, 0.2h)
01:41:06 [elephants_by_the_lake/topic] q='tribal forest livelihood dry deciduous fores': 0 new (cursor 66/150, q98, disk 257G, 0.2h)
01:41:08 [elephants_by_the_lake/topic] q='tribal forest livelihood dry deciduous fores': 1 new (cursor 66/150, q97, disk 257G, 0.2h)
01:41:09 [elephants_by_the_lake/topic] q='tribal forest livelihood dry deciduous fores': 0 new (cursor 66/150, q96, disk 257G, 0.2h)
01:41:10 [elephants_by_the_lake/fundee_topic] q='Elephants by the Lake tribal forest liveliho': 2 new (cursor 66/150, q95, disk 257G, 0.2h)
01:41:12 [elephants_by_the_lake/fundee_topic] q='Ashoka Trust for Research in Ecology and the': 0 new (cursor 66/150, q94, disk 257G, 0.2h)
01:41:13 [elephants_by_the_lake/fundee_topic] q='Keystone Foundation tribal forest livelihood': 1 new (cursor 66/150, q93, disk 257G, 0.2h)
01:41:18 [elephants_by_the_lake/fundee_topic] q='Nature Conservation Foundation (NCF) tribal ': 3 new (cursor 66/150, q92, disk 257G, 0.2h)
01:41:20 [elephants_by_the_lake/fundee_topic] q='Foundation for Ecological Security (FES) tri': 0 new (cursor 66/150, q91, disk 257G, 0.2h)
01:41:22 [elephants_by_the_lake/fundee_topic] q='Dakshin Foundation tribal forest livelihood': 1 new (cursor 66/150, q90, disk 257G, 0.2h)
01:41:27 [elephants_by_the_lake/topic] q='restoration economics South Deccan Plateau d': 0 new (cursor 66/150, q89, disk 257G, 0.2h)
01:41:28 [elephants_by_the_lake/topic] q='restoration economics dry deciduous forest I': 1 new (cursor 66/150, q88, disk 257G, 0.2h)
01:41:29 [elephants_by_the_lake/topic] q='restoration economics dry deciduous forest I': 0 new (cursor 66/150, q87, disk 257G, 0.2h)
01:41:31 [elephants_by_the_lake/topic] q='restoration economics dry deciduous forest I': 1 new (cursor 66/150, q86, disk 257G, 0.2h)
01:41:32 [elephants_by_the_lake/topic] q='restoration economics dry deciduous forest I': 0 new (cursor 66/150, q85, disk 257G, 0.2h)
01:41:33 [elephants_by_the_lake/topic] q='restoration economics dry deciduous forest I': 0 new (cursor 66/150, q84, disk 257G, 0.2h)
01:41:35 [elephants_by_the_lake/topic] q='restoration economics dry deciduous forest I': 0 new (cursor 66/150, q83, disk 257G, 0.2h)
01:41:36 [elephants_by_the_lake/topic] q='restoration economics dry deciduous forest I': 1 new (cursor 66/150, q82, disk 257G, 0.2h)
01:41:37 [elephants_by_the_lake/topic] q='restoration economics dry deciduous forest I': 0 new (cursor 66/150, q81, disk 257G, 0.2h)
01:41:38 [elephants_by_the_lake/fundee_topic] q='Elephants by the Lake restoration economics': 1 new (cursor 66/150, q80, disk 257G, 0.2h)
01:41:44 [elephants_by_the_lake/fundee_topic] q='Ashoka Trust for Research in Ecology and the': 1 new (cursor 66/150, q79, disk 257G, 0.2h)
01:41:46 [elephants_by_the_lake/fundee_topic] q='Keystone Foundation restoration economics': 1 new (cursor 66/150, q78, disk 257G, 0.2h)
01:41:47 [elephants_by_the_lake/fundee_topic] q='Nature Conservation Foundation (NCF) restora': 1 new (cursor 66/150, q77, disk 257G, 0.2h)
01:41:49 [elephants_by_the_lake/fundee_topic] q='Foundation for Ecological Security (FES) res': 0 new (cursor 66/150, q76, disk 257G, 0.2h)
01:41:50 [elephants_by_the_lake/fundee_topic] q='Dakshin Foundation restoration economics': 0 new (cursor 66/150, q75, disk 257G, 0.2h)
01:41:55 [elephants_by_the_lake/topic] q='seedling nursery survival South Deccan Plate': 1 new (cursor 66/150, q74, disk 257G, 0.2h)
01:41:56 [elephants_by_the_lake/topic] q='seedling nursery survival dry deciduous fore': 2 new (cursor 66/150, q73, disk 257G, 0.2h)
01:42:00 [elephants_by_the_lake/topic] q='seedling nursery survival dry deciduous fore': 1 new (cursor 66/150, q72, disk 257G, 0.2h)
01:42:01 [elephants_by_the_lake/topic] q='seedling nursery survival dry deciduous fore': 0 new (cursor 66/150, q71, disk 257G, 0.2h)
01:42:03 [elephants_by_the_lake/topic] q='seedling nursery survival dry deciduous fore': 1 new (cursor 66/150, q70, disk 257G, 0.2h)
01:42:04 [elephants_by_the_lake/topic] q='seedling nursery survival dry deciduous fore': 2 new (cursor 66/150, q69, disk 257G, 0.2h)
01:42:07 [elephants_by_the_lake/topic] q='seedling nursery survival dry deciduous fore': 0 new (cursor 66/150, q68, disk 257G, 0.2h)
01:42:08 [elephants_by_the_lake/topic] q='seedling nursery survival dry deciduous fore': 0 new (cursor 66/150, q67, disk 257G, 0.2h)
01:42:09 [elephants_by_the_lake/topic] q='seedling nursery survival dry deciduous fore': 0 new (cursor 66/150, q66, disk 257G, 0.2h)
01:42:15 [elephants_by_the_lake/fundee_topic] q='Elephants by the Lake seedling nursery survi': 3 new (cursor 66/150, q65, disk 257G, 0.2h)
01:42:20 [elephants_by_the_lake/fundee_topic] q='Ashoka Trust for Research in Ecology and the': 0 new (cursor 66/150, q64, disk 257G, 0.2h)
01:42:21 [elephants_by_the_lake/fundee_topic] q='Keystone Foundation seedling nursery surviva': 3 new (cursor 66/150, q63, disk 257G, 0.2h)
01:42:27 [elephants_by_the_lake/fundee_topic] q='Nature Conservation Foundation (NCF) seedlin': 2 new (cursor 66/150, q62, disk 257G, 0.2h)
01:42:32 [elephants_by_the_lake/fundee_topic] q='Foundation for Ecological Security (FES) see': 2 new (cursor 66/150, q61, disk 257G, 0.2h)
01:42:38 [elephants_by_the_lake/fundee_topic] q='Dakshin Foundation seedling nursery survival': 1 new (cursor 66/150, q60, disk 257G, 0.2h)
01:42:38 [elephants_by_the_lake/topic] q='tank irrigation South Deccan Plateau dry dec': 0 new (cursor 66/150, q59, disk 257G, 0.2h)
01:42:40 [elephants_by_the_lake/topic] q='tank irrigation dry deciduous forest India 2': 1 new (cursor 66/150, q58, disk 257G, 0.2h)
01:42:42 [elephants_by_the_lake/topic] q='tank irrigation dry deciduous forest India 2': 1 new (cursor 66/150, q57, disk 257G, 0.2h)
01:42:43 [elephants_by_the_lake/topic] q='tank irrigation dry deciduous forest India 2': 0 new (cursor 66/150, q56, disk 257G, 0.2h)
01:42:44 [elephants_by_the_lake/topic] q='tank irrigation dry deciduous forest India 2': 0 new (cursor 66/150, q55, disk 257G, 0.2h)
01:42:46 [elephants_by_the_lake/topic] q='tank irrigation dry deciduous forest India 2': 0 new (cursor 66/150, q54, disk 257G, 0.2h)
01:42:47 [elephants_by_the_lake/topic] q='tank irrigation dry deciduous forest India 2': 0 new (cursor 66/150, q53, disk 257G, 0.2h)
01:42:48 [elephants_by_the_lake/topic] q='tank irrigation dry deciduous forest India 2': 0 new (cursor 66/150, q52, disk 257G, 0.2h)
01:42:49 [elephants_by_the_lake/topic] q='tank irrigation dry deciduous forest India 2': 0 new (cursor 66/150, q51, disk 257G, 0.2h)
01:42:51 [elephants_by_the_lake/fundee_topic] q='Elephants by the Lake tank irrigation': 1 new (cursor 66/150, q50, disk 257G, 0.2h)
01:42:52 [elephants_by_the_lake/fundee_topic] q='Ashoka Trust for Research in Ecology and the': 0 new (cursor 66/150, q49, disk 257G, 0.2h)
01:42:54 [elephants_by_the_lake/fundee_topic] q='Keystone Foundation tank irrigation': 2 new (cursor 66/150, q48, disk 257G, 0.2h)
01:42:56 [elephants_by_the_lake/fundee_topic] q='Nature Conservation Foundation (NCF) tank ir': 0 new (cursor 66/150, q47, disk 257G, 0.2h)
01:42:58 [elephants_by_the_lake/fundee_topic] q='Foundation for Ecological Security (FES) tan': 1 new (cursor 66/150, q46, disk 257G, 0.2h)
01:42:59 [elephants_by_the_lake/fundee_topic] q='Dakshin Foundation tank irrigation': 0 new (cursor 66/150, q45, disk 257G, 0.2h)
01:43:04 [elephants_by_the_lake/topic] q='millet farming South Deccan Plateau dry deci': 0 new (cursor 66/150, q44, disk 257G, 0.2h)
01:43:05 [elephants_by_the_lake/topic] q='millet farming dry deciduous forest India 20': 1 new (cursor 66/150, q43, disk 257G, 0.2h)
01:43:07 [elephants_by_the_lake/topic] q='millet farming dry deciduous forest India 20': 1 new (cursor 66/150, q42, disk 257G, 0.2h)
01:43:09 [elephants_by_the_lake/topic] q='millet farming dry deciduous forest India 20': 1 new (cursor 66/150, q41, disk 257G, 0.2h)
01:43:10 [elephants_by_the_lake/topic] q='millet farming dry deciduous forest India 20': 1 new (cursor 66/150, q40, disk 257G, 0.2h)
01:43:11 [elephants_by_the_lake/topic] q='millet farming dry deciduous forest India 20': 0 new (cursor 66/150, q39, disk 257G, 0.2h)
01:43:13 [elephants_by_the_lake/topic] q='millet farming dry deciduous forest India 20': 2 new (cursor 66/150, q38, disk 257G, 0.2h)
01:43:14 [elephants_by_the_lake/topic] q='millet farming dry deciduous forest India 20': 0 new (cursor 66/150, q37, disk 257G, 0.2h)
01:43:15 [elephants_by_the_lake/topic] q='millet farming dry deciduous forest India 20': 0 new (cursor 66/150, q36, disk 257G, 0.2h)
01:43:17 [elephants_by_the_lake/fundee_topic] q='Elephants by the Lake millet farming': 1 new (cursor 66/150, q35, disk 257G, 0.2h)
01:43:18 [elephants_by_the_lake/fundee_topic] q='Ashoka Trust for Research in Ecology and the': 0 new (cursor 66/150, q34, disk 257G, 0.2h)
01:43:19 [elephants_by_the_lake/fundee_topic] q='Keystone Foundation millet farming': 3 new (cursor 66/150, q33, disk 257G, 0.2h)
01:43:21 [elephants_by_the_lake/fundee_topic] q='Nature Conservation Foundation (NCF) millet ': 1 new (cursor 66/150, q32, disk 257G, 0.2h)
01:43:22 [elephants_by_the_lake/fundee_topic] q='Foundation for Ecological Security (FES) mil': 0 new (cursor 66/150, q31, disk 257G, 0.2h)
01:43:27 [elephants_by_the_lake/fundee_topic] q='Dakshin Foundation millet farming': 3 new (cursor 66/150, q30, disk 257G, 0.2h)
01:43:28 [elephants_by_the_lake/topic] q='sacred grove South Deccan Plateau dry decidu': 0 new (cursor 66/150, q29, disk 257G, 0.2h)
01:43:29 [elephants_by_the_lake/topic] q='sacred grove dry deciduous forest India 2024': 2 new (cursor 66/150, q28, disk 257G, 0.2h)
01:43:33 [elephants_by_the_lake/topic] q='sacred grove dry deciduous forest India 2023': 1 new (cursor 66/150, q27, disk 257G, 0.2h)
01:43:35 [elephants_by_the_lake/topic] q='sacred grove dry deciduous forest India 2022': 0 new (cursor 66/150, q26, disk 257G, 0.2h)
01:43:36 [elephants_by_the_lake/topic] q='sacred grove dry deciduous forest India 2021': 1 new (cursor 66/150, q25, disk 257G, 0.2h)
01:43:38 [elephants_by_the_lake/topic] q='sacred grove dry deciduous forest India 2020': 1 new (cursor 66/150, q24, disk 257G, 0.2h)
01:43:39 [elephants_by_the_lake/topic] q='sacred grove dry deciduous forest India 2019': 0 new (cursor 66/150, q23, disk 257G, 0.2h)
01:43:41 [elephants_by_the_lake/topic] q='sacred grove dry deciduous forest India 2018': 1 new (cursor 66/150, q22, disk 257G, 0.2h)
01:43:43 [elephants_by_the_lake/topic] q='sacred grove dry deciduous forest India 2016': 0 new (cursor 66/150, q21, disk 257G, 0.2h)
01:43:44 [elephants_by_the_lake/fundee_topic] q='Elephants by the Lake sacred grove': 2 new (cursor 66/150, q20, disk 257G, 0.2h)
01:43:49 [elephants_by_the_lake/fundee_topic] q='Ashoka Trust for Research in Ecology and the': 0 new (cursor 66/150, q19, disk 257G, 0.2h)
01:43:50 [elephants_by_the_lake/fundee_topic] q='Keystone Foundation sacred grove': 3 new (cursor 66/150, q18, disk 257G, 0.2h)
01:43:57 [elephants_by_the_lake/fundee_topic] q='Nature Conservation Foundation (NCF) sacred ': 3 new (cursor 66/150, q17, disk 257G, 0.2h)
01:44:01 [elephants_by_the_lake/fundee_topic] q='Foundation for Ecological Security (FES) sac': 2 new (cursor 66/150, q16, disk 257G, 0.2h)
01:44:06 [elephants_by_the_lake/fundee_topic] q='Dakshin Foundation sacred grove': 3 new (cursor 66/150, q15, disk 257G, 0.2h)
01:44:07 [elephants_by_the_lake/topic] q='lantana management South Deccan Plateau dry ': 0 new (cursor 67/150, q14, disk 257G, 0.2h)
01:44:08 [elephants_by_the_lake/topic] q='lantana management dry deciduous forest Indi': 1 new (cursor 67/150, q13, disk 257G, 0.2h)
01:44:11 [elephants_by_the_lake/topic] q='lantana management dry deciduous forest Indi': 0 new (cursor 67/150, q12, disk 257G, 0.2h)
01:44:12 [elephants_by_the_lake/topic] q='lantana management dry deciduous forest Indi': 0 new (cursor 67/150, q11, disk 257G, 0.2h)
01:44:13 [elephants_by_the_lake/topic] q='lantana management dry deciduous forest Indi': 0 new (cursor 67/150, q10, disk 257G, 0.2h)
01:44:15 [elephants_by_the_lake/topic] q='lantana management dry deciduous forest Indi': 0 new (cursor 67/150, q9, disk 257G, 0.2h)
01:44:16 [elephants_by_the_lake/topic] q='lantana management dry deciduous forest Indi': 0 new (cursor 67/150, q8, disk 257G, 0.2h)
01:44:17 [elephants_by_the_lake/topic] q='lantana management dry deciduous forest Indi': 0 new (cursor 67/150, q7, disk 257G, 0.2h)
01:44:19 [elephants_by_the_lake/topic] q='lantana management dry deciduous forest Indi': 0 new (cursor 67/150, q6, disk 257G, 0.2h)
01:44:20 [elephants_by_the_lake/fundee_topic] q='Elephants by the Lake lantana management': 1 new (cursor 67/150, q5, disk 257G, 0.2h)
01:44:28 [elephants_by_the_lake/fundee_topic] q='Ashoka Trust for Research in Ecology and the': 2 new (cursor 67/150, q4, disk 257G, 0.2h)
01:44:40 [elephants_by_the_lake/fundee_topic] q='Keystone Foundation lantana management': 3 new (cursor 67/150, q3, disk 257G, 0.2h)
01:45:01 [elephants_by_the_lake/fundee_topic] q='Nature Conservation Foundation (NCF) lantana': 2 new (cursor 67/150, q2, disk 257G, 0.2h)
01:45:02 [elephants_by_the_lake/fundee_topic] q='Foundation for Ecological Security (FES) lan': 0 new (cursor 67/150, q1, disk 257G, 0.2h)
01:45:09 [elephants_by_the_lake/fundee_topic] q='Dakshin Foundation lantana management': 3 new (cursor 67/150, q0, disk 257G, 0.2h)
01:45:10 [anamalai_nilgiris/topic] q='seed dispersal South Western Ghats montane r': 0 new (cursor 67/150, q49, disk 257G, 0.2h)
01:45:11 [anamalai_nilgiris/topic] q='pollination South Western Ghats montane rain': 0 new (cursor 67/150, q48, disk 257G, 0.2h)
01:45:12 [anamalai_nilgiris/topic] q='soil carbon South Western Ghats montane rain': 0 new (cursor 67/150, q47, disk 257G, 0.2h)
01:45:20 [anamalai_nilgiris/topic] q='mycorrhiza South Western Ghats montane rain ': 1 new (cursor 67/150, q46, disk 257G, 0.2h)
01:45:21 [anamalai_nilgiris/topic] q='leaf phenology South Western Ghats montane r': 1 new (cursor 67/150, q45, disk 257G, 0.2h)
01:45:22 [anamalai_nilgiris/topic] q='fire regime South Western Ghats montane rain': 0 new (cursor 67/150, q44, disk 257G, 0.2h)
01:45:23 [anamalai_nilgiris/topic] q='grazing pressure South Western Ghats montane': 1 new (cursor 67/150, q43, disk 257G, 0.2h)
01:45:24 [anamalai_nilgiris/topic] q='non-timber forest products South Western Gha': 0 new (cursor 67/150, q42, disk 257G, 0.2h)
01:45:26 [anamalai_nilgiris/topic] q='agroforestry South Western Ghats montane rai': 0 new (cursor 67/150, q41, disk 257G, 0.2h)
01:45:32 [anamalai_nilgiris/topic] q='groundwater recharge South Western Ghats mon': 0 new (cursor 67/150, q40, disk 257G, 0.2h)
01:45:38 [anamalai_nilgiris/topic] q='spring hydrology South Western Ghats montane': 1 new (cursor 67/150, q39, disk 257G, 0.2h)
01:45:39 [anamalai_nilgiris/topic] q='canopy cover South Western Ghats montane rai': 0 new (cursor 67/150, q38, disk 257G, 0.2h)
01:45:40 [anamalai_nilgiris/topic] q='natural regeneration South Western Ghats mon': 0 new (cursor 67/150, q37, disk 257G, 0.2h)
01:45:46 [anamalai_nilgiris/topic] q='assisted natural regeneration South Western ': 2 new (cursor 67/150, q36, disk 257G, 0.2h)
01:45:48 [anamalai_nilgiris/topic] q='invasive species removal South Western Ghats': 0 new (cursor 67/150, q35, disk 257G, 0.2h)
01:45:49 [anamalai_nilgiris/topic] q='native tree survival South Western Ghats mon': 0 new (cursor 67/150, q34, disk 257G, 0.2h)
01:45:56 [anamalai_nilgiris/topic] q='frugivory South Western Ghats montane rain f': 0 new (cursor 67/150, q33, disk 257G, 0.2h)
01:45:57 [anamalai_nilgiris/topic] q='seed predation South Western Ghats montane r': 0 new (cursor 67/150, q32, disk 257G, 0.2h)
01:46:03 [anamalai_nilgiris/topic] q='dung beetle diversity South Western Ghats mo': 1 new (cursor 67/150, q31, disk 257G, 0.2h)
01:46:05 [anamalai_nilgiris/topic] q='butterfly diversity South Western Ghats mont': 0 new (cursor 67/150, q30, disk 257G, 0.2h)
01:46:11 [anamalai_nilgiris/topic] q='odonate dragonfly South Western Ghats montan': 0 new (cursor 67/150, q29, disk 257G, 0.2h)
01:46:12 [anamalai_nilgiris/topic] q='bird community South Western Ghats montane r': 0 new (cursor 67/150, q28, disk 257G, 0.2h)
01:46:13 [anamalai_nilgiris/topic] q='amphibian diversity South Western Ghats mont': 0 new (cursor 67/150, q27, disk 257G, 0.2h)
01:46:20 [anamalai_nilgiris/topic] q='reptile survey South Western Ghats montane r': 2 new (cursor 67/150, q26, disk 257G, 0.2h)
01:46:27 [anamalai_nilgiris/topic] q='mammal camera trap South Western Ghats monta': 0 new (cursor 67/150, q25, disk 257G, 0.2h)
01:46:28 [anamalai_nilgiris/topic] q='elephant movement corridor South Western Gha': 0 new (cursor 67/150, q24, disk 257G, 0.2h)
01:46:29 [anamalai_nilgiris/topic] q='human elephant conflict South Western Ghats ': 0 new (cursor 67/150, q23, disk 257G, 0.2h)
01:46:35 [anamalai_nilgiris/topic] q='crop raiding South Western Ghats montane rai': 0 new (cursor 67/150, q22, disk 257G, 0.2h)
01:46:41 [anamalai_nilgiris/topic] q='dry season water stress South Western Ghats ': 0 new (cursor 67/150, q21, disk 257G, 0.3h)
01:46:42 [anamalai_nilgiris/topic] q='drought resilience South Western Ghats monta': 0 new (cursor 67/150, q20, disk 257G, 0.3h)
01:46:43 [anamalai_nilgiris/topic] q='carbon sequestration South Western Ghats mon': 0 new (cursor 67/150, q19, disk 257G, 0.3h)
01:46:44 [anamalai_nilgiris/topic] q='above ground biomass South Western Ghats mon': 1 new (cursor 67/150, q18, disk 257G, 0.3h)
01:46:46 [anamalai_nilgiris/topic] q='species distribution model South Western Gha': 0 new (cursor 67/150, q17, disk 257G, 0.3h)
01:46:48 [anamalai_nilgiris/topic] q='habitat connectivity South Western Ghats mon': 0 new (cursor 67/150, q16, disk 257G, 0.3h)
01:46:49 [anamalai_nilgiris/topic] q='edge effect South Western Ghats montane rain': 1 new (cursor 67/150, q15, disk 257G, 0.3h)
01:46:51 [anamalai_nilgiris/topic] q='forest fragmentation South Western Ghats mon': 0 new (cursor 67/150, q14, disk 257G, 0.3h)
01:46:52 [anamalai_nilgiris/topic] q='litter decomposition South Western Ghats mon': 0 new (cursor 67/150, q13, disk 257G, 0.3h)
01:46:53 [anamalai_nilgiris/topic] q='nutrient cycling South Western Ghats montane': 0 new (cursor 67/150, q12, disk 257G, 0.3h)
01:46:55 [anamalai_nilgiris/topic] q='water quality South Western Ghats montane ra': 0 new (cursor 67/150, q11, disk 257G, 0.3h)
01:47:04 [anamalai_nilgiris/topic] q='fodder grass South Western Ghats montane rai': 0 new (cursor 67/150, q10, disk 257G, 0.3h)
01:47:05 [anamalai_nilgiris/topic] q='fuelwood South Western Ghats montane rain fo': 0 new (cursor 67/150, q9, disk 257G, 0.3h)
01:47:06 [anamalai_nilgiris/topic] q='wild honey South Western Ghats montane rain ': 1 new (cursor 67/150, q8, disk 257G, 0.3h)
01:47:13 [anamalai_nilgiris/topic] q='ethnobotany South Western Ghats montane rain': 1 new (cursor 67/150, q7, disk 257G, 0.3h)
01:47:21 [anamalai_nilgiris/topic] q='tribal forest livelihood South Western Ghats': 3 new (cursor 67/150, q6, disk 257G, 0.3h)
01:47:27 [anamalai_nilgiris/topic] q='restoration economics South Western Ghats mo': 0 new (cursor 67/150, q5, disk 257G, 0.3h)
01:47:27 [anamalai_nilgiris/topic] q='seedling nursery survival South Western Ghat': 0 new (cursor 67/150, q4, disk 257G, 0.3h)
01:47:29 [anamalai_nilgiris/topic] q='tank irrigation South Western Ghats montane ': 0 new (cursor 67/150, q3, disk 257G, 0.3h)
01:47:33 [anamalai_nilgiris/topic] q='millet farming South Western Ghats montane r': 0 new (cursor 67/150, q2, disk 257G, 0.3h)
01:47:34 [anamalai_nilgiris/topic] q='sacred grove South Western Ghats montane rai': 0 new (cursor 67/150, q1, disk 257G, 0.3h)
01:47:39 [anamalai_nilgiris/topic] q='lantana management South Western Ghats monta': 0 new (cursor 67/150, q0, disk 257G, 0.3h)
01:47:47 [refresh] re-measured AOI species occurrence trends
01:47:47 [idle #1] no new queries; refreshed measurements, sleeping
01:49:54 [refresh] re-measured AOI species occurrence trends
01:49:54 [idle #2] no new queries; refreshed measurements, sleeping
01:52:01 [refresh] re-measured AOI species occurrence trends
01:52:01 [idle #3] no new queries; refreshed measurements, sleeping
01:54:09 [refresh] re-measured AOI species occurrence trends
01:54:09 [idle #4] no new queries; refreshed measurements, sleeping
01:56:16 [refresh] re-measured AOI species occurrence trends
01:56:16 [idle #5] no new queries; refreshed measurements, sleeping
02:01:41 [sat:kanha_central_india] {'ndvi_trend': 'declining', 'ndvi_slope': -0.00571, 'fire_5km_5yr': 0, 'landcover': 'Tree cover', 'embed_converging': 'stable', 'embed_sim_end': 0.8562, 'hyp_ndvi': 0.6753, 'hyp_rededge': 0.3856, 'hyp_cai': 0.0013, 'invasive': 'Lantana camara', 'invasive_present_fraction': 0, 'invasive_model_accuracy': 0.969, 'invasive_note': None, 'source': 'MODIS/WorldCover/AlphaEarth/EMIT/RF-predict'}
02:03:09 [sat:aravalli_fes] {'ndvi_trend': 'flat', 'ndvi_slope': 9e-05, 'fire_5km_5yr': 0, 'landcover': 'Built-up', 'embed_converging': 'diverging', 'embed_sim_end': 0.3207, 'hyp_ndvi': 0.1157, 'hyp_rededge': 0.0577, 'hyp_cai': 0.0026, 'invasive': 'Prosopis juliflora', 'invasive_present_fraction': 0.0, 'invasive_model_accuracy': 0.938, 'invasive_note': None, 'source': 'MODIS/WorldCover/AlphaEarth/EMIT/RF-predict'}
02:04:17 [sat:meghalaya_groves] {'ndvi_trend': 'flat', 'ndvi_slope': -0.00208, 'fire_5km_5yr': 4.2, 'landcover': 'Tree cover', 'embed_converging': 'stable', 'embed_sim_end': 0.4748, 'hyp_ndvi': 0.6227, 'hyp_rededge': 0.2643, 'hyp_cai': -0.0007, 'invasive': 'Chromolaena odorata', 'invasive_present_fraction': None, 'invasive_model_accuracy': None, 'invasive_note': 'too few occ pts (3)', 'source': 'MODIS/WorldCover/AlphaEarth/EMIT/RF-predict'}
02:04:33 [elephants_by_the_lake/invasives] q='invasives South Deccan Plateau dry deciduous': 0 new (cursor 67/150, q34, disk 257G, 0.0h)
02:04:47 [hypothesis:elephants_by_the_lake/invasives] Satellite greening (NDVI slope +0.014) and rising species diversity suggest early recovery
02:04:48 [elephants_by_the_lake/restoration] q='restoration South Deccan Plateau dry deciduo': 0 new (cursor 68/150, q33, disk 257G, 0.0h)
02:04:49 [elephants_by_the_lake/biodiversity] q='biodiversity South Deccan Plateau dry decidu': 0 new (cursor 68/150, q32, disk 257G, 0.0h)
02:04:51 [elephants_by_the_lake/water] q='water South Deccan Plateau dry deciduous for': 0 new (cursor 68/150, q31, disk 257G, 0.0h)
02:04:52 [elephants_by_the_lake/elephants] q='elephants South Deccan Plateau dry deciduous': 0 new (cursor 68/150, q30, disk 257G, 0.0h)
02:04:56 [elephants_by_the_lake/livelihoods] q='livelihoods South Deccan Plateau dry deciduo': 0 new (cursor 68/150, q29, disk 257G, 0.0h)
02:04:59 [elephants_by_the_lake/nurseries] q='nurseries South Deccan Plateau dry deciduous': 0 new (cursor 68/150, q28, disk 257G, 0.0h)
02:05:00 [anamalai_nilgiris/invasives] q='invasives South Western Ghats montane rain f': 0 new (cursor 68/150, q27, disk 257G, 0.0h)
02:05:02 [anamalai_nilgiris/restoration] q='restoration South Western Ghats montane rain': 0 new (cursor 68/150, q26, disk 257G, 0.0h)
02:05:04 [anamalai_nilgiris/biodiversity] q='biodiversity South Western Ghats montane rai': 0 new (cursor 68/150, q25, disk 257G, 0.0h)
02:05:05 [anamalai_nilgiris/water] q='water South Western Ghats montane rain fores': 0 new (cursor 68/150, q24, disk 257G, 0.0h)
02:05:06 [anamalai_nilgiris/elephants] q='elephants South Western Ghats montane rain f': 0 new (cursor 68/150, q23, disk 257G, 0.0h)
02:05:07 [anamalai_nilgiris/livelihoods] q='livelihoods South Western Ghats montane rain': 0 new (cursor 68/150, q22, disk 257G, 0.0h)
02:05:12 [anamalai_nilgiris/nurseries] q='nurseries South Western Ghats montane rain f': 0 new (cursor 68/150, q21, disk 257G, 0.0h)
02:05:15 [kanha_central_india/invasives] q='invasives Central Deccan Plateau dry deciduo': 0 new (cursor 68/150, q20, disk 257G, 0.0h)
02:05:16 [kanha_central_india/restoration] q='restoration Central Deccan Plateau dry decid': 0 new (cursor 68/150, q19, disk 257G, 0.0h)
02:05:18 [kanha_central_india/biodiversity] q='biodiversity Central Deccan Plateau dry deci': 0 new (cursor 68/150, q18, disk 257G, 0.0h)
02:05:19 [kanha_central_india/water] q='water Central Deccan Plateau dry deciduous f': 0 new (cursor 68/150, q17, disk 257G, 0.0h)
02:05:20 [kanha_central_india/elephants] q='elephants Central Deccan Plateau dry deciduo': 0 new (cursor 68/150, q16, disk 257G, 0.0h)
02:05:25 [kanha_central_india/livelihoods] q='livelihoods Central Deccan Plateau dry decid': 0 new (cursor 68/150, q15, disk 257G, 0.0h)
02:05:29 [kanha_central_india/nurseries] q='nurseries Central Deccan Plateau dry deciduo': 0 new (cursor 68/150, q14, disk 257G, 0.0h)
02:05:32 [aravalli_fes/invasives] q='invasives Northwestern thorn scrub forests r': 3 new (cursor 68/150, q13, disk 257G, 0.0h)
02:05:33 [aravalli_fes/restoration] q='restoration Northwestern thorn scrub forests': 2 new (cursor 68/150, q12, disk 257G, 0.0h)
02:05:34 [aravalli_fes/biodiversity] q='biodiversity Northwestern thorn scrub forest': 0 new (cursor 68/150, q11, disk 257G, 0.0h)
02:05:36 [aravalli_fes/water] q='water Northwestern thorn scrub forests resto': 0 new (cursor 68/150, q10, disk 257G, 0.0h)
02:05:37 [aravalli_fes/elephants] q='elephants Northwestern thorn scrub forests r': 0 new (cursor 68/150, q9, disk 257G, 0.0h)
02:05:38 [aravalli_fes/livelihoods] q='livelihoods Northwestern thorn scrub forests': 0 new (cursor 68/150, q8, disk 257G, 0.0h)
02:05:43 [aravalli_fes/nurseries] q='nurseries Northwestern thorn scrub forests r': 0 new (cursor 68/150, q7, disk 257G, 0.0h)
02:05:47 [meghalaya_groves/invasives] q='invasives Meghalaya subtropical forests rest': 3 new (cursor 68/150, q6, disk 257G, 0.0h)
02:05:53 [meghalaya_groves/restoration] q='restoration Meghalaya subtropical forests re': 2 new (cursor 68/150, q5, disk 257G, 0.0h)
02:05:55 [meghalaya_groves/biodiversity] q='biodiversity Meghalaya subtropical forests r': 0 new (cursor 68/150, q4, disk 257G, 0.0h)
02:05:57 [meghalaya_groves/water] q='water Meghalaya subtropical forests restorat': 1 new (cursor 68/150, q3, disk 257G, 0.0h)
02:05:59 [meghalaya_groves/elephants] q='elephants Meghalaya subtropical forests rest': 0 new (cursor 68/150, q2, disk 257G, 0.0h)
02:06:00 [meghalaya_groves/livelihoods] q='livelihoods Meghalaya subtropical forests re': 1 new (cursor 68/150, q1, disk 257G, 0.0h)
02:06:02 [meghalaya_groves/nurseries] q='nurseries Meghalaya subtropical forests rest': 0 new (cursor 68/150, q0, disk 257G, 0.0h)
02:06:03 [elephants_by_the_lake/snowball] q='Chromolaena odorata ecology India': 3 new (cursor 68/150, q149, disk 257G, 0.0h)
02:06:07 [elephants_by_the_lake/snowball] q='Chromolaena odorata impact India': 3 new (cursor 68/150, q148, disk 257G, 0.0h)
02:06:10 [elephants_by_the_lake/snowball] q='Chromolaena odorata monitoring India': 2 new (cursor 68/150, q147, disk 257G, 0.0h)
02:06:11 [kanha_central_india/snowball] q='Tectona grandis ecology India': 0 new (cursor 68/150, q146, disk 257G, 0.0h)
02:06:13 [kanha_central_india/snowball] q='Tectona grandis impact India': 3 new (cursor 68/150, q145, disk 257G, 0.0h)
02:06:15 [kanha_central_india/snowball] q='Tectona grandis monitoring India': 1 new (cursor 68/150, q144, disk 257G, 0.0h)
02:06:16 [kanha_central_india/snowball] q='Terminalia tomentosa ecology India': 0 new (cursor 68/150, q143, disk 257G, 0.0h)
02:06:17 [kanha_central_india/snowball] q='Terminalia tomentosa impact India': 2 new (cursor 68/150, q142, disk 257G, 0.0h)
02:06:19 [kanha_central_india/snowball] q='Terminalia tomentosa monitoring India': 1 new (cursor 68/150, q141, disk 257G, 0.0h)
02:06:20 [kanha_central_india/snowball] q='Madhuca longifolia ecology India': 2 new (cursor 68/150, q140, disk 257G, 0.0h)
02:06:22 [kanha_central_india/snowball] q='Madhuca longifolia impact India': 3 new (cursor 68/150, q139, disk 257G, 0.0h)
02:06:23 [kanha_central_india/snowball] q='Madhuca longifolia monitoring India': 1 new (cursor 68/150, q138, disk 257G, 0.0h)
02:06:24 [kanha_central_india/analog] q='Satpura Tiger Reserve biodiversity restorati': 2 new (cursor 68/150, q137, disk 257G, 0.0h)
02:06:27 [kanha_central_india/topic] q='seed dispersal Central Deccan Plateau dry de': 0 new (cursor 68/150, q136, disk 257G, 0.0h)
02:06:29 [kanha_central_india/topic] q='pollination Central Deccan Plateau dry decid': 0 new (cursor 68/150, q135, disk 257G, 0.0h)
02:06:30 [kanha_central_india/topic] q='soil carbon Central Deccan Plateau dry decid': 0 new (cursor 68/150, q134, disk 257G, 0.0h)
02:06:34 [kanha_central_india/topic] q='mycorrhiza Central Deccan Plateau dry decidu': 0 new (cursor 68/150, q133, disk 257G, 0.0h)
02:06:35 [kanha_central_india/topic] q='leaf phenology Central Deccan Plateau dry de': 0 new (cursor 68/150, q132, disk 257G, 0.0h)
02:06:36 [kanha_central_india/topic] q='fire regime Central Deccan Plateau dry decid': 0 new (cursor 68/150, q131, disk 257G, 0.0h)
02:06:38 [kanha_central_india/topic] q='grazing pressure Central Deccan Plateau dry ': 0 new (cursor 68/150, q130, disk 257G, 0.0h)
02:06:39 [kanha_central_india/topic] q='non-timber forest products Central Deccan Pl': 0 new (cursor 68/150, q129, disk 257G, 0.0h)
02:06:40 [kanha_central_india/topic] q='agroforestry Central Deccan Plateau dry deci': 0 new (cursor 68/150, q128, disk 257G, 0.0h)
02:06:44 [kanha_central_india/topic] q='groundwater recharge Central Deccan Plateau ': 0 new (cursor 68/150, q127, disk 257G, 0.0h)
02:06:48 [kanha_central_india/topic] q='spring hydrology Central Deccan Plateau dry ': 0 new (cursor 68/150, q126, disk 257G, 0.0h)
02:06:49 [kanha_central_india/topic] q='canopy cover Central Deccan Plateau dry deci': 0 new (cursor 68/150, q125, disk 257G, 0.0h)
02:06:50 [kanha_central_india/topic] q='natural regeneration Central Deccan Plateau ': 1 new (cursor 68/150, q124, disk 257G, 0.0h)
02:06:51 [kanha_central_india/topic] q='assisted natural regeneration Central Deccan': 0 new (cursor 68/150, q123, disk 257G, 0.0h)
02:06:53 [kanha_central_india/topic] q='invasive species removal Central Deccan Plat': 0 new (cursor 68/150, q122, disk 257G, 0.0h)
02:06:54 [kanha_central_india/topic] q='native tree survival Central Deccan Plateau ': 0 new (cursor 68/150, q121, disk 257G, 0.0h)
02:06:58 [kanha_central_india/topic] q='frugivory Central Deccan Plateau dry deciduo': 0 new (cursor 68/150, q120, disk 257G, 0.0h)
02:06:59 [kanha_central_india/topic] q='seed predation Central Deccan Plateau dry de': 0 new (cursor 68/150, q119, disk 257G, 0.0h)
02:07:04 [kanha_central_india/topic] q='dung beetle diversity Central Deccan Plateau': 0 new (cursor 68/150, q118, disk 257G, 0.0h)
02:07:08 [kanha_central_india/topic] q='butterfly diversity Central Deccan Plateau d': 0 new (cursor 68/150, q117, disk 257G, 0.0h)
02:07:12 [kanha_central_india/topic] q='odonate dragonfly Central Deccan Plateau dry': 0 new (cursor 68/150, q116, disk 257G, 0.0h)
02:07:13 [kanha_central_india/topic] q='bird community Central Deccan Plateau dry de': 0 new (cursor 68/150, q115, disk 257G, 0.0h)
02:07:14 [kanha_central_india/topic] q='amphibian diversity Central Deccan Plateau d': 0 new (cursor 68/150, q114, disk 257G, 0.0h)
02:07:18 [kanha_central_india/topic] q='reptile survey Central Deccan Plateau dry de': 0 new (cursor 68/150, q113, disk 257G, 0.1h)
02:07:19 [kanha_central_india/topic] q='mammal camera trap Central Deccan Plateau dr': 0 new (cursor 68/150, q112, disk 257G, 0.1h)
02:07:20 [kanha_central_india/topic] q='elephant movement corridor Central Deccan Pl': 0 new (cursor 68/150, q111, disk 257G, 0.1h)
02:07:22 [kanha_central_india/topic] q='human elephant conflict Central Deccan Plate': 0 new (cursor 68/150, q110, disk 257G, 0.1h)
02:07:23 [kanha_central_india/topic] q='crop raiding Central Deccan Plateau dry deci': 0 new (cursor 68/150, q109, disk 257G, 0.1h)
02:07:24 [kanha_central_india/topic] q='dry season water stress Central Deccan Plate': 0 new (cursor 68/150, q108, disk 257G, 0.1h)
02:07:26 [kanha_central_india/topic] q='drought resilience Central Deccan Plateau dr': 0 new (cursor 68/150, q107, disk 257G, 0.1h)
02:07:27 [kanha_central_india/topic] q='carbon sequestration Central Deccan Plateau ': 0 new (cursor 68/150, q106, disk 257G, 0.1h)
02:07:29 [kanha_central_india/topic] q='above ground biomass Central Deccan Plateau ': 0 new (cursor 68/150, q105, disk 257G, 0.1h)
02:07:30 [kanha_central_india/topic] q='species distribution model Central Deccan Pl': 0 new (cursor 68/150, q104, disk 257G, 0.1h)
02:07:31 [kanha_central_india/topic] q='habitat connectivity Central Deccan Plateau ': 1 new (cursor 68/150, q103, disk 257G, 0.1h)
02:07:33 [kanha_central_india/topic] q='edge effect Central Deccan Plateau dry decid': 0 new (cursor 68/150, q102, disk 257G, 0.1h)
02:07:34 [kanha_central_india/topic] q='forest fragmentation Central Deccan Plateau ': 0 new (cursor 68/150, q101, disk 257G, 0.1h)
02:07:35 [kanha_central_india/topic] q='litter decomposition Central Deccan Plateau ': 0 new (cursor 68/150, q100, disk 257G, 0.1h)
02:07:37 [kanha_central_india/topic] q='nutrient cycling Central Deccan Plateau dry ': 0 new (cursor 68/150, q99, disk 257G, 0.1h)
02:07:38 [kanha_central_india/topic] q='water quality Central Deccan Plateau dry dec': 0 new (cursor 68/150, q98, disk 257G, 0.1h)
02:07:39 [kanha_central_india/topic] q='fodder grass Central Deccan Plateau dry deci': 0 new (cursor 68/150, q97, disk 257G, 0.1h)
02:07:40 [kanha_central_india/topic] q='fuelwood Central Deccan Plateau dry deciduou': 0 new (cursor 68/150, q96, disk 257G, 0.1h)
02:07:42 [kanha_central_india/topic] q='wild honey Central Deccan Plateau dry decidu': 0 new (cursor 68/150, q95, disk 257G, 0.1h)
02:07:43 [kanha_central_india/topic] q='ethnobotany Central Deccan Plateau dry decid': 0 new (cursor 68/150, q94, disk 257G, 0.1h)
02:07:44 [kanha_central_india/topic] q='tribal forest livelihood Central Deccan Plat': 0 new (cursor 68/150, q93, disk 257G, 0.1h)
02:07:49 [kanha_central_india/topic] q='restoration economics Central Deccan Plateau': 0 new (cursor 68/150, q92, disk 257G, 0.1h)
02:07:53 [kanha_central_india/topic] q='seedling nursery survival Central Deccan Pla': 0 new (cursor 68/150, q91, disk 257G, 0.1h)
02:07:54 [kanha_central_india/topic] q='tank irrigation Central Deccan Plateau dry d': 0 new (cursor 68/150, q90, disk 257G, 0.1h)
02:07:59 [kanha_central_india/topic] q='millet farming Central Deccan Plateau dry de': 0 new (cursor 68/150, q89, disk 257G, 0.1h)
02:07:59 [kanha_central_india/topic] q='sacred grove Central Deccan Plateau dry deci': 0 new (cursor 68/150, q88, disk 257G, 0.1h)
02:08:01 [kanha_central_india/topic] q='lantana management Central Deccan Plateau dr': 0 new (cursor 68/150, q87, disk 257G, 0.1h)
02:08:05 [kanha_central_india/invasives] q='invasives Central Deccan Plateau dry deciduo': 0 new (cursor 68/150, q86, disk 257G, 0.1h)
02:08:09 [kanha_central_india/invasives] q='invasives Central Deccan Plateau dry deciduo': 0 new (cursor 68/150, q85, disk 257G, 0.1h)
02:08:13 [kanha_central_india/invasives] q='invasives Central Deccan Plateau dry deciduo': 0 new (cursor 68/150, q84, disk 257G, 0.1h)
02:08:16 [kanha_central_india/invasives] q='invasives Central Deccan Plateau dry deciduo': 0 new (cursor 68/150, q83, disk 257G, 0.1h)
02:08:20 [kanha_central_india/invasives] q='invasives Central Deccan Plateau dry deciduo': 0 new (cursor 68/150, q82, disk 257G, 0.1h)
02:08:23 [kanha_central_india/invasives] q='invasives Central Deccan Plateau dry deciduo': 0 new (cursor 68/150, q81, disk 257G, 0.1h)
02:08:28 [kanha_central_india/invasives] q='invasives Central Deccan Plateau dry deciduo': 0 new (cursor 68/150, q80, disk 257G, 0.1h)
02:08:29 [kanha_central_india/restoration] q='restoration Central Deccan Plateau dry decid': 0 new (cursor 68/150, q79, disk 257G, 0.1h)
02:08:30 [kanha_central_india/restoration] q='restoration Central Deccan Plateau dry decid': 0 new (cursor 68/150, q78, disk 257G, 0.1h)
02:08:31 [kanha_central_india/restoration] q='restoration Central Deccan Plateau dry decid': 0 new (cursor 68/150, q77, disk 257G, 0.1h)
02:08:32 [kanha_central_india/restoration] q='restoration Central Deccan Plateau dry decid': 0 new (cursor 68/150, q76, disk 257G, 0.1h)
02:08:34 [kanha_central_india/restoration] q='restoration Central Deccan Plateau dry decid': 0 new (cursor 68/150, q75, disk 257G, 0.1h)
02:08:35 [kanha_central_india/restoration] q='restoration Central Deccan Plateau dry decid': 0 new (cursor 68/150, q74, disk 257G, 0.1h)
02:08:36 [kanha_central_india/restoration] q='restoration Central Deccan Plateau dry decid': 0 new (cursor 68/150, q73, disk 257G, 0.1h)
02:08:38 [kanha_central_india/biodiversity] q='biodiversity Central Deccan Plateau dry deci': 0 new (cursor 68/150, q72, disk 257G, 0.1h)
02:08:39 [kanha_central_india/biodiversity] q='biodiversity Central Deccan Plateau dry deci': 0 new (cursor 68/150, q71, disk 257G, 0.1h)
02:08:40 [kanha_central_india/biodiversity] q='biodiversity Central Deccan Plateau dry deci': 0 new (cursor 68/150, q70, disk 257G, 0.1h)
02:08:41 [kanha_central_india/biodiversity] q='biodiversity Central Deccan Plateau dry deci': 0 new (cursor 68/150, q69, disk 257G, 0.1h)
02:08:43 [kanha_central_india/biodiversity] q='biodiversity Central Deccan Plateau dry deci': 0 new (cursor 68/150, q68, disk 257G, 0.1h)
02:08:44 [kanha_central_india/biodiversity] q='biodiversity Central Deccan Plateau dry deci': 0 new (cursor 68/150, q67, disk 257G, 0.1h)
02:08:45 [kanha_central_india/biodiversity] q='biodiversity Central Deccan Plateau dry deci': 0 new (cursor 68/150, q66, disk 257G, 0.1h)
02:08:47 [kanha_central_india/water] q='water Central Deccan Plateau dry deciduous f': 0 new (cursor 68/150, q65, disk 257G, 0.1h)
02:08:48 [kanha_central_india/water] q='water Central Deccan Plateau dry deciduous f': 0 new (cursor 68/150, q64, disk 257G, 0.1h)
02:08:49 [kanha_central_india/water] q='water Central Deccan Plateau dry deciduous f': 0 new (cursor 68/150, q63, disk 257G, 0.1h)
02:08:51 [kanha_central_india/water] q='water Central Deccan Plateau dry deciduous f': 0 new (cursor 68/150, q62, disk 257G, 0.1h)
02:08:52 [kanha_central_india/water] q='water Central Deccan Plateau dry deciduous f': 0 new (cursor 68/150, q61, disk 257G, 0.1h)
02:08:53 [kanha_central_india/water] q='water Central Deccan Plateau dry deciduous f': 0 new (cursor 68/150, q60, disk 257G, 0.1h)
02:08:54 [kanha_central_india/water] q='water Central Deccan Plateau dry deciduous f': 0 new (cursor 68/150, q59, disk 257G, 0.1h)
02:08:56 [kanha_central_india/elephants] q='elephants Central Deccan Plateau dry deciduo': 0 new (cursor 68/150, q58, disk 257G, 0.1h)
02:08:57 [kanha_central_india/elephants] q='elephants Central Deccan Plateau dry deciduo': 0 new (cursor 68/150, q57, disk 257G, 0.1h)
02:08:59 [kanha_central_india/elephants] q='elephants Central Deccan Plateau dry deciduo': 0 new (cursor 68/150, q56, disk 257G, 0.1h)
02:09:00 [kanha_central_india/elephants] q='elephants Central Deccan Plateau dry deciduo': 0 new (cursor 68/150, q55, disk 257G, 0.1h)
02:09:01 [kanha_central_india/elephants] q='elephants Central Deccan Plateau dry deciduo': 0 new (cursor 68/150, q54, disk 257G, 0.1h)
02:09:02 [kanha_central_india/elephants] q='elephants Central Deccan Plateau dry deciduo': 0 new (cursor 68/150, q53, disk 257G, 0.1h)
02:09:04 [kanha_central_india/elephants] q='elephants Central Deccan Plateau dry deciduo': 0 new (cursor 68/150, q52, disk 257G, 0.1h)
02:09:05 [kanha_central_india/livelihoods] q='livelihoods Central Deccan Plateau dry decid': 0 new (cursor 68/150, q51, disk 257G, 0.1h)
02:09:06 [kanha_central_india/livelihoods] q='livelihoods Central Deccan Plateau dry decid': 0 new (cursor 68/150, q50, disk 257G, 0.1h)
02:09:07 [kanha_central_india/livelihoods] q='livelihoods Central Deccan Plateau dry decid': 0 new (cursor 68/150, q49, disk 257G, 0.1h)
02:09:09 [kanha_central_india/livelihoods] q='livelihoods Central Deccan Plateau dry decid': 0 new (cursor 68/150, q48, disk 257G, 0.1h)
02:09:13 [kanha_central_india/livelihoods] q='livelihoods Central Deccan Plateau dry decid': 0 new (cursor 68/150, q47, disk 257G, 0.1h)
02:09:14 [kanha_central_india/livelihoods] q='livelihoods Central Deccan Plateau dry decid': 0 new (cursor 68/150, q46, disk 257G, 0.1h)
02:09:15 [kanha_central_india/livelihoods] q='livelihoods Central Deccan Plateau dry decid': 0 new (cursor 68/150, q45, disk 257G, 0.1h)
02:09:16 [kanha_central_india/nurseries] q='nurseries Central Deccan Plateau dry deciduo': 0 new (cursor 68/150, q44, disk 257G, 0.1h)
02:09:21 [kanha_central_india/nurseries] q='nurseries Central Deccan Plateau dry deciduo': 0 new (cursor 68/150, q43, disk 257G, 0.1h)
02:09:22 [kanha_central_india/nurseries] q='nurseries Central Deccan Plateau dry deciduo': 0 new (cursor 68/150, q42, disk 257G, 0.1h)
02:09:23 [kanha_central_india/nurseries] q='nurseries Central Deccan Plateau dry deciduo': 0 new (cursor 68/150, q41, disk 257G, 0.1h)
02:09:24 [kanha_central_india/nurseries] q='nurseries Central Deccan Plateau dry deciduo': 0 new (cursor 68/150, q40, disk 257G, 0.1h)
02:09:26 [kanha_central_india/nurseries] q='nurseries Central Deccan Plateau dry deciduo': 0 new (cursor 68/150, q39, disk 257G, 0.1h)
02:09:27 [kanha_central_india/nurseries] q='nurseries Central Deccan Plateau dry deciduo': 0 new (cursor 68/150, q38, disk 257G, 0.1h)
02:09:29 [aravalli_fes/snowball] q='Prosopis juliflora ecology India': 0 new (cursor 68/150, q37, disk 257G, 0.1h)
02:09:29 [aravalli_fes/snowball] q='Prosopis juliflora impact India': 2 new (cursor 68/150, q36, disk 257G, 0.1h)
02:09:35 [aravalli_fes/snowball] q='Prosopis juliflora monitoring India': 1 new (cursor 68/150, q35, disk 257G, 0.1h)
02:09:48 [aravalli_fes/snowball] q='Anogeissus pendula ecology India': 3 new (cursor 68/150, q34, disk 257G, 0.1h)
02:09:49 [aravalli_fes/snowball] q='Anogeissus pendula impact India': 3 new (cursor 68/150, q33, disk 257G, 0.1h)
02:09:51 [aravalli_fes/snowball] q='Anogeissus pendula monitoring India': 1 new (cursor 68/150, q32, disk 257G, 0.1h)
02:10:02 [aravalli_fes/snowball] q='Boswellia serrata ecology India': 2 new (cursor 68/150, q31, disk 257G, 0.1h)
02:10:04 [aravalli_fes/snowball] q='Boswellia serrata impact India': 2 new (cursor 68/150, q30, disk 257G, 0.1h)
02:10:05 [aravalli_fes/snowball] q='Boswellia serrata monitoring India': 0 new (cursor 68/150, q29, disk 257G, 0.1h)
02:10:07 [aravalli_fes/snowball] q='Acacia senegal ecology India': 2 new (cursor 68/150, q28, disk 257G, 0.1h)
02:10:17 [aravalli_fes/snowball] q='Acacia senegal impact India': 2 new (cursor 68/150, q27, disk 257G, 0.1h)
02:10:18 [aravalli_fes/snowball] q='Acacia senegal monitoring India': 2 new (cursor 68/150, q26, disk 257G, 0.1h)
02:10:19 [aravalli_fes/analog] q='Sariska biodiversity restoration': 1 new (cursor 68/150, q25, disk 257G, 0.1h)
02:10:21 [aravalli_fes/topic] q='seed dispersal Northwestern thorn scrub fore': 1 new (cursor 68/150, q24, disk 257G, 0.1h)
02:10:23 [aravalli_fes/topic] q='pollination Northwestern thorn scrub forests': 1 new (cursor 68/150, q23, disk 257G, 0.1h)
02:10:26 [aravalli_fes/topic] q='soil carbon Northwestern thorn scrub forests': 0 new (cursor 68/150, q22, disk 257G, 0.1h)
02:10:31 [aravalli_fes/topic] q='mycorrhiza Northwestern thorn scrub forests ': 1 new (cursor 68/150, q21, disk 257G, 0.1h)
02:10:32 [aravalli_fes/topic] q='leaf phenology Northwestern thorn scrub fore': 2 new (cursor 68/150, q20, disk 257G, 0.1h)
02:10:33 [aravalli_fes/topic] q='fire regime Northwestern thorn scrub forests': 1 new (cursor 68/150, q19, disk 257G, 0.1h)
02:10:34 [aravalli_fes/topic] q='grazing pressure Northwestern thorn scrub fo': 0 new (cursor 68/150, q18, disk 257G, 0.1h)
02:10:36 [aravalli_fes/topic] q='non-timber forest products Northwestern thor': 1 new (cursor 68/150, q17, disk 257G, 0.1h)
02:10:38 [aravalli_fes/topic] q='agroforestry Northwestern thorn scrub forest': 0 new (cursor 68/150, q16, disk 257G, 0.1h)
02:10:42 [aravalli_fes/topic] q='groundwater recharge Northwestern thorn scru': 3 new (cursor 68/150, q15, disk 257G, 0.1h)
02:10:47 [aravalli_fes/topic] q='spring hydrology Northwestern thorn scrub fo': 0 new (cursor 68/150, q14, disk 257G, 0.1h)
02:10:48 [aravalli_fes/topic] q='canopy cover Northwestern thorn scrub forest': 0 new (cursor 68/150, q13, disk 257G, 0.1h)
02:11:02 [hypothesis:aravalli_fes/topic] At this Aravalli commons restoration site, coarse satellite signals look mostly static—fla
02:11:03 [aravalli_fes/topic] q='natural regeneration Northwestern thorn scru': 1 new (cursor 69/150, q12, disk 257G, 0.1h)
02:11:04 [aravalli_fes/topic] q='assisted natural regeneration Northwestern t': 0 new (cursor 69/150, q11, disk 257G, 0.1h)
02:11:05 [aravalli_fes/topic] q='invasive species removal Northwestern thorn ': 0 new (cursor 69/150, q10, disk 257G, 0.1h)
02:11:07 [aravalli_fes/topic] q='native tree survival Northwestern thorn scru': 1 new (cursor 69/150, q9, disk 257G, 0.1h)
02:11:13 [aravalli_fes/topic] q='frugivory Northwestern thorn scrub forests I': 0 new (cursor 69/150, q8, disk 257G, 0.1h)
02:11:17 [aravalli_fes/topic] q='seed predation Northwestern thorn scrub fore': 1 new (cursor 69/150, q7, disk 257G, 0.1h)
02:11:19 [aravalli_fes/topic] q='dung beetle diversity Northwestern thorn scr': 0 new (cursor 69/150, q6, disk 257G, 0.1h)
02:11:20 [aravalli_fes/topic] q='butterfly diversity Northwestern thorn scrub': 1 new (cursor 69/150, q5, disk 257G, 0.1h)
02:11:24 [aravalli_fes/topic] q='odonate dragonfly Northwestern thorn scrub f': 0 new (cursor 69/150, q4, disk 257G, 0.1h)
02:11:25 [aravalli_fes/topic] q='bird community Northwestern thorn scrub fore': 0 new (cursor 69/150, q3, disk 257G, 0.1h)
02:11:26 [aravalli_fes/topic] q='amphibian diversity Northwestern thorn scrub': 0 new (cursor 69/150, q2, disk 257G, 0.1h)
02:11:27 [aravalli_fes/topic] q='reptile survey Northwestern thorn scrub fore': 0 new (cursor 69/150, q1, disk 257G, 0.1h)
02:11:29 [aravalli_fes/topic] q='mammal camera trap Northwestern thorn scrub ': 1 new (cursor 69/150, q0, disk 257G, 0.1h)
02:11:31 [aravalli_fes/topic] q='elephant movement corridor Northwestern thor': 0 new (cursor 69/150, q149, disk 257G, 0.1h)
02:11:36 [aravalli_fes/topic] q='human elephant conflict Northwestern thorn s': 2 new (cursor 69/150, q148, disk 257G, 0.1h)
02:11:41 [aravalli_fes/topic] q='crop raiding Northwestern thorn scrub forest': 1 new (cursor 69/150, q147, disk 257G, 0.1h)
02:11:42 [aravalli_fes/topic] q='dry season water stress Northwestern thorn s': 0 new (cursor 69/150, q146, disk 257G, 0.1h)
02:11:46 [aravalli_fes/topic] q='drought resilience Northwestern thorn scrub ': 1 new (cursor 69/150, q145, disk 257G, 0.1h)
02:11:47 [aravalli_fes/topic] q='carbon sequestration Northwestern thorn scru': 0 new (cursor 69/150, q144, disk 257G, 0.1h)
02:11:48 [aravalli_fes/topic] q='above ground biomass Northwestern thorn scru': 0 new (cursor 69/150, q143, disk 257G, 0.1h)
02:11:50 [aravalli_fes/topic] q='species distribution model Northwestern thor': 0 new (cursor 69/150, q142, disk 257G, 0.1h)
02:11:51 [aravalli_fes/topic] q='habitat connectivity Northwestern thorn scru': 1 new (cursor 69/150, q141, disk 257G, 0.1h)
02:11:52 [aravalli_fes/topic] q='edge effect Northwestern thorn scrub forests': 0 new (cursor 69/150, q140, disk 257G, 0.1h)
02:11:54 [aravalli_fes/topic] q='forest fragmentation Northwestern thorn scru': 0 new (cursor 69/150, q139, disk 257G, 0.1h)
02:11:55 [aravalli_fes/topic] q='litter decomposition Northwestern thorn scru': 0 new (cursor 69/150, q138, disk 257G, 0.1h)
02:11:56 [aravalli_fes/topic] q='nutrient cycling Northwestern thorn scrub fo': 0 new (cursor 69/150, q137, disk 257G, 0.1h)
02:11:58 [aravalli_fes/topic] q='water quality Northwestern thorn scrub fores': 1 new (cursor 69/150, q136, disk 257G, 0.1h)
02:11:59 [aravalli_fes/topic] q='fodder grass Northwestern thorn scrub forest': 0 new (cursor 69/150, q135, disk 257G, 0.1h)
02:12:01 [aravalli_fes/topic] q='fuelwood Northwestern thorn scrub forests In': 1 new (cursor 69/150, q134, disk 257G, 0.1h)
02:12:02 [aravalli_fes/topic] q='wild honey Northwestern thorn scrub forests ': 0 new (cursor 69/150, q133, disk 257G, 0.1h)
02:12:03 [aravalli_fes/topic] q='ethnobotany Northwestern thorn scrub forests': 0 new (cursor 69/150, q132, disk 257G, 0.1h)
02:12:10 [aravalli_fes/topic] q='tribal forest livelihood Northwestern thorn ': 2 new (cursor 69/150, q131, disk 257G, 0.1h)
02:12:12 [aravalli_fes/topic] q='restoration economics Northwestern thorn scr': 1 new (cursor 69/150, q130, disk 257G, 0.1h)
02:12:16 [aravalli_fes/topic] q='seedling nursery survival Northwestern thorn': 2 new (cursor 69/150, q129, disk 257G, 0.1h)
02:12:17 [aravalli_fes/topic] q='tank irrigation Northwestern thorn scrub for': 1 new (cursor 69/150, q128, disk 257G, 0.1h)
02:12:18 [aravalli_fes/topic] q='millet farming Northwestern thorn scrub fore': 0 new (cursor 69/150, q127, disk 257G, 0.1h)
02:12:20 [aravalli_fes/topic] q='sacred grove Northwestern thorn scrub forest': 1 new (cursor 69/150, q126, disk 257G, 0.1h)
02:12:21 [aravalli_fes/topic] q='lantana management Northwestern thorn scrub ': 0 new (cursor 69/150, q125, disk 257G, 0.1h)
02:12:26 [aravalli_fes/invasives] q='invasives Northwestern thorn scrub forests e': 1 new (cursor 69/150, q124, disk 257G, 0.1h)
02:12:29 [aravalli_fes/invasives] q='invasives Northwestern thorn scrub forests i': 0 new (cursor 69/150, q123, disk 257G, 0.1h)
02:12:34 [aravalli_fes/invasives] q='invasives Northwestern thorn scrub forests m': 0 new (cursor 69/150, q122, disk 257G, 0.1h)
02:12:38 [aravalli_fes/invasives] q='invasives Northwestern thorn scrub forests d': 0 new (cursor 69/150, q121, disk 257G, 0.1h)
02:12:43 [aravalli_fes/invasives] q='invasives Northwestern thorn scrub forests p': 0 new (cursor 69/150, q120, disk 257G, 0.1h)
02:12:47 [aravalli_fes/invasives] q='invasives Northwestern thorn scrub forests c': 2 new (cursor 69/150, q119, disk 257G, 0.1h)
02:12:52 [aravalli_fes/invasives] q='invasives Northwestern thorn scrub forests m': 1 new (cursor 69/150, q118, disk 257G, 0.1h)
02:12:53 [aravalli_fes/restoration] q='restoration Northwestern thorn scrub forests': 0 new (cursor 69/150, q117, disk 257G, 0.1h)
02:12:54 [aravalli_fes/restoration] q='restoration Northwestern thorn scrub forests': 0 new (cursor 69/150, q116, disk 257G, 0.1h)
02:12:55 [aravalli_fes/restoration] q='restoration Northwestern thorn scrub forests': 0 new (cursor 69/150, q115, disk 257G, 0.1h)
02:12:57 [aravalli_fes/restoration] q='restoration Northwestern thorn scrub forests': 0 new (cursor 69/150, q114, disk 257G, 0.1h)
02:12:58 [aravalli_fes/restoration] q='restoration Northwestern thorn scrub forests': 0 new (cursor 69/150, q113, disk 257G, 0.1h)
02:12:59 [aravalli_fes/restoration] q='restoration Northwestern thorn scrub forests': 0 new (cursor 69/150, q112, disk 257G, 0.1h)
02:13:01 [aravalli_fes/restoration] q='restoration Northwestern thorn scrub forests': 0 new (cursor 69/150, q111, disk 257G, 0.1h)
02:13:02 [aravalli_fes/biodiversity] q='biodiversity Northwestern thorn scrub forest': 0 new (cursor 69/150, q110, disk 257G, 0.1h)
02:13:03 [aravalli_fes/biodiversity] q='biodiversity Northwestern thorn scrub forest': 0 new (cursor 69/150, q109, disk 257G, 0.1h)
02:13:05 [aravalli_fes/biodiversity] q='biodiversity Northwestern thorn scrub forest': 0 new (cursor 69/150, q108, disk 257G, 0.1h)
02:13:06 [aravalli_fes/biodiversity] q='biodiversity Northwestern thorn scrub forest': 0 new (cursor 69/150, q107, disk 257G, 0.1h)
02:13:07 [aravalli_fes/biodiversity] q='biodiversity Northwestern thorn scrub forest': 0 new (cursor 69/150, q106, disk 257G, 0.1h)
02:13:08 [aravalli_fes/biodiversity] q='biodiversity Northwestern thorn scrub forest': 0 new (cursor 69/150, q105, disk 257G, 0.1h)
02:13:10 [aravalli_fes/biodiversity] q='biodiversity Northwestern thorn scrub forest': 0 new (cursor 69/150, q104, disk 257G, 0.1h)
02:13:11 [aravalli_fes/water] q='water Northwestern thorn scrub forests ecolo': 0 new (cursor 69/150, q103, disk 257G, 0.1h)
02:13:12 [aravalli_fes/water] q='water Northwestern thorn scrub forests impac': 0 new (cursor 69/150, q102, disk 257G, 0.1h)
02:13:14 [aravalli_fes/water] q='water Northwestern thorn scrub forests monit': 0 new (cursor 69/150, q101, disk 257G, 0.1h)
02:13:15 [aravalli_fes/water] q='water Northwestern thorn scrub forests distr': 0 new (cursor 69/150, q100, disk 257G, 0.1h)
02:13:16 [aravalli_fes/water] q='water Northwestern thorn scrub forests popul': 0 new (cursor 69/150, q99, disk 257G, 0.1h)
02:13:17 [aravalli_fes/water] q='water Northwestern thorn scrub forests clima': 0 new (cursor 69/150, q98, disk 257G, 0.2h)
02:13:19 [aravalli_fes/water] q='water Northwestern thorn scrub forests manag': 0 new (cursor 69/150, q97, disk 257G, 0.2h)
02:13:20 [aravalli_fes/elephants] q='elephants Northwestern thorn scrub forests e': 0 new (cursor 69/150, q96, disk 257G, 0.2h)
02:13:21 [aravalli_fes/elephants] q='elephants Northwestern thorn scrub forests i': 0 new (cursor 69/150, q95, disk 257G, 0.2h)
02:13:24 [aravalli_fes/elephants] q='elephants Northwestern thorn scrub forests m': 0 new (cursor 69/150, q94, disk 257G, 0.2h)
02:13:25 [aravalli_fes/elephants] q='elephants Northwestern thorn scrub forests d': 0 new (cursor 69/150, q93, disk 257G, 0.2h)
02:13:29 [aravalli_fes/elephants] q='elephants Northwestern thorn scrub forests p': 0 new (cursor 69/150, q92, disk 257G, 0.2h)
02:13:30 [aravalli_fes/elephants] q='elephants Northwestern thorn scrub forests c': 0 new (cursor 69/150, q91, disk 257G, 0.2h)
02:13:31 [aravalli_fes/elephants] q='elephants Northwestern thorn scrub forests m': 0 new (cursor 69/150, q90, disk 257G, 0.2h)
02:13:33 [aravalli_fes/livelihoods] q='livelihoods Northwestern thorn scrub forests': 0 new (cursor 69/150, q89, disk 257G, 0.2h)
02:13:34 [aravalli_fes/livelihoods] q='livelihoods Northwestern thorn scrub forests': 0 new (cursor 69/150, q88, disk 257G, 0.2h)
02:13:38 [aravalli_fes/livelihoods] q='livelihoods Northwestern thorn scrub forests': 3 new (cursor 69/150, q87, disk 257G, 0.2h)
02:13:39 [aravalli_fes/livelihoods] q='livelihoods Northwestern thorn scrub forests': 0 new (cursor 69/150, q86, disk 257G, 0.2h)
02:13:44 [aravalli_fes/livelihoods] q='livelihoods Northwestern thorn scrub forests': 0 new (cursor 69/150, q85, disk 257G, 0.2h)
02:13:50 [aravalli_fes/livelihoods] q='livelihoods Northwestern thorn scrub forests': 3 new (cursor 69/150, q84, disk 257G, 0.2h)
02:13:53 [aravalli_fes/livelihoods] q='livelihoods Northwestern thorn scrub forests': 0 new (cursor 69/150, q83, disk 257G, 0.2h)
02:13:57 [aravalli_fes/nurseries] q='nurseries Northwestern thorn scrub forests e': 0 new (cursor 69/150, q82, disk 257G, 0.2h)
02:14:02 [aravalli_fes/nurseries] q='nurseries Northwestern thorn scrub forests i': 0 new (cursor 69/150, q81, disk 257G, 0.2h)
02:14:06 [aravalli_fes/nurseries] q='nurseries Northwestern thorn scrub forests m': 0 new (cursor 69/150, q80, disk 257G, 0.2h)
02:14:12 [aravalli_fes/nurseries] q='nurseries Northwestern thorn scrub forests d': 0 new (cursor 69/150, q79, disk 257G, 0.2h)
02:14:17 [aravalli_fes/nurseries] q='nurseries Northwestern thorn scrub forests p': 0 new (cursor 69/150, q78, disk 257G, 0.2h)
02:14:23 [aravalli_fes/nurseries] q='nurseries Northwestern thorn scrub forests c': 0 new (cursor 69/150, q77, disk 257G, 0.2h)
02:14:28 [aravalli_fes/nurseries] q='nurseries Northwestern thorn scrub forests m': 0 new (cursor 69/150, q76, disk 257G, 0.2h)
02:14:29 [meghalaya_groves/snowball] q='Rhododendron arboreum ecology India': 3 new (cursor 69/150, q75, disk 257G, 0.2h)
02:14:43 [meghalaya_groves/snowball] q='Rhododendron arboreum impact India': 1 new (cursor 69/150, q74, disk 257G, 0.2h)
02:14:45 [meghalaya_groves/snowball] q='Rhododendron arboreum monitoring India': 1 new (cursor 69/150, q73, disk 257G, 0.2h)
02:14:47 [meghalaya_groves/snowball] q='Castanopsis indica ecology India': 1 new (cursor 69/150, q72, disk 257G, 0.2h)
02:14:49 [meghalaya_groves/snowball] q='Castanopsis indica impact India': 2 new (cursor 69/150, q71, disk 257G, 0.2h)
02:14:50 [meghalaya_groves/snowball] q='Castanopsis indica monitoring India': 2 new (cursor 69/150, q70, disk 257G, 0.2h)
02:14:52 [meghalaya_groves/snowball] q='Michelia champaca ecology India': 2 new (cursor 69/150, q69, disk 257G, 0.2h)
02:14:54 [meghalaya_groves/snowball] q='Michelia champaca impact India': 3 new (cursor 69/150, q68, disk 257G, 0.2h)
02:14:55 [meghalaya_groves/snowball] q='Michelia champaca monitoring India': 1 new (cursor 69/150, q67, disk 257G, 0.2h)
02:15:00 [meghalaya_groves/analog] q='Nokrek biodiversity restoration': 2 new (cursor 69/150, q66, disk 257G, 0.2h)
02:15:01 [meghalaya_groves/topic] q='seed dispersal Meghalaya subtropical forests': 0 new (cursor 69/150, q65, disk 257G, 0.2h)
02:15:02 [meghalaya_groves/topic] q='pollination Meghalaya subtropical forests In': 1 new (cursor 69/150, q64, disk 257G, 0.2h)
02:15:04 [meghalaya_groves/topic] q='soil carbon Meghalaya subtropical forests In': 1 new (cursor 69/150, q63, disk 257G, 0.2h)
02:15:09 [meghalaya_groves/topic] q='mycorrhiza Meghalaya subtropical forests Ind': 0 new (cursor 69/150, q62, disk 257G, 0.2h)
02:15:10 [meghalaya_groves/topic] q='leaf phenology Meghalaya subtropical forests': 2 new (cursor 69/150, q61, disk 257G, 0.2h)
02:15:12 [meghalaya_groves/topic] q='fire regime Meghalaya subtropical forests In': 2 new (cursor 69/150, q60, disk 257G, 0.2h)
02:15:15 [meghalaya_groves/topic] q='grazing pressure Meghalaya subtropical fores': 1 new (cursor 69/150, q59, disk 257G, 0.2h)
02:15:16 [meghalaya_groves/topic] q='non-timber forest products Meghalaya subtrop': 0 new (cursor 69/150, q58, disk 257G, 0.2h)
02:15:18 [meghalaya_groves/topic] q='agroforestry Meghalaya subtropical forests I': 0 new (cursor 69/150, q57, disk 257G, 0.2h)
02:15:24 [meghalaya_groves/topic] q='groundwater recharge Meghalaya subtropical f': 2 new (cursor 69/150, q56, disk 257G, 0.2h)
02:15:25 [meghalaya_groves/topic] q='spring hydrology Meghalaya subtropical fores': 0 new (cursor 69/150, q55, disk 257G, 0.2h)
02:15:26 [meghalaya_groves/topic] q='canopy cover Meghalaya subtropical forests I': 0 new (cursor 69/150, q54, disk 257G, 0.2h)
02:15:27 [meghalaya_groves/topic] q='natural regeneration Meghalaya subtropical f': 1 new (cursor 69/150, q53, disk 257G, 0.2h)
02:15:29 [meghalaya_groves/topic] q='assisted natural regeneration Meghalaya subt': 1 new (cursor 69/150, q52, disk 257G, 0.2h)
02:15:31 [meghalaya_groves/topic] q='invasive species removal Meghalaya subtropic': 1 new (cursor 69/150, q51, disk 257G, 0.2h)
02:15:34 [meghalaya_groves/topic] q='native tree survival Meghalaya subtropical f': 0 new (cursor 69/150, q50, disk 257G, 0.2h)
02:15:38 [meghalaya_groves/topic] q='frugivory Meghalaya subtropical forests Indi': 0 new (cursor 69/150, q49, disk 257G, 0.2h)
02:15:42 [meghalaya_groves/topic] q='seed predation Meghalaya subtropical forests': 0 new (cursor 69/150, q48, disk 257G, 0.2h)
02:15:43 [meghalaya_groves/topic] q='dung beetle diversity Meghalaya subtropical ': 3 new (cursor 69/150, q47, disk 257G, 0.2h)
02:15:45 [meghalaya_groves/topic] q='butterfly diversity Meghalaya subtropical fo': 1 new (cursor 69/150, q46, disk 257G, 0.2h)
02:15:51 [meghalaya_groves/topic] q='odonate dragonfly Meghalaya subtropical fore': 0 new (cursor 69/150, q45, disk 257G, 0.2h)
02:15:52 [meghalaya_groves/topic] q='bird community Meghalaya subtropical forests': 1 new (cursor 69/150, q44, disk 257G, 0.2h)
02:15:54 [meghalaya_groves/topic] q='amphibian diversity Meghalaya subtropical fo': 2 new (cursor 69/150, q43, disk 257G, 0.2h)
02:15:56 [meghalaya_groves/topic] q='reptile survey Meghalaya subtropical forests': 2 new (cursor 69/150, q42, disk 257G, 0.2h)
02:15:59 [meghalaya_groves/topic] q='mammal camera trap Meghalaya subtropical for': 0 new (cursor 69/150, q41, disk 257G, 0.2h)
02:16:00 [meghalaya_groves/topic] q='elephant movement corridor Meghalaya subtrop': 0 new (cursor 69/150, q40, disk 257G, 0.2h)
02:16:01 [meghalaya_groves/topic] q='human elephant conflict Meghalaya subtropica': 1 new (cursor 69/150, q39, disk 257G, 0.2h)
02:16:03 [meghalaya_groves/topic] q='crop raiding Meghalaya subtropical forests I': 0 new (cursor 69/150, q38, disk 257G, 0.2h)
02:16:04 [meghalaya_groves/topic] q='dry season water stress Meghalaya subtropica': 0 new (cursor 69/150, q37, disk 257G, 0.2h)
02:16:05 [meghalaya_groves/topic] q='drought resilience Meghalaya subtropical for': 1 new (cursor 69/150, q36, disk 257G, 0.2h)
02:16:07 [meghalaya_groves/topic] q='carbon sequestration Meghalaya subtropical f': 0 new (cursor 69/150, q35, disk 257G, 0.2h)
02:16:09 [meghalaya_groves/topic] q='above ground biomass Meghalaya subtropical f': 1 new (cursor 69/150, q34, disk 257G, 0.2h)
02:16:10 [meghalaya_groves/topic] q='species distribution model Meghalaya subtrop': 0 new (cursor 69/150, q33, disk 257G, 0.2h)
02:16:12 [meghalaya_groves/topic] q='habitat connectivity Meghalaya subtropical f': 0 new (cursor 69/150, q32, disk 257G, 0.2h)
02:16:13 [meghalaya_groves/topic] q='edge effect Meghalaya subtropical forests In': 0 new (cursor 69/150, q31, disk 257G, 0.2h)
02:16:14 [meghalaya_groves/topic] q='forest fragmentation Meghalaya subtropical f': 0 new (cursor 69/150, q30, disk 257G, 0.2h)
02:16:16 [meghalaya_groves/topic] q='litter decomposition Meghalaya subtropical f': 1 new (cursor 69/150, q29, disk 257G, 0.2h)
02:16:17 [meghalaya_groves/topic] q='nutrient cycling Meghalaya subtropical fores': 0 new (cursor 69/150, q28, disk 257G, 0.2h)
02:16:18 [meghalaya_groves/topic] q='water quality Meghalaya subtropical forests ': 1 new (cursor 69/150, q27, disk 257G, 0.2h)
02:16:21 [meghalaya_groves/topic] q='fodder grass Meghalaya subtropical forests I': 2 new (cursor 69/150, q26, disk 257G, 0.2h)
02:16:23 [meghalaya_groves/topic] q='fuelwood Meghalaya subtropical forests India': 1 new (cursor 69/150, q25, disk 257G, 0.2h)
02:16:24 [meghalaya_groves/topic] q='wild honey Meghalaya subtropical forests Ind': 0 new (cursor 69/150, q24, disk 257G, 0.2h)
02:16:26 [meghalaya_groves/topic] q='ethnobotany Meghalaya subtropical forests In': 0 new (cursor 69/150, q23, disk 257G, 0.2h)
02:16:27 [meghalaya_groves/topic] q='tribal forest livelihood Meghalaya subtropic': 0 new (cursor 69/150, q22, disk 257G, 0.2h)
02:16:29 [meghalaya_groves/topic] q='restoration economics Meghalaya subtropical ': 0 new (cursor 69/150, q21, disk 257G, 0.2h)
02:16:30 [meghalaya_groves/topic] q='seedling nursery survival Meghalaya subtropi': 0 new (cursor 69/150, q20, disk 257G, 0.2h)
02:16:31 [meghalaya_groves/topic] q='tank irrigation Meghalaya subtropical forest': 0 new (cursor 69/150, q19, disk 257G, 0.2h)
02:16:32 [meghalaya_groves/topic] q='millet farming Meghalaya subtropical forests': 1 new (cursor 69/150, q18, disk 257G, 0.2h)
02:16:36 [meghalaya_groves/topic] q='sacred grove Meghalaya subtropical forests I': 2 new (cursor 69/150, q17, disk 257G, 0.2h)
02:16:39 [meghalaya_groves/topic] q='lantana management Meghalaya subtropical for': 0 new (cursor 69/150, q16, disk 257G, 0.2h)
02:16:40 [meghalaya_groves/invasives] q='invasives Meghalaya subtropical forests ecol': 0 new (cursor 69/150, q15, disk 257G, 0.2h)
02:16:41 [meghalaya_groves/invasives] q='invasives Meghalaya subtropical forests impa': 0 new (cursor 69/150, q14, disk 257G, 0.2h)
02:16:43 [meghalaya_groves/invasives] q='invasives Meghalaya subtropical forests moni': 0 new (cursor 69/150, q13, disk 257G, 0.2h)
02:16:44 [meghalaya_groves/invasives] q='invasives Meghalaya subtropical forests dist': 0 new (cursor 69/150, q12, disk 257G, 0.2h)
02:16:48 [meghalaya_groves/invasives] q='invasives Meghalaya subtropical forests popu': 1 new (cursor 69/150, q11, disk 257G, 0.2h)
02:16:51 [meghalaya_groves/invasives] q='invasives Meghalaya subtropical forests clim': 0 new (cursor 69/150, q10, disk 257G, 0.2h)
02:16:52 [meghalaya_groves/invasives] q='invasives Meghalaya subtropical forests mana': 0 new (cursor 69/150, q9, disk 257G, 0.2h)
02:16:53 [meghalaya_groves/restoration] q='restoration Meghalaya subtropical forests ec': 0 new (cursor 69/150, q8, disk 257G, 0.2h)
02:16:55 [meghalaya_groves/restoration] q='restoration Meghalaya subtropical forests im': 0 new (cursor 69/150, q7, disk 257G, 0.2h)
02:16:56 [meghalaya_groves/restoration] q='restoration Meghalaya subtropical forests mo': 0 new (cursor 69/150, q6, disk 257G, 0.2h)
02:16:57 [meghalaya_groves/restoration] q='restoration Meghalaya subtropical forests di': 0 new (cursor 69/150, q5, disk 257G, 0.2h)
02:16:59 [meghalaya_groves/restoration] q='restoration Meghalaya subtropical forests po': 0 new (cursor 69/150, q4, disk 257G, 0.2h)
02:17:00 [meghalaya_groves/restoration] q='restoration Meghalaya subtropical forests cl': 0 new (cursor 69/150, q3, disk 257G, 0.2h)
02:17:01 [meghalaya_groves/restoration] q='restoration Meghalaya subtropical forests ma': 0 new (cursor 69/150, q2, disk 257G, 0.2h)
02:17:03 [meghalaya_groves/biodiversity] q='biodiversity Meghalaya subtropical forests e': 0 new (cursor 69/150, q1, disk 257G, 0.2h)
02:17:04 [meghalaya_groves/biodiversity] q='biodiversity Meghalaya subtropical forests i': 0 new (cursor 69/150, q0, disk 257G, 0.2h)
02:17:05 [meghalaya_groves/biodiversity] q='biodiversity Meghalaya subtropical forests m': 1 new (cursor 69/150, q32, disk 257G, 0.2h)
02:17:19 [meghalaya_groves/biodiversity] q='biodiversity Meghalaya subtropical forests d': 0 new (cursor 70/150, q31, disk 257G, 0.2h)
02:17:20 [meghalaya_groves/biodiversity] q='biodiversity Meghalaya subtropical forests p': 0 new (cursor 70/150, q30, disk 257G, 0.2h)
02:17:21 [meghalaya_groves/biodiversity] q='biodiversity Meghalaya subtropical forests c': 0 new (cursor 70/150, q29, disk 257G, 0.2h)
02:17:23 [meghalaya_groves/biodiversity] q='biodiversity Meghalaya subtropical forests m': 0 new (cursor 70/150, q28, disk 257G, 0.2h)
02:17:24 [meghalaya_groves/water] q='water Meghalaya subtropical forests ecology ': 0 new (cursor 70/150, q27, disk 257G, 0.2h)
02:17:25 [meghalaya_groves/water] q='water Meghalaya subtropical forests impact I': 0 new (cursor 70/150, q26, disk 257G, 0.2h)
02:17:26 [meghalaya_groves/water] q='water Meghalaya subtropical forests monitori': 0 new (cursor 70/150, q25, disk 257G, 0.2h)
02:17:28 [meghalaya_groves/water] q='water Meghalaya subtropical forests distribu': 0 new (cursor 70/150, q24, disk 257G, 0.2h)
02:17:29 [meghalaya_groves/water] q='water Meghalaya subtropical forests populati': 0 new (cursor 70/150, q23, disk 257G, 0.2h)
02:17:30 [meghalaya_groves/water] q='water Meghalaya subtropical forests climate ': 0 new (cursor 70/150, q22, disk 257G, 0.2h)
02:17:32 [meghalaya_groves/water] q='water Meghalaya subtropical forests manageme': 0 new (cursor 70/150, q21, disk 257G, 0.2h)
02:17:33 [meghalaya_groves/elephants] q='elephants Meghalaya subtropical forests ecol': 1 new (cursor 70/150, q20, disk 257G, 0.2h)
02:17:35 [meghalaya_groves/elephants] q='elephants Meghalaya subtropical forests impa': 0 new (cursor 70/150, q19, disk 257G, 0.2h)
02:17:36 [meghalaya_groves/elephants] q='elephants Meghalaya subtropical forests moni': 0 new (cursor 70/150, q18, disk 257G, 0.2h)
02:17:38 [meghalaya_groves/elephants] q='elephants Meghalaya subtropical forests dist': 0 new (cursor 70/150, q17, disk 257G, 0.2h)
02:17:39 [meghalaya_groves/elephants] q='elephants Meghalaya subtropical forests popu': 0 new (cursor 70/150, q16, disk 257G, 0.2h)
02:17:40 [meghalaya_groves/elephants] q='elephants Meghalaya subtropical forests clim': 0 new (cursor 70/150, q15, disk 257G, 0.2h)
02:17:42 [meghalaya_groves/elephants] q='elephants Meghalaya subtropical forests mana': 0 new (cursor 70/150, q14, disk 257G, 0.2h)
02:17:43 [meghalaya_groves/livelihoods] q='livelihoods Meghalaya subtropical forests ec': 0 new (cursor 70/150, q13, disk 257G, 0.2h)
02:17:44 [meghalaya_groves/livelihoods] q='livelihoods Meghalaya subtropical forests im': 0 new (cursor 70/150, q12, disk 257G, 0.2h)
02:17:45 [meghalaya_groves/livelihoods] q='livelihoods Meghalaya subtropical forests mo': 0 new (cursor 70/150, q11, disk 257G, 0.2h)
02:17:47 [meghalaya_groves/livelihoods] q='livelihoods Meghalaya subtropical forests di': 0 new (cursor 70/150, q10, disk 257G, 0.2h)
02:17:48 [meghalaya_groves/livelihoods] q='livelihoods Meghalaya subtropical forests po': 0 new (cursor 70/150, q9, disk 257G, 0.2h)
02:17:49 [meghalaya_groves/livelihoods] q='livelihoods Meghalaya subtropical forests cl': 0 new (cursor 70/150, q8, disk 257G, 0.2h)
02:17:51 [meghalaya_groves/livelihoods] q='livelihoods Meghalaya subtropical forests ma': 0 new (cursor 70/150, q7, disk 257G, 0.2h)
02:17:52 [meghalaya_groves/nurseries] q='nurseries Meghalaya subtropical forests ecol': 1 new (cursor 70/150, q6, disk 257G, 0.2h)
02:17:53 [meghalaya_groves/nurseries] q='nurseries Meghalaya subtropical forests impa': 0 new (cursor 70/150, q5, disk 257G, 0.2h)
02:17:55 [meghalaya_groves/nurseries] q='nurseries Meghalaya subtropical forests moni': 0 new (cursor 70/150, q4, disk 257G, 0.2h)
02:17:56 [meghalaya_groves/nurseries] q='nurseries Meghalaya subtropical forests dist': 0 new (cursor 70/150, q3, disk 257G, 0.2h)
02:17:57 [meghalaya_groves/nurseries] q='nurseries Meghalaya subtropical forests popu': 0 new (cursor 70/150, q2, disk 257G, 0.2h)
02:17:58 [meghalaya_groves/nurseries] q='nurseries Meghalaya subtropical forests clim': 0 new (cursor 70/150, q1, disk 257G, 0.2h)
02:18:00 [meghalaya_groves/nurseries] q='nurseries Meghalaya subtropical forests mana': 0 new (cursor 70/150, q0, disk 257G, 0.2h)
02:18:20 [refresh] re-measured AOI species occurrence trends
02:18:20 [idle #1] no new queries; refreshed measurements, sleeping
02:20:37 [refresh] re-measured AOI species occurrence trends
02:20:37 [idle #2] no new queries; refreshed measurements, sleeping
02:22:53 [refresh] re-measured AOI species occurrence trends
02:22:53 [idle #3] no new queries; refreshed measurements, sleeping
02:25:12 [refresh] re-measured AOI species occurrence trends
02:25:12 [idle #4] no new queries; refreshed measurements, sleeping
02:27:28 [refresh] re-measured AOI species occurrence trends
02:27:28 [idle #5] no new queries; refreshed measurements, sleeping
02:30:31 [elephants_by_the_lake/invasives] q='invasives South Deccan Plateau dry deciduous': 0 new (cursor 70/150, q34, disk 257G, 0.0h)
02:30:49 [hypothesis:elephants_by_the_lake/invasives] Satellite greening (NDVI slope +0.014) and measured vegetation cover align with shrubland 
02:30:51 [elephants_by_the_lake/restoration] q='restoration South Deccan Plateau dry deciduo': 0 new (cursor 71/150, q33, disk 257G, 0.0h)
02:30:52 [elephants_by_the_lake/biodiversity] q='biodiversity South Deccan Plateau dry decidu': 0 new (cursor 71/150, q32, disk 257G, 0.0h)
02:30:53 [elephants_by_the_lake/water] q='water South Deccan Plateau dry deciduous for': 0 new (cursor 71/150, q31, disk 257G, 0.0h)
02:30:55 [elephants_by_the_lake/elephants] q='elephants South Deccan Plateau dry deciduous': 0 new (cursor 71/150, q30, disk 257G, 0.0h)
02:30:59 [elephants_by_the_lake/livelihoods] q='livelihoods South Deccan Plateau dry deciduo': 0 new (cursor 71/150, q29, disk 257G, 0.0h)
02:31:04 [elephants_by_the_lake/nurseries] q='nurseries South Deccan Plateau dry deciduous': 0 new (cursor 71/150, q28, disk 257G, 0.0h)
02:31:05 [anamalai_nilgiris/invasives] q='invasives South Western Ghats montane rain f': 0 new (cursor 71/150, q27, disk 257G, 0.0h)
02:31:07 [anamalai_nilgiris/restoration] q='restoration South Western Ghats montane rain': 0 new (cursor 71/150, q26, disk 257G, 0.0h)
02:31:08 [anamalai_nilgiris/biodiversity] q='biodiversity South Western Ghats montane rai': 0 new (cursor 71/150, q25, disk 257G, 0.0h)
02:31:09 [anamalai_nilgiris/water] q='water South Western Ghats montane rain fores': 0 new (cursor 71/150, q24, disk 257G, 0.0h)
02:31:11 [anamalai_nilgiris/elephants] q='elephants South Western Ghats montane rain f': 0 new (cursor 71/150, q23, disk 257G, 0.0h)
02:31:12 [anamalai_nilgiris/livelihoods] q='livelihoods South Western Ghats montane rain': 0 new (cursor 71/150, q22, disk 257G, 0.0h)
02:31:20 [anamalai_nilgiris/nurseries] q='nurseries South Western Ghats montane rain f': 0 new (cursor 71/150, q21, disk 257G, 0.0h)
02:31:26 [kanha_central_india/invasives] q='invasives Central Deccan Plateau dry deciduo': 0 new (cursor 71/150, q20, disk 257G, 0.0h)
02:31:27 [kanha_central_india/restoration] q='restoration Central Deccan Plateau dry decid': 0 new (cursor 71/150, q19, disk 257G, 0.0h)
02:31:28 [kanha_central_india/biodiversity] q='biodiversity Central Deccan Plateau dry deci': 0 new (cursor 71/150, q18, disk 257G, 0.0h)
02:31:30 [kanha_central_india/water] q='water Central Deccan Plateau dry deciduous f': 0 new (cursor 71/150, q17, disk 257G, 0.0h)
02:31:31 [kanha_central_india/elephants] q='elephants Central Deccan Plateau dry deciduo': 0 new (cursor 71/150, q16, disk 257G, 0.0h)
02:31:37 [kanha_central_india/livelihoods] q='livelihoods Central Deccan Plateau dry decid': 0 new (cursor 71/150, q15, disk 257G, 0.0h)
02:31:41 [kanha_central_india/nurseries] q='nurseries Central Deccan Plateau dry deciduo': 0 new (cursor 71/150, q14, disk 257G, 0.0h)
02:31:47 [aravalli_fes/invasives] q='invasives Northwestern thorn scrub forests r': 0 new (cursor 71/150, q13, disk 257G, 0.0h)
02:31:48 [aravalli_fes/restoration] q='restoration Northwestern thorn scrub forests': 0 new (cursor 71/150, q12, disk 257G, 0.0h)
02:31:49 [aravalli_fes/biodiversity] q='biodiversity Northwestern thorn scrub forest': 0 new (cursor 71/150, q11, disk 257G, 0.0h)
02:31:50 [aravalli_fes/water] q='water Northwestern thorn scrub forests resto': 0 new (cursor 71/150, q10, disk 257G, 0.0h)
02:31:52 [aravalli_fes/elephants] q='elephants Northwestern thorn scrub forests r': 0 new (cursor 71/150, q9, disk 257G, 0.0h)
02:31:53 [aravalli_fes/livelihoods] q='livelihoods Northwestern thorn scrub forests': 0 new (cursor 71/150, q8, disk 257G, 0.0h)
02:31:58 [aravalli_fes/nurseries] q='nurseries Northwestern thorn scrub forests r': 0 new (cursor 71/150, q7, disk 257G, 0.0h)
02:32:03 [meghalaya_groves/invasives] q='invasives Meghalaya subtropical forests rest': 0 new (cursor 71/150, q6, disk 257G, 0.0h)
02:32:04 [meghalaya_groves/restoration] q='restoration Meghalaya subtropical forests re': 0 new (cursor 71/150, q5, disk 257G, 0.0h)
02:32:05 [meghalaya_groves/biodiversity] q='biodiversity Meghalaya subtropical forests r': 0 new (cursor 71/150, q4, disk 257G, 0.0h)
02:32:06 [meghalaya_groves/water] q='water Meghalaya subtropical forests restorat': 0 new (cursor 71/150, q3, disk 257G, 0.0h)
02:32:08 [meghalaya_groves/elephants] q='elephants Meghalaya subtropical forests rest': 0 new (cursor 71/150, q2, disk 257G, 0.0h)
02:32:09 [meghalaya_groves/livelihoods] q='livelihoods Meghalaya subtropical forests re': 0 new (cursor 71/150, q1, disk 257G, 0.0h)
02:32:10 [meghalaya_groves/nurseries] q='nurseries Meghalaya subtropical forests rest': 0 new (cursor 71/150, q0, disk 257G, 0.0h)
02:32:39 [discover] catalogued 10 new species occurrence trends
02:32:57 [refresh] re-measured AOI species occurrence trends
02:32:57 [idle #0] queue empty; discovered 10 species, refreshed; sleeping
02:34:57 [elephants_by_the_lake/snowball] q='Merops orientalis ecology India': 1 new (cursor 71/150, q29, disk 257G, 0.1h)
02:35:00 [elephants_by_the_lake/snowball] q='Merops orientalis impact India': 0 new (cursor 71/150, q28, disk 257G, 0.1h)
02:35:01 [elephants_by_the_lake/snowball] q='Merops orientalis monitoring India': 1 new (cursor 71/150, q27, disk 257G, 0.1h)
02:35:03 [elephants_by_the_lake/snowball] q='Cinnyris asiaticus ecology India': 2 new (cursor 71/150, q26, disk 257G, 0.1h)
02:35:07 [elephants_by_the_lake/snowball] q='Cinnyris asiaticus impact India': 1 new (cursor 71/150, q25, disk 257G, 0.1h)
02:35:09 [elephants_by_the_lake/snowball] q='Cinnyris asiaticus monitoring India': 1 new (cursor 71/150, q24, disk 257G, 0.1h)
02:35:11 [elephants_by_the_lake/snowball] q='Corvus splendens ecology India': 2 new (cursor 71/150, q23, disk 257G, 0.1h)
02:35:15 [elephants_by_the_lake/snowball] q='Corvus splendens impact India': 2 new (cursor 71/150, q22, disk 257G, 0.1h)
02:35:19 [elephants_by_the_lake/snowball] q='Corvus splendens monitoring India': 0 new (cursor 71/150, q21, disk 257G, 0.1h)
02:35:20 [elephants_by_the_lake/snowball] q='Saxicola caprata ecology India': 2 new (cursor 71/150, q20, disk 257G, 0.1h)
02:35:24 [elephants_by_the_lake/snowball] q='Saxicola caprata impact India': 1 new (cursor 71/150, q19, disk 257G, 0.1h)
02:35:26 [elephants_by_the_lake/snowball] q='Saxicola caprata monitoring India': 0 new (cursor 71/150, q18, disk 257G, 0.1h)
02:35:33 [elephants_by_the_lake/snowball] q='Leptocoma zeylonica ecology India': 3 new (cursor 71/150, q17, disk 257G, 0.1h)
02:35:40 [elephants_by_the_lake/snowball] q='Leptocoma zeylonica impact India': 0 new (cursor 71/150, q16, disk 257G, 0.1h)
02:35:44 [elephants_by_the_lake/snowball] q='Leptocoma zeylonica monitoring India': 0 new (cursor 71/150, q15, disk 257G, 0.1h)
02:35:45 [elephants_by_the_lake/snowball] q='Psittacula krameri ecology India': 2 new (cursor 71/150, q14, disk 257G, 0.1h)
02:35:49 [elephants_by_the_lake/snowball] q='Psittacula krameri impact India': 1 new (cursor 71/150, q13, disk 257G, 0.1h)
02:35:51 [elephants_by_the_lake/snowball] q='Psittacula krameri monitoring India': 1 new (cursor 71/150, q12, disk 257G, 0.1h)
02:35:54 [elephants_by_the_lake/snowball] q='Halcyon smyrnensis ecology India': 1 new (cursor 71/150, q11, disk 257G, 0.1h)
02:35:56 [elephants_by_the_lake/snowball] q='Halcyon smyrnensis impact India': 1 new (cursor 71/150, q10, disk 257G, 0.1h)
02:35:57 [elephants_by_the_lake/snowball] q='Halcyon smyrnensis monitoring India': 0 new (cursor 71/150, q9, disk 257G, 0.1h)
02:35:58 [elephants_by_the_lake/snowball] q='Pycnonotus cafer ecology India': 1 new (cursor 71/150, q8, disk 257G, 0.1h)
02:36:00 [elephants_by_the_lake/snowball] q='Pycnonotus cafer impact India': 1 new (cursor 71/150, q7, disk 257G, 0.1h)
02:36:03 [elephants_by_the_lake/snowball] q='Pycnonotus cafer monitoring India': 0 new (cursor 71/150, q6, disk 257G, 0.1h)
02:36:05 [elephants_by_the_lake/snowball] q='Acridotheres tristis ecology India': 2 new (cursor 71/150, q5, disk 257G, 0.1h)
02:36:08 [elephants_by_the_lake/snowball] q='Acridotheres tristis impact India': 0 new (cursor 71/150, q4, disk 257G, 0.1h)
02:36:09 [elephants_by_the_lake/snowball] q='Acridotheres tristis monitoring India': 0 new (cursor 71/150, q3, disk 257G, 0.1h)
02:36:10 [elephants_by_the_lake/snowball] q='Dicrurus macrocercus ecology India': 2 new (cursor 71/150, q2, disk 257G, 0.1h)
02:36:16 [elephants_by_the_lake/snowball] q='Dicrurus macrocercus impact India': 0 new (cursor 71/150, q1, disk 257G, 0.1h)
02:36:17 [elephants_by_the_lake/snowball] q='Dicrurus macrocercus monitoring India': 1 new (cursor 71/150, q0, disk 257G, 0.1h)
02:37:04 [discover] catalogued 10 new species occurrence trends
02:37:20 [refresh] re-measured AOI species occurrence trends
02:37:20 [idle #0] queue empty; discovered 10 species, refreshed; sleeping
02:39:22 [elephants_by_the_lake/snowball] q='Saxicoloides fulicatus ecology India': 0 new (cursor 71/150, q20, disk 257G, 0.2h)
02:39:39 [hypothesis:elephants_by_the_lake/snowball] Active restoration on this Krishnagiri shrubland parcel is likely driving sustained greeni
02:39:40 [elephants_by_the_lake/snowball] q='Saxicoloides fulicatus impact India': 0 new (cursor 72/150, q19, disk 257G, 0.2h)
02:39:41 [elephants_by_the_lake/snowball] q='Saxicoloides fulicatus monitoring India': 0 new (cursor 72/150, q18, disk 257G, 0.2h)
02:39:43 [elephants_by_the_lake/snowball] q='Prinia socialis ecology India': 1 new (cursor 72/150, q17, disk 257G, 0.2h)
02:39:46 [elephants_by_the_lake/snowball] q='Prinia socialis impact India': 0 new (cursor 72/150, q16, disk 257G, 0.2h)
02:39:48 [elephants_by_the_lake/snowball] q='Prinia socialis monitoring India': 0 new (cursor 72/150, q15, disk 257G, 0.2h)
02:39:49 [elephants_by_the_lake/snowball] q='Spilopelia senegalensis ecology India': 1 new (cursor 72/150, q14, disk 257G, 0.2h)
02:39:51 [elephants_by_the_lake/snowball] q='Spilopelia senegalensis impact India': 1 new (cursor 72/150, q13, disk 257G, 0.2h)
02:39:53 [elephants_by_the_lake/snowball] q='Spilopelia senegalensis monitoring India': 0 new (cursor 72/150, q12, disk 257G, 0.2h)
02:39:54 [elephants_by_the_lake/snowball] q='Psilopogon viridis ecology India': 0 new (cursor 72/150, q11, disk 257G, 0.2h)
02:40:00 [elephants_by_the_lake/snowball] q='Psilopogon viridis impact India': 3 new (cursor 72/150, q10, disk 257G, 0.2h)
02:40:06 [elephants_by_the_lake/snowball] q='Psilopogon viridis monitoring India': 0 new (cursor 72/150, q9, disk 257G, 0.2h)
02:40:07 [elephants_by_the_lake/snowball] q='Corvus macrorhynchos ecology India': 0 new (cursor 72/150, q8, disk 257G, 0.2h)
02:40:09 [elephants_by_the_lake/snowball] q='Corvus macrorhynchos impact India': 0 new (cursor 72/150, q7, disk 257G, 0.2h)
02:40:10 [elephants_by_the_lake/snowball] q='Corvus macrorhynchos monitoring India': 1 new (cursor 72/150, q6, disk 257G, 0.2h)
02:40:12 [elephants_by_the_lake/snowball] q='Pycnonotus jocosus ecology India': 1 new (cursor 72/150, q5, disk 257G, 0.2h)
02:40:14 [elephants_by_the_lake/snowball] q='Pycnonotus jocosus impact India': 0 new (cursor 72/150, q4, disk 257G, 0.2h)
02:40:15 [elephants_by_the_lake/snowball] q='Pycnonotus jocosus monitoring India': 1 new (cursor 72/150, q3, disk 257G, 0.2h)
02:40:18 [elephants_by_the_lake/snowball] q='Spilopelia chinensis ecology India': 1 new (cursor 72/150, q2, disk 257G, 0.2h)
02:40:20 [elephants_by_the_lake/snowball] q='Spilopelia chinensis impact India': 0 new (cursor 72/150, q1, disk 257G, 0.2h)
02:40:22 [elephants_by_the_lake/snowball] q='Spilopelia chinensis monitoring India': 0 new (cursor 72/150, q0, disk 257G, 0.2h)
02:41:06 [discover] catalogued 10 new species occurrence trends
02:41:25 [refresh] re-measured AOI species occurrence trends
02:41:25 [idle #0] queue empty; discovered 10 species, refreshed; sleeping
02:43:26 [elephants_by_the_lake/snowball] q='Turdoides affinis ecology India': 2 new (cursor 72/150, q17, disk 257G, 0.2h)
02:43:28 [elephants_by_the_lake/snowball] q='Turdoides affinis impact India': 1 new (cursor 72/150, q16, disk 257G, 0.2h)
02:43:30 [elephants_by_the_lake/snowball] q='Turdoides affinis monitoring India': 0 new (cursor 72/150, q15, disk 257G, 0.2h)
02:43:32 [elephants_by_the_lake/snowball] q='Orthotomus sutorius ecology India': 1 new (cursor 72/150, q14, disk 257G, 0.2h)
02:43:35 [elephants_by_the_lake/snowball] q='Orthotomus sutorius impact India': 0 new (cursor 72/150, q13, disk 257G, 0.2h)
02:43:36 [elephants_by_the_lake/snowball] q='Orthotomus sutorius monitoring India': 0 new (cursor 72/150, q12, disk 257G, 0.2h)
02:43:37 [elephants_by_the_lake/snowball] q='Centropus sinensis ecology India': 0 new (cursor 72/150, q11, disk 257G, 0.2h)
02:43:39 [elephants_by_the_lake/snowball] q='Centropus sinensis impact India': 0 new (cursor 72/150, q10, disk 257G, 0.2h)
02:43:40 [elephants_by_the_lake/snowball] q='Centropus sinensis monitoring India': 0 new (cursor 72/150, q9, disk 257G, 0.2h)
02:43:41 [elephants_by_the_lake/snowball] q='Columba livia ecology India': 3 new (cursor 72/150, q8, disk 257G, 0.2h)
02:43:46 [elephants_by_the_lake/snowball] q='Columba livia impact India': 2 new (cursor 72/150, q7, disk 257G, 0.2h)
02:43:49 [elephants_by_the_lake/snowball] q='Columba livia monitoring India': 2 new (cursor 72/150, q6, disk 257G, 0.2h)
02:43:53 [elephants_by_the_lake/snowball] q='Copsychus saularis ecology India': 1 new (cursor 72/150, q5, disk 257G, 0.2h)
02:43:55 [elephants_by_the_lake/snowball] q='Copsychus saularis impact India': 0 new (cursor 72/150, q4, disk 257G, 0.2h)
02:43:56 [elephants_by_the_lake/snowball] q='Copsychus saularis monitoring India': 1 new (cursor 72/150, q3, disk 257G, 0.2h)
02:43:59 [elephants_by_the_lake/snowball] q='Pavo cristatus ecology India': 2 new (cursor 72/150, q2, disk 257G, 0.2h)
02:44:00 [elephants_by_the_lake/snowball] q='Pavo cristatus impact India': 2 new (cursor 72/150, q1, disk 257G, 0.2h)
02:44:02 [elephants_by_the_lake/snowball] q='Pavo cristatus monitoring India': 2 new (cursor 72/150, q0, disk 257G, 0.2h)
02:45:06 [discover] catalogued 10 new species occurrence trends
02:45:23 [refresh] re-measured AOI species occurrence trends
02:45:23 [idle #0] queue empty; discovered 10 species, refreshed; sleeping
02:47:24 [elephants_by_the_lake/snowball] q='Turdoides striata ecology India': 0 new (cursor 72/150, q17, disk 257G, 0.3h)
02:47:41 [hypothesis:elephants_by_the_lake/snowball] Shrubland at this Krishnagiri site is greening on satellite (positive NDVI trend) and fiel
02:47:41 [elephants_by_the_lake/snowball] q='Turdoides striata impact India': 0 new (cursor 73/150, q16, disk 257G, 0.3h)
02:47:43 [elephants_by_the_lake/snowball] q='Turdoides striata monitoring India': 0 new (cursor 73/150, q15, disk 257G, 0.3h)
02:47:44 [elephants_by_the_lake/snowball] q='Dendrocitta vagabunda ecology India': 1 new (cursor 73/150, q14, disk 257G, 0.3h)
02:47:46 [elephants_by_the_lake/snowball] q='Dendrocitta vagabunda impact India': 0 new (cursor 73/150, q13, disk 257G, 0.3h)
02:47:47 [elephants_by_the_lake/snowball] q='Dendrocitta vagabunda monitoring India': 1 new (cursor 73/150, q12, disk 257G, 0.3h)
02:47:49 [elephants_by_the_lake/snowball] q='Dicrurus paradiseus ecology India': 1 new (cursor 73/150, q11, disk 257G, 0.3h)
02:47:51 [elephants_by_the_lake/snowball] q='Dicrurus paradiseus impact India': 2 new (cursor 73/150, q10, disk 257G, 0.3h)
02:47:54 [elephants_by_the_lake/snowball] q='Dicrurus paradiseus monitoring India': 0 new (cursor 73/150, q9, disk 257G, 0.3h)
02:47:55 [elephants_by_the_lake/snowball] q='Oriolus xanthornus ecology India': 2 new (cursor 73/150, q8, disk 257G, 0.3h)
02:47:58 [elephants_by_the_lake/snowball] q='Oriolus xanthornus impact India': 1 new (cursor 73/150, q7, disk 257G, 0.3h)
02:48:01 [elephants_by_the_lake/snowball] q='Oriolus xanthornus monitoring India': 0 new (cursor 73/150, q6, disk 257G, 0.3h)
02:48:03 [elephants_by_the_lake/snowball] q='Psilopogon zeylanicus ecology India': 1 new (cursor 73/150, q5, disk 257G, 0.3h)
02:48:08 [elephants_by_the_lake/snowball] q='Psilopogon zeylanicus impact India': 3 new (cursor 73/150, q4, disk 257G, 0.3h)
02:48:09 [elephants_by_the_lake/snowball] q='Psilopogon zeylanicus monitoring India': 0 new (cursor 73/150, q3, disk 257G, 0.3h)
02:48:10 [elephants_by_the_lake/snowball] q='Psilopogon haemacephalus ecology India': 0 new (cursor 73/150, q2, disk 257G, 0.3h)
02:48:11 [elephants_by_the_lake/snowball] q='Psilopogon haemacephalus impact India': 0 new (cursor 73/150, q1, disk 257G, 0.3h)
02:48:13 [elephants_by_the_lake/snowball] q='Psilopogon haemacephalus monitoring India': 0 new (cursor 73/150, q0, disk 257G, 0.3h)
02:49:31 [discover] catalogued 10 new species occurrence trends
02:49:49 [refresh] re-measured AOI species occurrence trends
02:49:49 [idle #0] queue empty; discovered 10 species, refreshed; sleeping
02:51:50 [elephants_by_the_lake/snowball] q='Cuculus varius ecology India': 1 new (cursor 73/150, q8, disk 257G, 0.4h)
02:51:51 [elephants_by_the_lake/snowball] q='Cuculus varius impact India': 1 new (cursor 73/150, q7, disk 257G, 0.4h)
02:51:52 [elephants_by_the_lake/snowball] q='Cuculus varius monitoring India': 0 new (cursor 73/150, q6, disk 257G, 0.4h)
02:51:53 [elephants_by_the_lake/snowball] q='Vanellus indicus ecology India': 2 new (cursor 73/150, q5, disk 257G, 0.4h)
02:51:58 [elephants_by_the_lake/snowball] q='Vanellus indicus impact India': 1 new (cursor 73/150, q4, disk 257G, 0.4h)
02:52:00 [elephants_by_the_lake/snowball] q='Vanellus indicus monitoring India': 0 new (cursor 73/150, q3, disk 257G, 0.4h)
02:52:01 [elephants_by_the_lake/snowball] q='Streptopelia decaocto ecology India': 0 new (cursor 73/150, q2, disk 257G, 0.4h)
02:52:02 [elephants_by_the_lake/snowball] q='Streptopelia decaocto impact India': 1 new (cursor 73/150, q1, disk 257G, 0.4h)
02:52:04 [elephants_by_the_lake/snowball] q='Streptopelia decaocto monitoring India': 1 new (cursor 73/150, q0, disk 257G, 0.4h)
02:53:23 [discover] catalogued 10 new species occurrence trends
02:53:39 [refresh] re-measured AOI species occurrence trends
02:53:39 [idle #0] queue empty; discovered 10 species, refreshed; sleeping
02:55:40 [elephants_by_the_lake/snowball] q='Passer domesticus ecology India': 3 new (cursor 73/150, q8, disk 257G, 0.4h)
02:55:59 [elephants_by_the_lake/snowball] q='Passer domesticus impact India': 1 new (cursor 74/150, q7, disk 257G, 0.4h)
02:56:01 [elephants_by_the_lake/snowball] q='Passer domesticus monitoring India': 1 new (cursor 74/150, q6, disk 257G, 0.4h)
02:56:04 [elephants_by_the_lake/snowball] q='Turdoides malcolmi ecology India': 0 new (cursor 74/150, q5, disk 257G, 0.4h)
02:56:06 [elephants_by_the_lake/snowball] q='Turdoides malcolmi impact India': 0 new (cursor 74/150, q4, disk 257G, 0.4h)
02:56:07 [elephants_by_the_lake/snowball] q='Turdoides malcolmi monitoring India': 0 new (cursor 74/150, q3, disk 257G, 0.4h)
02:56:08 [elephants_by_the_lake/snowball] q='Ortygornis pondicerianus ecology India': 0 new (cursor 74/150, q2, disk 257G, 0.4h)
02:56:10 [elephants_by_the_lake/snowball] q='Ortygornis pondicerianus impact India': 0 new (cursor 74/150, q1, disk 257G, 0.4h)
02:56:11 [elephants_by_the_lake/snowball] q='Ortygornis pondicerianus monitoring India': 0 new (cursor 74/150, q0, disk 257G, 0.4h)
02:57:45 [discover] catalogued 10 new species occurrence trends
02:58:03 [refresh] re-measured AOI species occurrence trends
02:58:03 [idle #0] queue empty; discovered 10 species, refreshed; sleeping
03:00:04 [elephants_by_the_lake/snowball] q='Passer montanus ecology India': 0 new (cursor 74/150, q17, disk 257G, 0.5h)
03:00:05 [elephants_by_the_lake/snowball] q='Passer montanus impact India': 1 new (cursor 74/150, q16, disk 257G, 0.5h)
03:00:07 [elephants_by_the_lake/snowball] q='Passer montanus monitoring India': 1 new (cursor 74/150, q15, disk 257G, 0.5h)
03:00:09 [elephants_by_the_lake/snowball] q='Phylloscopus xanthoschistos ecology India': 3 new (cursor 74/150, q14, disk 257G, 0.5h)
03:00:14 [elephants_by_the_lake/snowball] q='Phylloscopus xanthoschistos impact India': 0 new (cursor 74/150, q13, disk 257G, 0.5h)
03:00:16 [elephants_by_the_lake/snowball] q='Phylloscopus xanthoschistos monitoring India': 0 new (cursor 74/150, q12, disk 257G, 0.5h)
03:00:17 [elephants_by_the_lake/snowball] q='Psilopogon asiaticus ecology India': 0 new (cursor 74/150, q11, disk 257G, 0.5h)
03:00:18 [elephants_by_the_lake/snowball] q='Psilopogon asiaticus impact India': 0 new (cursor 74/150, q10, disk 257G, 0.5h)
03:00:20 [elephants_by_the_lake/snowball] q='Psilopogon asiaticus monitoring India': 1 new (cursor 74/150, q9, disk 257G, 0.5h)
03:00:23 [elephants_by_the_lake/snowball] q='Zosterops palpebrosus ecology India': 2 new (cursor 74/150, q8, disk 257G, 0.5h)
03:00:28 [elephants_by_the_lake/snowball] q='Zosterops palpebrosus impact India': 2 new (cursor 74/150, q7, disk 257G, 0.5h)
03:00:32 [elephants_by_the_lake/snowball] q='Zosterops palpebrosus monitoring India': 0 new (cursor 74/150, q6, disk 257G, 0.5h)
03:00:37 [elephants_by_the_lake/snowball] q='Heterophasia gracilis ecology India': 3 new (cursor 74/150, q5, disk 257G, 0.5h)
03:00:55 [elephants_by_the_lake/snowball] q='Heterophasia gracilis impact India': 3 new (cursor 74/150, q4, disk 257G, 0.5h)
03:00:59 [elephants_by_the_lake/snowball] q='Heterophasia gracilis monitoring India': 0 new (cursor 74/150, q3, disk 257G, 0.5h)
03:01:00 [elephants_by_the_lake/snowball] q='Phylloscopus inornatus ecology India': 2 new (cursor 74/150, q2, disk 257G, 0.5h)
03:01:04 [elephants_by_the_lake/snowball] q='Phylloscopus inornatus impact India': 0 new (cursor 74/150, q1, disk 257G, 0.5h)
03:01:08 [elephants_by_the_lake/snowball] q='Phylloscopus inornatus monitoring India': 3 new (cursor 74/150, q0, disk 257G, 0.5h)
03:02:36 [discover] catalogued 5 new species occurrence trends
03:02:53 [refresh] re-measured AOI species occurrence trends
03:02:53 [idle #0] queue empty; discovered 5 species, refreshed; sleeping
03:04:54 [elephants_by_the_lake/snowball] q='Psilopogon virens ecology India': 1 new (cursor 74/150, q8, disk 257G, 0.6h)
03:05:20 [elephants_by_the_lake/snowball] q='Psilopogon virens impact India': 3 new (cursor 75/150, q7, disk 257G, 0.6h)
03:05:21 [elephants_by_the_lake/snowball] q='Psilopogon virens monitoring India': 0 new (cursor 75/150, q6, disk 257G, 0.6h)
03:05:22 [elephants_by_the_lake/snowball] q='Culicicapa ceylonensis ecology India': 2 new (cursor 75/150, q5, disk 257G, 0.6h)
03:05:27 [elephants_by_the_lake/snowball] q='Culicicapa ceylonensis impact India': 0 new (cursor 75/150, q4, disk 257G, 0.6h)
03:05:28 [elephants_by_the_lake/snowball] q='Culicicapa ceylonensis monitoring India': 0 new (cursor 75/150, q3, disk 257G, 0.6h)
03:05:29 [elephants_by_the_lake/snowball] q='Eumyias thalassinus ecology India': 0 new (cursor 75/150, q2, disk 257G, 0.6h)
03:05:30 [elephants_by_the_lake/snowball] q='Eumyias thalassinus impact India': 0 new (cursor 75/150, q1, disk 257G, 0.6h)
03:05:32 [elephants_by_the_lake/snowball] q='Eumyias thalassinus monitoring India': 0 new (cursor 75/150, q0, disk 257G, 0.6h)
03:07:11 [refresh] re-measured AOI species occurrence trends
03:07:11 [idle #1] queue empty; discovered 0 species, refreshed; sleeping
03:10:49 [refresh] re-measured AOI species occurrence trends
03:10:49 [idle #2] queue empty; discovered 0 species, refreshed; sleeping
03:14:29 [refresh] re-measured AOI species occurrence trends
03:14:29 [idle #3] queue empty; discovered 0 species, refreshed; sleeping
03:18:08 [refresh] re-measured AOI species occurrence trends
03:18:08 [idle #4] queue empty; discovered 0 species, refreshed; sleeping
03:21:48 [refresh] re-measured AOI species occurrence trends
03:21:48 [idle #5] queue empty; discovered 0 species, refreshed; sleeping
03:25:50 [refresh] re-measured AOI species occurrence trends
03:25:50 [idle #6] queue empty; discovered 0 species, refreshed; sleeping
03:30:03 [refresh] re-measured AOI species occurrence trends
03:30:03 [idle #7] queue empty; discovered 0 species, refreshed; sleeping
03:33:42 [refresh] re-measured AOI species occurrence trends
03:33:42 [idle #8] queue empty; discovered 0 species, refreshed; sleeping
03:50:24 [refresh] re-measured AOI species occurrence trends
03:50:24 [idle #9] queue empty; discovered 0 species, refreshed; sleeping
04:07:06 [refresh] re-measured AOI species occurrence trends
04:07:06 [idle #10] queue empty; discovered 0 species, refreshed; sleeping
04:23:48 [refresh] re-measured AOI species occurrence trends
04:23:48 [idle #11] queue empty; discovered 0 species, refreshed; sleeping
04:40:28 [refresh] re-measured AOI species occurrence trends
04:40:28 [idle #12] queue empty; discovered 0 species, refreshed; sleeping
04:57:23 [refresh] re-measured AOI species occurrence trends
04:57:23 [idle #13] queue empty; discovered 0 species, refreshed; sleeping
05:14:05 [refresh] re-measured AOI species occurrence trends
05:14:05 [idle #14] queue empty; discovered 0 species, refreshed; sleeping
05:30:48 [refresh] re-measured AOI species occurrence trends
05:30:48 [idle #15] queue empty; discovered 0 species, refreshed; sleeping
05:47:43 [refresh] re-measured AOI species occurrence trends
05:47:43 [idle #16] queue empty; discovered 0 species, refreshed; sleeping
06:04:25 [refresh] re-measured AOI species occurrence trends
06:04:25 [idle #17] queue empty; discovered 0 species, refreshed; sleeping
06:21:06 [refresh] re-measured AOI species occurrence trends
06:21:06 [idle #18] queue empty; discovered 0 species, refreshed; sleeping
06:37:47 [refresh] re-measured AOI species occurrence trends
06:37:47 [idle #19] queue empty; discovered 0 species, refreshed; sleeping
06:54:29 [refresh] re-measured AOI species occurrence trends
06:54:29 [idle #20] queue empty; discovered 0 species, refreshed; sleeping
07:11:09 [refresh] re-measured AOI species occurrence trends
07:11:09 [idle #21] queue empty; discovered 0 species, refreshed; sleeping
07:27:50 [refresh] re-measured AOI species occurrence trends
07:27:50 [idle #22] queue empty; discovered 0 species, refreshed; sleeping
07:44:31 [refresh] re-measured AOI species occurrence trends
07:44:31 [idle #23] queue empty; discovered 0 species, refreshed; sleeping
08:01:11 [refresh] re-measured AOI species occurrence trends
08:01:11 [idle #24] queue empty; discovered 0 species, refreshed; sleeping
08:17:52 [refresh] re-measured AOI species occurrence trends
08:17:52 [idle #25] queue empty; discovered 0 species, refreshed; sleeping
08:34:32 [refresh] re-measured AOI species occurrence trends
08:34:32 [idle #26] queue empty; discovered 0 species, refreshed; sleeping
08:51:13 [refresh] re-measured AOI species occurrence trends
08:51:13 [idle #27] queue empty; discovered 0 species, refreshed; sleeping
09:07:55 [refresh] re-measured AOI species occurrence trends
09:07:55 [idle #28] queue empty; discovered 0 species, refreshed; sleeping
09:24:35 [refresh] re-measured AOI species occurrence trends
09:24:35 [idle #29] queue empty; discovered 0 species, refreshed; sleeping
09:41:23 [refresh] re-measured AOI species occurrence trends
09:41:23 [idle #30] queue empty; discovered 0 species, refreshed; sleeping
